future,policy,demand_2050,gas_price,renewable_build,nuclear_delay,status,objective,system_cost,co2_total,co2_2023,coal_2023,gas_2023,nuclear_2023,wind_2023,solar_2023,co2_2024,coal_2024,gas_2024,nuclear_2024,wind_2024,solar_2024,co2_2025,coal_2025,gas_2025,nuclear_2025,wind_2025,solar_2025,co2_2026,coal_2026,gas_2026,nuclear_2026,wind_2026,solar_2026,co2_2027,coal_2027,gas_2027,nuclear_2027,wind_2027,solar_2027,co2_2028,coal_2028,gas_2028,nuclear_2028,wind_2028,solar_2028,co2_2029,coal_2029,gas_2029,nuclear_2029,wind_2029,solar_2029,co2_2030,coal_2030,gas_2030,nuclear_2030,wind_2030,solar_2030,co2_2031,coal_2031,gas_2031,nuclear_2031,wind_2031,solar_2031,co2_2032,coal_2032,gas_2032,nuclear_2032,wind_2032,solar_2032,co2_2033,coal_2033,gas_2033,nuclear_2033,wind_2033,solar_2033,co2_2034,coal_2034,gas_2034,nuclear_2034,wind_2034,solar_2034,co2_2035,coal_2035,gas_2035,nuclear_2035,wind_2035,solar_2035,co2_2036,coal_2036,gas_2036,nuclear_2036,wind_2036,solar_2036,co2_2037,coal_2037,gas_2037,nuclear_2037,wind_2037,solar_2037,co2_2038,coal_2038,gas_2038,nuclear_2038,wind_2038,solar_2038,co2_2039,coal_2039,gas_2039,nuclear_2039,wind_2039,solar_2039,co2_2040,coal_2040,gas_2040,nuclear_2040,wind_2040,solar_2040,co2_2041,coal_2041,gas_2041,nuclear_2041,wind_2041,solar_2041,co2_2042,coal_2042,gas_2042,nuclear_2042,wind_2042,solar_2042,co2_2043,coal_2043,gas_2043,nuclear_2043,wind_2043,solar_2043,co2_2044,coal_2044,gas_2044,nuclear_2044,wind_2044,solar_2044,co2_2045,coal_2045,gas_2045,nuclear_2045,wind_2045,solar_2045,co2_2046,coal_2046,gas_2046,nuclear_2046,wind_2046,solar_2046,co2_2047,coal_2047,gas_2047,nuclear_2047,wind_2047,solar_2047,co2_2048,coal_2048,gas_2048,nuclear_2048,wind_2048,solar_2048,co2_2049,coal_2049,gas_2049,nuclear_2049,wind_2049,solar_2049,co2_2050,coal_2050,gas_2050,nuclear_2050,wind_2050,solar_2050
0,cap,1.1047286498801028,1.745510065958529,0.715327690175707,7,optimal,152062.32321726,152062.32321726,1465.0126510759997,121.622930616,31.61,4.75,0.0,9.43,17.05,99.81959889,31.5,4.75,0.0,9.43,17.05,100.33704058000001,29.810000000000002,4.75,0.0,9.43,17.05,99.62997806000001,29.21,4.75,0.0,10.57,17.05,97.93587539,28.67,4.75,0.0,12.07,17.05,94.50046865,23.689999999999998,4.75,0.0,13.7363589,19.195983,92.14445639,17.11,4.75,0.0,15.167014,23.8456129,78.71499988,14.030000000000001,4.75,0.0,16.59767,28.4952428,78.715,13.67,4.75,0.0,18.028325000000002,30.248195799999998,78.71500079999998,12.92,4.75,0.0,19.026723,30.248195799999998,78.7150003,10.690000000000001,4.75,0.0,20.457378,31.0891678,59.0699787,5.59,4.75,0.0,21.888033999999998,34.6370357,40.7535234,2.75,7.2418013,0.0,23.318689,37.872917,39.3119039,2.75,7.2418013,0.0,24.749344999999998,40.376563,37.6313103,2.75,7.2418013,0.0,26.18,43.249342999999996,37.5327792,2.75,7.3217909,0.0,26.18,45.230886999999996,38.6155452,2.75,8.3794822,0.0,23.740654999999997,49.109588,25.77699959,1.84,9.7609754,0.0,24.151311,53.689218,25.777000140000002,1.84,10.342528,0.0,24.691966,53.609218,25.777000100000002,1.84,8.3676223,1.25,26.072622000000003,53.519217999999995,25.7770001,1.84,8.3676223,2.5,26.062621999999998,53.239218,21.4360389,1.33,8.3676223,3.75,26.002622000000002,52.269217999999995,18.24110858,0.07,8.6904038,3.75,26.18,50.487377,18.76436939,0.07,8.6904038,4.2351547,25.865099999999998,48.92336,14.61707708,0.07,8.6904038,6.2351547,25.9358809,44.40336,10.66510668,0.07,8.6904038,8.2351547,26.1965363,39.53336,4.4155602599999995,0.07,8.6904038,10.235155,28.8214366,41.679343,0.0,0.07,8.6904038,12.235155,31.682747,45.758309
1,cap,1.0247325808041943,1.1656590938698332,1.2621620750563534,8,optimal,134147.60695715,134147.60695715,1522.3043280659997,121.622930616,31.61,4.75,0.0,9.43,17.05,99.81959889,31.5,4.75,0.0,9.43,17.05,100.33704058000001,29.810000000000002,4.75,0.0,9.43,17.05,99.10079367,29.21,4.75,0.0,10.57,17.05,97.03319439,28.67,4.75,0.0,12.07,17.05,95.17624255000001,23.689999999999998,4.75,0.0,13.51,17.05,94.17586396,17.11,4.75,0.0,13.51,20.698553,78.71499978,14.030000000000001,4.75,0.0,16.034323999999998,25.7011505,78.71499962000001,13.67,4.75,0.0,16.034323999999998,25.749235499999998,78.71499969999999,12.92,4.75,0.0,16.034323999999998,26.260298499999998,78.71500080000001,10.690000000000001,4.75,0.0,16.034323999999998,26.5404435,67.5729429,5.59,5.468194,0.0,16.789502,26.821468499999998,46.5567734,2.75,7.7899598,0.0,19.313826,27.1026235,46.77629889999999,2.75,7.7899598,0.0,20.113408,27.3846605,46.748191299999995,2.75,7.7899598,0.0,21.346837999999998,27.4357765,45.07305220000001,2.75,7.7899598,0.0,23.871161999999998,28.7217206,44.9237322,2.75,7.7899598,0.0,22.525486,33.653514799999996,25.77699964,1.84,9.621729,0.0,24.029809999999998,41.787568,25.777000469999997,1.84,9.621729,0.0,25.664133999999997,43.659279,25.777000339999997,1.84,9.0108887,0.0,26.18,43.569279,25.77699956,1.84,9.0108887,1.25,26.17,43.289279,25.0137702,1.33,9.0108887,2.5,26.11,42.319279,17.49442139,0.07,9.0108887,3.75,25.61,39.889279,19.382586850000003,0.07,9.0108887,3.75,24.89,39.667548,17.16595639,0.07,9.0108887,4.9250365,23.75,38.934035,13.835163389999998,0.07,9.0108887,6.9250365,22.58,35.785483,6.52777438,0.07,9.0108887,8.9250365,25.3881133,35.785483,0.0,0.07,9.0108887,10.925036,30.4367614,39.430214
2,cap,1.0636796545476646,1.3045530564403656,0.6220472905944546,7,optimal,141819.08090762,141819.08090762,1485.510793042,121.622930616,31.61,4.75,0.0,9.43,17.05,99.81959889,31.5,4.75,0.0,9.43,17.05,100.33704058000001,29.810000000000002,4.75,0.0,9.43,17.05,99.35942706,29.21,4.75,0.0,10.57,17.05,97.29271839,28.67,4.75,0.0,12.07,17.282026,93.83008555,23.689999999999998,4.75,0.0,13.7390542,19.148168,92.33319905,17.11,4.75,0.0,14.983149000000001,21.9030706,78.715,14.030000000000001,4.75,0.0,16.227243,25.946378099999997,78.7150002,13.67,4.75,0.0,17.471338,28.148598999999997,78.71499988999999,12.92,4.75,0.0,18.715433,28.698029,78.71500040000001,10.690000000000001,4.75,0.0,19.959527,28.786282,61.51780230000001,5.59,4.75,0.0,21.203622000000003,31.1521297,42.220223399999995,2.75,7.1602475,0.0,22.447716,33.8822502,41.2443149,2.75,7.1602475,0.0,23.691811,36.383004,41.3050263,2.75,7.1602475,0.0,24.935904999999998,36.476461,40.937626200000004,2.75,7.1602475,0.0,26.18,37.075846,42.1963942,2.75,7.9463726,0.0,23.554094999999997,41.089153,25.776999605999997,1.84,10.640374,0.0,23.778188999999998,45.06246,25.77700005,1.84,10.877015,0.0,24.132284,46.496842,25.777000490000002,1.84,7.9640002,1.25,25.326378,46.406842,25.777000299999997,1.84,7.9640002,2.5,25.316378,46.126841999999996,22.0752465,1.33,7.9640002,3.75,25.256377999999998,45.156842,18.86298039,0.07,8.3430275,3.75,24.756377999999998,44.592984,20.93796985,0.07,8.6864612,3.75,24.757716000000002,42.749126000000004,16.50168739,0.07,8.6864612,5.6759154,24.293714299999998,40.095268000000004,10.749964080000002,0.07,8.6864612,7.6759154,25.6119038,37.09141,4.39855646,0.07,8.6864612,9.6759154,28.1000924,38.957551,0.0,0.07,8.6864612,11.675915,30.588282,43.000859
3,cap,1.1152573252877114,1.0627048881490013,1.2307429627427235,6,optimal,144393.45144619,144393.45144619,1526.2473042460003,121.622930616,31.61,4.75,0.0,9.43,17.05,99.81959889,31.5,4.75,0.0,9.43,17.05,100.33704058000001,29.810000000000002,4.75,0.0,9.43,17.05,99.69937106,29.21,4.75,0.0,10.57,17.05,98.05468139,28.67,4.75,0.0,12.07,17.05,96.54926955,23.689999999999998,4.75,0.0,13.51,17.278382999999998,96.03586072,17.11,4.75,0.0,13.51,20.970612,78.7150003,14.030000000000001,4.75,0.0,15.837888,27.0209942,78.7150004,13.67,4.75,0.0,15.837888,27.7566332,78.7149998,12.92,4.75,0.0,15.837888,27.7566332,78.71499999999999,10.690000000000001,4.75,0.0,15.837888,28.3588432,61.32536590000001,5.59,6.2109751,0.0,16.735833,28.5016942,47.109187399999996,2.75,8.6152621,0.0,19.197319,29.1086142,47.3915419,2.75,8.6152621,0.0,20.372203,29.2561772,46.241425299999996,2.75,8.6152621,0.0,22.833689,29.6367562,43.7457963,2.75,8.6152621,0.0,25.295175,33.5268504,44.1510353,2.75,8.6152621,0.0,23.886660999999997,38.450789,25.777,1.84,11.461952,0.0,25.328147,46.380617,25.7769995,1.84,11.461952,1.25,24.438147,46.300617,25.77699974,1.84,7.8413141,2.5,24.388147000000004,46.210617,25.776999600000003,1.84,7.8413141,3.75,24.378147,45.930617,25.776999600000003,1.33,7.8522151,3.75,24.318147000000003,44.960617,22.56400325,0.07,9.6317852,3.75,23.818147000000003,45.139256,22.36659125,0.07,9.6317852,4.2956615,23.315188,45.121485,17.8548355,0.07,9.6317852,6.2956615,22.218456000000003,44.293714,12.3170668,0.07,9.6317852,8.2956615,23.2948363,43.115943,5.3167036,0.07,9.6317852,10.295661,27.285536200000003,43.115943,0.0,0.07,9.6317852,12.295661,32.208508,45.362932
4,cap,1.021277931716658,1.1988476784287165,0.7072333577977318,3,optimal,136458.67968155,136458.67968155,1519.201252316,121.622930616,31.61,4.75,0.0,9.43,17.05,99.81959889,31.5,4.75,0.0,9.43,17.05,100.33704058000001,29.810000000000002,4.75,0.0,9.43,17.05,99.07780248,29.21,4.75,0.0,10.57,17.05,96.99421239,28.67,4.75,0.0,12.07,17.05,93.63855865000001,23.689999999999998,4.75,0.0,13.51,18.956322,93.97241906000001,17.11,4.75,0.0,13.51,21.078021999999997,78.7150004,14.030000000000001,4.75,0.0,14.924467,25.6750388,78.7150003,13.67,4.75,0.0,16.338933,27.2205548,78.71500079999998,12.92,4.75,0.0,17.7534,27.4971658,78.7149999,10.690000000000001,4.75,0.0,17.7534,27.7738378,65.9211789,5.59,5.1456793,0.0,17.7534,28.0513178,46.040716399999994,2.75,7.7970718,0.0,19.167867,28.3288588,46.2594939,2.75,7.7970718,0.0,19.956129,28.6072098,46.478283299999994,2.75,7.7970718,0.0,20.744574,28.8856198,43.0636632,2.75,7.7970718,1.25,20.744574,28.9337908,41.2729572,2.75,7.7970718,2.5,17.327721,31.5442356,25.7769998,1.84,7.7970718,3.75,17.722188000000003,34.5303173,25.776999700000005,1.84,7.7970718,3.75,18.246654,34.8108423,25.7769999,1.84,6.6544636,3.75,19.611121,35.1675773,25.7769999,1.84,6.6544636,3.75,20.836008999999997,37.0092773,25.777000299999997,1.33,7.0829649,3.75,21.2232,38.1609773,21.21929585,0.07,8.3318633,3.75,22.137666000000003,37.852677299999996,22.286762850000002,0.07,8.3936773,3.75,22.832133,36.2643773,19.477037850000002,0.07,8.3936773,5.072169,23.1066,33.8660773,13.062774390000001,0.07,8.3936773,7.072169,23.914072599999997,32.4123727,4.9115248099999995,0.07,8.3936773,9.072169,26.7430053,35.3128023,0.0,0.07,8.3936773,11.072169,29.5719391,39.909819
5,cap,0.9813820962704599,0.9885446744860344,1.2002917381040419,3,optimal,127879.45843436,127879.45843436,1536.5197238759997,121.622930616,31.61,4.75,0.0,9.43,17.05,99.81959889,31.5,4.75,0.0,9.43,17.05,100.33704058000001,29.810000000000002,4.75,0.0,9.43,17.05,98.81229157,29.21,4.75,0.0,10.57,17.05,96.54402539,28.67,4.75,0.0,12.07,17.05,94.43390235000001,23.689999999999998,4.75,0.0,13.51,17.05,93.63744658,17.11,4.75,0.0,13.51,20.063149,78.7150001,14.030000000000001,4.75,0.0,13.51,23.664023999999998,78.7150003,13.67,4.75,0.0,13.51,24.526569,78.7149998,12.92,4.75,0.0,13.51,24.621139,78.7149999,10.690000000000001,4.75,0.0,13.51,24.769388,61.936485899999994,5.59,6.1423021,0.0,13.51,25.005937,49.4314854,2.75,9.1795725,0.0,13.51,25.241736,50.1807349,2.75,9.3768322,0.0,13.51,25.477522999999998,50.390720300000005,2.75,9.3768322,0.0,14.165232,25.712560999999997,45.8448282,2.75,9.3768322,1.25,14.9241,25.947587,41.8904702,2.75,9.3768322,2.5,13.4546831,29.5380883,25.7769999,1.84,9.3768322,3.75,14.835267,37.2699844,25.7770004,1.84,9.3768322,3.75,15.41592,37.1899844,25.777000200000003,1.84,6.9791085,3.75,16.000382000000002,37.0999844,25.776999600000003,1.84,7.1454975,3.75,16.689759000000002,36.8199844,25.777000200000003,1.33,7.3998055,3.75,17.758539,35.8499844,22.18847925,0.07,8.6659154,3.75,18.4615,35.5396774,22.385884249999997,0.07,8.6659154,3.75,19.178853,35.430552399999996,22.089165199999997,0.07,8.6659154,3.9134668,20.148249999999997,34.5114274,15.4257505,0.07,8.6659154,5.9134668,21.378833,33.242303400000004,5.8034834,0.07,8.6659154,7.9134668,26.1800005,33.242303400000004,0.0,0.07,8.6659154,9.9134668,30.981167,34.7328904
6,cap,1.012163503194416,1.2337100718747984,1.3845897598409909,6,optimal,133950.91737658,133950.91737658,1520.398381246,121.622930616,31.61,4.75,0.0,9.43,17.05,99.81959889,31.5,4.75,0.0,9.43,17.05,100.33704058000001,29.810000000000002,4.75,0.0,9.43,17.05,99.01714534,29.21,4.75,0.0,10.57,17.05,96.89136439,28.67,4.75,0.0,12.07,17.05,94.96100755,23.689999999999998,4.75,0.0,13.51,17.05,94.18834079000001,17.11,4.75,0.0,13.51,20.274502,78.71499971,14.030000000000001,4.75,0.0,16.27918,26.8977282,78.7149998,13.67,4.75,0.0,17.812319000000002,27.1647392,78.71499979999999,12.92,4.75,0.0,18.287793999999998,27.4323712,78.71500046000001,10.690000000000001,4.75,0.0,18.287793999999998,27.5182832,64.87623260000001,5.59,4.8573024,0.0,18.476874000000002,27.9680082,44.1026324,2.75,7.0934942,0.0,21.246054,28.2360132,44.319435899999995,2.75,7.0934942,0.0,22.00445,28.5046402,44.5362143,2.75,7.0934942,0.0,22.762461000000002,28.773141199999998,43.165024200000005,2.75,7.0934942,0.0,25.531641,28.8112162,44.76340020000001,2.75,7.0934942,0.0,24.430819999999997,29.1578712,25.776999990000004,1.84,9.2981486,0.0,26.18,35.1693643,25.777000410000003,1.84,9.2981486,1.25,25.29,35.0893643,25.7770005,1.84,5.9653041,2.5,25.240000000000002,34.9993643,25.776999999999997,1.84,5.9653041,3.75,25.229999999999997,34.7193643,25.200859200000004,1.33,5.9653041,3.75,25.17,33.7493643,20.395439850000002,0.07,7.4375427,3.75,24.67,33.7291793,21.662490849999998,0.07,7.8799551,3.75,23.950000000000003,34.1209673,21.089932849999997,0.07,7.8799551,4.47834,22.810000000000002,33.7547363,14.69704559,0.07,7.8799551,6.47834,23.232436999999997,33.0385053,6.784244480000001,0.07,7.8799551,8.47834,25.8186422,33.0385053,0.0,0.07,7.8799551,10.47834,31.3570017,33.5861063
7,cap,1.1899159763094134,1.2953495411021776,0.8215129632362966,8,optimal,158218.21439679,158218.21439679,1497.2711275639997,121.622930616,31.61,4.75,0.0,9.43,17.05,99.81959889,31.5,4.75,0.0,9.43,17.05,100.33704058000001,29.810000000000002,4.75,0.0,9.43,17.05,100.19144006,29.21,4.75,0.0,10.57,17.05,99.01769554,28.67,4.75,0.0,12.07,17.05,96.09339255,23.689999999999998,4.75,0.0,13.51,19.514539,95.41713526,17.11,4.75,0.0,13.8348327,24.4301217,78.7149999,14.030000000000001,4.75,0.0,15.477859,29.7699561,78.71499974,13.67,4.75,0.0,17.120885,33.8711804,78.71500062,12.92,4.75,0.0,18.575708,34.3139134,78.7149994,10.690000000000001,4.75,0.0,18.575708,34.5290874,63.6449979,5.59,5.717544,0.0,20.218733999999998,35.760473000000005,44.143325399999995,2.75,8.4249682,0.0,21.861759999999997,39.320801,42.9299349,2.75,8.4249682,0.0,23.154688,42.654361,41.5177253,2.75,8.4249682,0.0,24.536974,45.760349,39.3756803,2.75,8.4249682,0.0,26.18,49.101674,40.9997673,2.75,9.4098186,0.0,23.953026,52.677521999999996,25.77699954,1.84,11.87439,0.0,24.576051999999997,57.947356,25.776999798000002,1.84,12.045519,0.0,25.329078000000003,60.128231,25.77699969,1.84,12.670528,0.0,26.18,60.698991,25.776999600000003,1.84,12.670528,1.25,26.17,60.418991,25.7769999,1.33,12.670528,2.5,26.11,59.448991,21.599144380000002,0.07,12.670528,3.75,25.61,57.018991,18.19782768,0.07,12.670528,5.75,25.2583164,53.308991000000006,14.40798068,0.07,12.670528,7.75,25.761342300000003,48.788991,10.222231579999999,0.07,12.670528,9.75,26.5483162,45.734988,3.98828046,0.07,12.670528,11.75,29.8343682,48.199527,0.0,0.07,12.670528,13.75,33.12042,53.539361
8,cap,0.9642608035100507,1.7669179545377458,1.012854868438303,2,optimal,134379.65832864,134379.65832864,1472.616387676,121.622930616,31.61,4.75,0.0,9.43,17.05,99.81959889,31.5,4.75,0.0,9.43,17.05,100.33704058000001,29.810000000000002,4.75,0.0,9.43,17.05,98.70635822000001,29.21,4.75,0.0,10.57,17.05,96.35082739,28.67,4.75,0.0,12.07,17.05,94.14071485000001,23.689999999999998,4.75,0.0,13.51,17.05,90.63351664,17.11,4.75,0.0,15.53571,20.088565,78.71500002,14.030000000000001,4.75,0.0,17.561419,24.6638525,78.71500037,13.67,4.75,0.0,17.611891999999997,25.7384005,78.7149998,12.92,4.75,0.0,18.324046000000003,25.7384005,76.42190640000001,10.690000000000001,4.75,0.0,20.349755000000002,25.9817155,56.8630246,5.59,4.75,0.0,22.375465,30.101228499999998,42.0925764,3.21099073,5.2496838,0.0,24.401175000000002,30.753060500000004,41.1888839,3.21099073,5.2496838,0.0,26.18,30.753060500000004,36.8390968,3.21099073,5.2496838,1.25,26.18,30.753060500000004,31.4371606,3.21099073,5.2496838,2.5,26.18,30.753060500000004,29.0236429,3.21099073,5.2496838,3.75,23.691938,30.9530345,25.7770004,2.30099073,5.2496838,3.75,24.697648,31.167269500000003,25.7770004,2.30099073,5.2496838,3.75,25.439081,31.3811375,25.777,2.30099073,3.2384935,3.75,26.18,31.593912500000002,25.7769999,2.30099073,3.4099124,3.75,26.18,32.1667285,25.252293299999998,2.01667842,3.8871974,3.75,26.18,32.7011345,20.487323500000002,0.75667842,5.3394069,3.75,26.18,33.309698499999996,21.8990256,0.75667842,5.5374678,3.75,26.18,32.6382635,22.641510600000004,0.75667842,5.5374678,4.2262766,25.340142999999998,31.1568275,17.1204786,0.75667842,5.5374678,6.2262766,24.170143000000003,29.3253925,10.4854764,0.75667842,5.5374678,8.2262766,24.319844600000003,29.3253925,0.0,0.75667842,5.5374678,10.226277,28.3554113,35.4873076
9,cap,1.1493959022150002,1.5543514257765279,1.0904026408424323,1,optimal,157289.14759459,157289.14759459,1468.423726676,121.622930616,31.61,4.75,0.0,9.43,17.05,99.81959889,31.5,4.75,0.0,9.43,17.05,100.33704058000001,29.810000000000002,4.75,0.0,9.43,17.05,99.92437606000001,29.21,4.75,0.0,10.57,17.05,98.47226794,28.67,4.75,0.0,12.07,17.05,96.36119855000001,23.689999999999998,4.75,0.0,13.51,18.27461,93.64536126,17.11,4.75,0.0,15.239393,21.545817999999997,78.71500037999999,14.030000000000001,4.75,0.0,17.420198,28.6334352,78.7149997,13.67,4.75,0.0,19.544114999999998,29.2638642,78.71499979999999,12.92,4.75,0.0,20.468821,29.6666822,78.7150007,10.690000000000001,4.75,0.0,21.818389000000003,29.8411152,61.0815516,5.59,4.75,0.0,23.999195,31.8981991,41.045165399999995,2.75,6.7904046,0.0,26.18,35.4556931,37.5312339,2.75,6.7904046,1.25,26.18,35.4556931,33.7309582,2.75,6.7904046,2.5,26.18,35.8733851,29.2747529,2.75,6.7904046,3.75,26.18,36.063479099999995,33.1689327,2.75,6.7904046,3.75,24.066401999999997,36.4872751,25.7770004,1.84,6.7904046,3.75,25.227207999999997,40.961581,25.7769999,1.84,6.7904046,3.75,26.18,42.031752999999995,25.7770002,1.84,6.8266104,3.75,26.18,43.846423,25.777,1.84,7.223011,3.75,26.18,45.346982000000004,25.7769996,1.33,7.916275,3.75,26.18,46.026349,22.98173285,0.07,9.5873124,3.75,26.18,45.853297,21.363343369999996,0.07,9.5873124,4.8393127,25.46,45.414505000000005,17.23737339,0.07,9.5873124,6.8393127,24.4783248,44.165713,11.72737708,0.07,9.5873124,8.8393127,25.5416061,41.44973,5.353530709999999,0.07,9.5873124,10.839313,28.5191303,41.44973,0.0,0.07,9.5873124,12.839313,32.880741,48.147879
10,cap,1.2669190819163612,0.7435521643306231,1.0228714106080172,7,optimal,158850.94697419,158850.94697419,1426.7455092070002,121.622930616,31.61,4.75,0.0,9.43,17.05,99.810616725,31.5,4.75,0.0,9.43,17.05,100.315977616,29.810000000000002,4.75,0.0,9.43,17.05,91.161426116,29.21,4.75,0.0,10.57,17.05,90.88418231600001,28.67,4.75,0.0,12.07,17.05,89.74004752500001,23.689999999999998,4.75,0.0,13.51,19.632181,90.10169282500001,17.11,4.75,0.0,13.51,22.700795,78.715,14.030000000000001,4.75,0.0,13.51,25.347814,78.715000578,13.67,4.75,0.0,13.51,25.860552,78.714999268,12.92,4.8901456,0.0,13.5483146,26.379139,78.71499960700001,10.690000000000001,5.5463062,0.0,15.594057,28.1493475,54.603618216,5.59,7.8627281,0.0,17.6398,32.258899400000004,40.030846616000005,2.75,10.035844,0.0,19.685543000000003,36.3734984,37.803151615999994,2.75,10.035844,0.0,21.731285999999997,40.493964,35.753783016,2.75,10.035844,0.0,23.777029,44.61947,33.879243416,2.75,10.035844,0.0,25.822772,48.75085,35.725047415999995,2.75,10.667036,0.0,23.998514,53.288250000000005,25.777,1.84,13.018435,0.0,26.357310599999998,59.866914,25.777,1.84,13.187916,0.0,27.5130536,61.854749999999996,25.776999607,1.84,10.835914,1.25,27.463053600000002,61.76475,25.769244113999996,1.84,10.835914,2.5,27.453053599999997,61.48475,20.215456134,1.33,10.835914,3.75,27.393053600000002,60.51475,20.674119775,0.07,11.051674,4.4401789,26.893053600000002,58.08475,17.630563725000002,0.07,11.051674,6.4401789,26.491598800000002,54.374750000000006,13.587576134,0.07,11.051674,8.4401789,27.3973416,49.854749999999996,9.507647634000001,0.07,11.051674,10.440179,28.273084400000002,46.385719,5.737338596,0.07,11.051674,12.440179,31.923084,49.454334,0.0,0.07,11.051674,14.440179,36.01457,56.009677999999994
11,cap,0.9249398316599503,1.4054609860533125,1.2821062707845252,4,optimal,125731.0526855,125731.0526855,1478.1271795759994,121.622930616,31.61,4.75,0.0,9.43,17.05,99.81959889,31.5,4.75,0.0,9.43,17.05,100.33704058000001,29.810000000000002,4.75,0.0,9.43,17.05,98.48710822000001,29.21,4.75,0.0,10.57,17.05,95.90712739,28.67,4.75,0.0,12.07,17.05,93.46391567,23.689999999999998,4.75,0.0,13.51,17.05,92.61759556000001,17.11,4.75,0.0,13.51,19.956961,78.71500016000002,14.030000000000001,4.75,0.0,16.074213,24.943185399999997,78.71500021,13.67,4.75,0.0,16.97972,25.3571134,78.7149998,12.92,4.75,0.0,17.202806000000002,25.4875844,78.2586114,10.690000000000001,4.75,0.0,18.428606000000002,25.4875844,59.92403600000001,5.59,4.75,0.0,20.992818,26.7570466,39.318563399999995,2.75,5.6259744,0.0,23.557031000000002,28.8426285,39.516475899999996,2.75,5.6259744,0.0,24.029615,29.018199499999998,39.5954773,2.75,5.6259744,0.0,24.640945000000002,29.1918775,39.5499232,2.75,5.6259744,0.0,25.341227000000003,29.3643795,38.8458612,2.75,5.6259744,1.25,21.471227,29.5349905,25.777000100000002,1.84,5.6259744,2.5,23.015439999999998,29.951966499999997,25.0363621,1.84,5.6259744,3.75,22.125439999999998,29.8719665,25.777000100000002,1.84,4.3044752,3.75,22.07544,29.806928499999998,25.777,1.84,4.435751,3.75,22.065440000000002,30.2028075,23.9277192,1.33,5.1374932,3.75,22.00544,30.1347015,18.53303785,0.07,6.6726772,3.75,21.50544,30.5723925,18.57265485,0.07,6.6726772,3.75,21.996772,30.7087115,18.90666485,0.07,6.6726772,3.75,22.573113,30.0350305,15.22377485,0.07,6.6726772,5.3587447,21.403112999999998,29.0113495,7.186700180000001,0.07,6.6726772,7.3587447,23.615786999999997,29.0113495,0.0,0.07,6.6726772,9.3587447,28.744212500000003,29.0113495
12,cap,1.1371764072417136,0.9861071925109455,1.271905216825127,5,optimal,145702.65345095,145702.65345095,1563.6948112760003,121.622930616,31.61,4.75,0.0,9.43,17.05,99.81959889,31.5,4.75,0.0,9.43,17.05,100.33704058000001,29.810000000000002,4.75,0.0,9.43,17.05,99.83909944000001,29.21,4.75,0.0,10.57,17.05,98.29467118,28.67,4.75,0.0,12.07,17.05,96.98384566000001,23.689999999999998,4.75,0.0,13.51,17.185221,96.50557283,17.11,4.75,0.0,13.51,21.000937,78.7150001,14.030000000000001,4.75,0.0,13.8311935,24.816653,78.71499999999999,13.67,4.75,0.0,13.8311935,25.38048,78.71499938,12.92,4.75,0.0,13.8311935,25.771259999999998,78.71499984,10.690000000000001,4.8659692,0.0,13.8311935,26.164458,64.9997978,5.59,7.2947794,0.0,13.8311935,26.329798,52.3016093,2.75,10.205392,0.0,14.754039,26.7286,52.545487800000004,2.75,10.205392,0.0,15.922074,27.130599,51.2792288,2.75,10.205392,0.0,18.465884000000003,27.535006,48.4020208,2.75,10.205392,0.0,21.009695,32.3260974,48.34007080000001,2.75,10.205392,0.0,19.683505,38.294992,25.777,1.84,11.753534,1.25,21.207315,46.492376,25.7769996,1.84,11.753534,2.5,20.317315,46.412376,25.7770005,1.84,8.4498057,3.75,20.267315000000004,46.322376,25.77700016,1.84,8.8250763,3.75,20.257315,46.042376,25.7769999,1.33,9.7312764,3.75,20.197315000000003,45.072376,25.571727250000002,0.07,10.536912,3.75,22.241126,44.544554,25.49104525,0.07,10.536912,4.1698024,22.167018,44.65027,18.7636715,0.07,10.536912,6.1698024,23.570828,43.945985,12.904193300000001,0.07,10.536912,8.1698024,24.793937399999997,41.471104000000004,5.9482,0.07,10.536912,10.169802,28.5731099,41.471104000000004,0.0,0.07,10.536912,12.169802,33.66073,45.28682
13,cap,1.1043555537866132,1.5283332284723956,0.7183376286279652,4,optimal,150032.38661499,150032.38661499,1489.7109181059998,121.622930616,31.61,4.75,0.0,9.43,17.05,99.81959889,31.5,4.75,0.0,9.43,17.05,100.33704058000001,29.810000000000002,4.75,0.0,9.43,17.05,99.62751906000001,29.21,4.75,0.0,10.57,17.05,97.93166539,28.67,4.75,0.0,12.07,17.05,94.86830945000001,23.689999999999998,4.75,0.0,13.51,19.205012999999997,92.45266581,17.11,4.75,0.0,14.946675,23.862389699999998,78.71500017999999,14.030000000000001,4.75,0.0,16.383350999999998,28.5315844,78.7149999,13.67,4.75,0.0,17.820026,30.575582400000002,78.7149998,12.92,4.75,0.0,18.816977,30.575582400000002,78.7150003,10.690000000000001,4.75,0.0,20.253653,30.575582400000002,60.3262147,5.59,4.75,0.0,21.690328,33.5816301,41.4988434,2.75,7.3000816,0.0,23.127003000000002,37.058308,40.6849039,2.75,7.3000816,0.0,24.563678000000003,38.429702,41.2983993,2.75,7.3000816,0.0,25.237056000000003,38.798429,41.6127192,2.75,7.3482767,0.0,26.18,39.169679,39.97023420000001,2.75,7.3482767,1.25,23.746675000000003,39.54267,25.7770001,1.84,7.3482767,2.5,24.163351,40.944373,25.777,1.84,7.3482767,3.75,24.710026,40.864373,25.7770004,1.84,5.9196094,3.75,26.096701000000003,40.774373,25.7769999,1.84,6.2664888,3.75,26.086700999999998,42.649386,24.9561816,1.33,7.1436841,3.75,26.026701000000003,43.834399,20.974932850000002,0.07,8.717065,3.75,26.18,43.559411999999995,21.56998885,0.07,8.7194888,4.227751,25.818465000000003,42.004425,16.26388339,0.07,8.7194888,6.227751,25.8649817,39.639438,11.46163858,0.07,8.7194888,8.227751,26.131656999999997,36.924451,4.4652477600000005,0.07,8.7194888,10.227751,28.8031923,40.74001,0.0,0.07,8.7194888,12.227751,31.676542500000004,45.409203000000005
14,cap,1.2278506876477109,1.4516155966035829,1.2296775532438406,7,optimal,164666.76253925,164666.76253925,1505.252818256,121.622930616,31.61,4.75,0.0,9.43,17.05,99.81959889,31.5,4.75,0.0,9.43,17.05,100.33704058000001,29.810000000000002,4.75,0.0,9.43,17.05,100.44146506000001,29.21,4.75,0.0,10.57,17.05,99.52367354,28.67,4.75,0.0,12.07,17.05,97.22323155000001,23.689999999999998,4.75,0.0,13.51,18.895346999999997,95.30645826,17.11,4.75,0.0,14.819374,22.58438,78.71500028,14.030000000000001,4.75,0.0,17.278729,30.577283400000002,78.71500035,13.67,4.75,0.0,19.738084,31.828763700000003,78.71499979999999,12.92,4.75,0.0,21.163449999999997,31.9129207,78.715,10.690000000000001,4.75,0.0,21.468117999999997,32.1662347,61.6911408,5.59,4.8857712,0.0,23.927473,34.827793799999995,41.3667744,2.75,7.4633755,0.0,26.18,39.625338,41.3922109,2.75,7.8894541,0.0,26.18,42.817566,43.0990093,2.75,8.3329142,0.0,26.18,43.320549,42.11522720000001,2.75,8.7685254,0.0,26.18,48.132473000000005,42.4288222,2.75,9.6508509,0.0,24.740645,52.948637000000005,25.777000010000002,1.84,11.483195,0.0,26.18,60.871541,25.777,1.84,13.190481,0.0,26.18,60.965421,25.77699969,1.84,10.653484,1.25,26.18,60.875421,25.7769997,1.84,10.653484,2.5,26.17,60.595421,25.5517119,1.33,10.653484,3.75,26.11,59.625421,22.70706538,0.07,11.093854,3.9082975,25.61,58.973531,19.70002308,0.07,11.093854,5.9082975,24.89,55.263531,16.19465668,0.07,11.093854,7.9082975,25.164242700000003,50.743531000000004,11.63627798,0.07,11.093854,9.9082975,26.4535978,47.24487,5.12750011,0.07,11.093854,11.908298,30.053598,49.748581,0.0,0.07,11.093854,13.908298,34.972308,53.437613999999996
15,cap,1.220945664453812,0.9104563186629203,0.6652420938908101,1,optimal,159408.9402568,159408.9402568,1508.4041552950002,121.622930616,31.61,4.75,0.0,9.43,17.05,99.810616725,31.5,4.75,0.0,9.43,17.05,100.315977616,29.810000000000002,4.75,0.0,9.43,17.05,100.364360616,29.21,4.75,0.0,10.57,17.05,99.38944961600001,28.67,4.75,0.0,12.07,17.05,96.94344372500001,23.689999999999998,4.75,0.0,13.51,19.045726,98.368067725,17.11,4.75,0.0,13.51,21.041452999999997,78.715,14.030000000000001,4.75,0.0,13.51,24.7354893,78.71499993,13.67,4.75,0.0,13.51,26.731215300000002,78.714999476,12.92,4.75,0.0,14.153868,28.0112303,78.71499986,10.690000000000001,5.5969035,0.0,14.153868,28.4886513,64.31643306000001,5.59,7.7022676,0.0,15.067578,28.7399363,51.57438454,2.75,10.547745,0.0,16.398062,29.4574353,46.30221754,2.75,10.547745,1.25,17.728546,32.0461006,41.20870354,2.75,10.547745,2.5,19.05903,34.8699249,35.67911954,2.75,10.547745,3.75,20.389514,37.929724,37.38198054,2.75,10.547745,3.75,17.849999,42.223799,25.776999540000002,1.84,10.547745,3.75,18.160483,46.477872000000005,25.77699982,1.84,10.547745,3.75,18.600967,47.877605,25.77699964,1.84,10.867704,3.75,19.881451,47.873586,25.776999720000003,1.84,11.162636,3.75,21.201935,48.465761,25.77699987,1.33,11.162636,3.75,22.849163,48.465761,25.43161155,0.07,11.162636,3.8129008,25.0101322,48.031487,19.172418500000003,0.07,11.162636,5.8129008,26.456466399999996,46.317214,13.53251472,0.07,11.162636,7.8129008,27.977434600000002,44.686585,8.43663956,0.07,11.162636,9.8129008,29.468404,44.140658,4.80828771,0.07,11.162636,11.812901,32.129372000000004,48.464732,0.0,0.07,11.162636,13.812901,34.79034,52.788806
16,cap,1.2420907897148281,1.6474118457954354,1.3012296771332643,2,optimal,170147.81230168,170147.81230168,1483.7514052160002,121.622930616,31.61,4.75,0.0,9.43,17.05,99.81959889,31.5,4.75,0.0,9.43,17.05,100.33704058000001,29.810000000000002,4.75,0.0,9.43,17.05,100.53532006,29.21,4.75,0.0,10.57,17.05,99.71361054,28.67,4.75,0.0,12.07,17.05,97.25878155000001,23.689999999999998,4.75,0.0,13.51,19.163916999999998,93.68845866,17.11,4.75,0.0,16.112459,22.6124286,78.71499990999999,14.030000000000001,4.75,0.0,18.714919000000002,31.070421500000002,78.7150004,13.67,4.75,0.0,20.471117,31.070421500000002,78.71499979999999,12.92,4.75,0.0,22.002117,31.070421500000002,78.7150001,10.690000000000001,4.75,0.0,23.650582,31.338052500000003,58.388130700000005,5.59,4.75,0.0,26.18,36.0942,40.7954054,2.75,7.5804664,0.0,26.18,41.388126,42.5373109,2.75,8.0340109,0.0,26.18,41.902053,39.060291299999996,2.75,8.0340109,1.25,26.18,42.420517,35.326024200000006,2.75,8.0340109,2.5,26.18,42.713294,32.8110154,2.75,8.0340109,3.75,24.597541,43.24165,25.776999699999998,1.84,8.0340109,3.75,26.18,48.16129,25.7769996,1.84,8.0340109,3.75,26.18,51.596111,25.7769998,1.84,8.2814385,3.75,26.18,52.423037,25.7769999,1.84,8.7849927,3.75,26.18,53.327304,25.7769999,1.33,9.707264,3.8503256,26.18,53.327304,24.89568885,0.07,11.017124,4.0996413,26.18,53.028096,20.44583639,0.07,11.017124,6.0996413,25.46,53.157303999999996,15.88480868,0.07,11.017124,8.0996413,25.688894299999998,51.983675,11.44845438,0.07,11.017124,10.099641,27.1213537,47.113675,5.437699009999999,0.07,11.017124,12.099641,30.151353999999998,47.863614999999996,0.0,0.07,11.017124,14.099641,35.356272000000004,54.022895
17,cap,1.0096193554454873,0.7078010114634828,1.1165767164599583,4,optimal,124931.29455147,124931.29455147,1450.6786761880003,121.622930616,31.61,4.75,0.0,9.43,17.05,99.810616725,31.5,4.75,0.0,9.43,17.05,100.315977616,29.810000000000002,4.75,0.0,9.43,17.05,90.454117516,29.21,4.75,0.0,10.57,17.05,89.552724725,28.67,4.75,0.0,12.07,17.05,88.73765932500001,23.689999999999998,4.75,0.0,13.51,17.05,88.36742302500001,17.11,4.75,0.0,13.51,20.399729999999998,78.7149995,14.030000000000001,4.75,0.0,13.51,23.74946,78.7150004,13.67,4.75,0.0,13.51,24.450288,78.71499992500001,12.92,4.75,0.0,13.51,24.518511999999998,75.408833816,10.690000000000001,4.75,0.0,13.51,24.980362999999997,52.053131016,5.59,7.9733937,0.0,13.51,25.245883,41.803992816000004,2.75,9.8878866,0.0,13.51,25.511225,42.473139716000006,2.75,10.132589,0.0,13.51,25.777137999999997,43.801573416,2.75,10.132589,0.0,13.5939016,26.042873999999998,41.830326316,2.75,10.132589,0.0,15.827055,26.042873999999998,36.206891416000005,2.75,10.132589,1.25,14.190208,30.7143765,25.7770004,1.84,10.132589,2.5,15.403362,37.902125,23.235590616,1.84,10.132589,3.75,16.113066,37.822125,24.746249716,1.84,7.4909722,3.75,16.774556,37.732124999999996,25.099311716,1.84,7.5098776,3.75,17.5423,37.452124999999995,22.186777716,1.33,7.9281148,3.75,18.690755,36.482124999999996,21.400826665999997,0.07,9.2844819,3.75,19.19283,36.682192,21.534443398,0.07,9.2844819,3.75,20.193472,36.321922,19.364458616,0.07,9.2844819,4.5089511,21.286625,35.151652,12.723966725,0.07,9.2844819,6.5089511,22.651617299999998,33.631382,6.025712734,0.07,9.2844819,8.5089511,26.4818388,33.631382,0.0,0.07,9.2844819,10.508951,30.9481452,35.773604999999996
18,cap,1.1879637534034773,1.6191261381503015,0.8255022618916337,4,optimal,162182.29685002,162182.29685002,1485.0684896460004,121.622930616,31.61,4.75,0.0,9.43,17.05,99.81959889,31.5,4.75,0.0,9.43,17.05,100.33704058000001,29.810000000000002,4.75,0.0,9.43,17.05,100.17857306,29.21,4.75,0.0,10.57,17.05,98.99165654000001,28.67,4.75,0.0,12.07,17.05,96.05068055000001,23.689999999999998,4.75,0.0,13.51,19.526507,93.30392856,17.11,4.75,0.0,15.161005,24.8922719,78.71499967999999,14.030000000000001,4.75,0.0,16.812009,30.2580358,78.71499977,13.67,4.75,0.0,18.463014,32.5671154,78.71499979999999,12.92,4.75,0.0,19.786507999999998,32.5671154,78.7150003,10.690000000000001,4.75,0.0,21.437513000000003,32.6777584,59.52933,5.59,4.8158506,0.0,23.088517000000003,36.349129,41.287226399999994,2.75,7.5425312,0.0,24.739522,39.690328,39.637440899999994,2.75,7.5425312,0.0,26.18,43.03576700000001,39.4161913,2.75,7.8853359,0.0,26.18,46.384646000000004,40.955513200000006,2.75,8.3017536,0.0,26.18,46.848513,39.4139722,2.75,8.3017536,1.25,23.961005,47.084764,25.777,1.84,8.3017536,2.5,24.592008999999997,49.027074999999996,25.776999500000002,1.84,8.3017536,3.75,25.353014,48.947075,25.7769998,1.84,7.4241267,3.75,26.18,49.031476,25.777000299999997,1.84,7.8624246,3.75,26.18,50.783617,25.7770002,1.33,8.8237858,3.75,26.18,50.69545,23.33577179,0.07,10.318354,3.75,26.18,50.741957,19.13755939,0.07,10.318354,5.7125156,25.7675855,49.508464000000004,14.20767368,0.07,10.318354,7.7125156,26.2785901,47.464971000000006,10.09687688,0.07,10.318354,9.7125156,26.7595946,45.071477,4.00152576,0.07,10.318354,11.712516,29.789594100000002,47.547984,0.0,0.07,10.318354,13.712516,33.091604000000004,52.913748999999996
19,cap,1.155732552026635,1.5855603164595107,1.3709366982759765,1,optimal,158197.03334394,158197.03334394,1472.5030598759997,121.622930616,31.61,4.75,0.0,9.43,17.05,99.81959889,31.5,4.75,0.0,9.43,17.05,100.33704058000001,29.810000000000002,4.75,0.0,9.43,17.05,99.96614006000001,29.21,4.75,0.0,10.57,17.05,98.55761092,28.67,4.75,0.0,12.07,17.05,97.04319455000001,23.689999999999998,4.75,0.0,13.51,17.535192,94.41586336,17.11,4.75,0.0,14.760826,21.648001999999998,78.71499988000001,14.030000000000001,4.75,0.0,17.5027,30.5590904,78.7150001,13.67,4.75,0.0,18.929125,30.5590904,78.7149998,12.92,4.75,0.0,20.045338,30.6895244,78.71499949999999,10.690000000000001,4.75,0.0,21.427852,30.8703294,61.0707729,5.59,4.75,0.0,24.169725,31.9773906,41.127362399999996,2.75,6.8451783,0.0,26.18,35.7056284,37.6337889,2.75,6.8451783,1.25,26.18,35.7056284,33.8556114,2.75,6.8451783,2.5,26.18,36.1302094,29.416167100000003,2.75,6.8451783,3.75,26.18,36.3273224,33.6299561,2.75,6.8451783,3.75,23.814124999999997,36.758266400000004,25.7770004,1.84,6.8451783,3.75,25.535998,41.085941999999996,25.7769998,1.84,6.8451783,3.75,26.18,42.581320000000005,25.7769997,1.84,6.9269908,3.75,26.18,44.3194,25.7770002,1.84,7.3303556,3.75,26.18,45.846322,25.777000400000002,1.33,8.0291388,3.75,26.18,46.842838,23.623473849999996,0.07,9.7138904,3.75,26.18,45.485316,21.398847089999997,0.07,9.7138904,4.8987923,25.46,45.888126,17.23854539,0.07,9.7138904,6.8987923,24.32,45.480936,12.15952528,0.07,9.7138904,8.8987923,24.939504,44.005543,5.8416307100000004,0.07,9.7138904,10.898792,27.6813774,44.005543,0.0,0.07,9.7138904,12.898792,33.165124000000006,48.223147999999995
20,cap,0.9602099321684711,1.2304336270192702,1.3157726897569386,7,optimal,127234.37564371,127234.37564371,1502.6724100460003,121.622930616,31.61,4.75,0.0,9.43,17.05,99.81959889,31.5,4.75,0.0,9.43,17.05,100.33704058000001,29.810000000000002,4.75,0.0,9.43,17.05,98.68377122000001,29.21,4.75,0.0,10.57,17.05,96.30511739,28.67,4.75,0.0,12.07,17.05,94.07134715000001,23.689999999999998,4.75,0.0,13.51,17.05,93.57356328,17.11,4.75,0.0,13.51,19.524569999999997,78.71500009,14.030000000000001,4.75,0.0,16.141545,25.8699896,78.71500019999999,13.67,4.75,0.0,16.906717999999998,26.8086256,78.71499969999999,12.92,4.75,0.0,17.071725999999998,27.0250786,78.715,10.690000000000001,4.75,0.0,17.071725999999998,27.0250786,64.46393880000001,5.59,4.75,0.0,17.479788,27.4551776,43.7146424,2.75,6.9773955,0.0,20.111333000000002,27.6688246,43.920193899999994,2.75,6.9773955,0.0,20.699489,27.882024599999998,44.1255063,2.75,6.9773955,0.0,21.284025999999997,28.094045599999998,42.7014682,2.75,6.9773955,0.0,23.915571,28.094045599999998,44.2985042,2.75,6.9773955,0.0,22.677117000000003,28.284963599999998,25.776999640000003,1.84,8.5091451,0.0,24.288662000000002,35.581725000000006,25.77700047,1.84,8.5091451,0.0,25.088543,35.501725,25.7770003,1.84,6.4343093,1.25,25.038542999999997,35.411725000000004,25.777,1.84,6.4343093,2.5,25.028543,35.131725,21.1756288,1.33,6.4343093,3.75,24.968542999999997,34.161725000000004,16.90519285,0.07,6.4701417,3.75,24.468542999999997,34.164991,18.03378485,0.07,6.8607439,3.75,23.748542999999998,34.402309,18.864050849999998,0.07,7.1267773,4.0405508,22.608542999999997,33.829627,14.756778590000001,0.07,7.1267773,6.0405508,21.438543000000003,30.921702000000003,7.33135078,0.07,7.1267773,8.0405508,23.548454999999997,30.921702000000003,0.0,0.07,7.1267773,10.040551,28.8115454,33.6489406
21,cap,1.1358008248336193,0.7269397452426994,1.138767909722351,3,optimal,140928.25100966,140928.25100966,1476.7069587319997,121.622930616,31.61,4.75,0.0,9.43,17.05,99.810616725,31.5,4.75,0.0,9.43,17.05,100.315977616,29.810000000000002,4.75,0.0,9.43,17.05,90.800986316,29.21,4.75,0.0,10.57,17.05,90.149260193,28.67,4.75,0.0,12.07,17.05,89.603524425,23.689999999999998,4.75,0.0,13.51,17.159278,89.52607572500001,17.11,4.75,0.0,13.51,20.575581,78.7149999,14.030000000000001,4.75,0.0,13.51,23.991885,78.715,13.67,4.75,0.0,13.51,25.14189,78.714999268,12.92,4.75,0.0,13.51,25.531316,78.71500007900002,10.690000000000001,5.0863082,0.0,13.51,25.923130999999998,55.435355716000004,5.59,8.750767,0.0,13.51,26.318109,45.517924516,2.75,10.786907,0.0,13.51,26.715472,46.524275216,2.75,11.155965,0.0,13.51,27.116003,46.795743016,2.75,11.18922,0.0,14.605325,27.518915,37.248909686,2.75,11.18922,1.25,16.882861,31.4827824,32.872520456,2.75,11.18922,2.5,15.290396,36.6724871,25.346255616,1.84,11.18922,3.75,16.547932,44.004478,25.777,1.84,11.18922,3.75,17.542285,43.924478,25.777000412,1.84,9.1872194,3.75,18.548045000000002,43.834478,25.777000012,1.84,9.2425655,3.75,19.665985,43.554478,25.379621716,1.33,9.4777555,3.75,21.170791,42.584478,24.848399666,0.07,10.99785,3.75,21.600622,43.570782,25.216858665999997,0.07,10.99785,3.8050734,22.744034,43.277086,18.686288616,0.07,10.99785,5.8050734,23.9810431,42.17339,12.689606724999999,0.07,10.99785,7.8050734,25.088578899999998,40.013376,6.1248278339999995,0.07,10.99785,9.8050734,29.3325848,40.013376,0.0,0.07,10.99785,11.805073,33.887657000000004,43.429679
22,cap,1.267635447853529,1.6095078625123933,1.3084162133679573,0,optimal,174282.93407695,174282.93407695,1473.127090596,121.622930616,31.61,4.75,0.0,9.43,17.05,99.81959889,31.5,4.75,0.0,9.43,17.05,100.33704058000001,29.810000000000002,4.75,0.0,9.43,17.05,100.70368206,29.21,4.75,0.0,10.57,17.05,100.05432854,28.67,4.75,0.0,12.07,17.05,97.32255155000001,23.689999999999998,4.75,0.0,13.51,19.645691,94.10541036000001,17.11,4.75,0.0,16.126832,22.689573,78.71500024,14.030000000000001,4.75,0.0,18.743665,31.1942777,78.7149998,13.67,4.75,0.0,20.944383000000002,31.1942777,78.7149998,12.92,4.75,0.0,22.574554,31.1942777,78.715,10.690000000000001,4.75,0.0,24.302543999999997,31.4875917,61.47535750000001,5.59,4.75,0.0,26.18,34.0062783,39.217040399999995,2.75,6.5783031,1.25,26.18,36.991726,35.8128889,2.75,6.5783031,2.5,26.18,37.532906,32.0816662,2.75,6.5783031,3.75,26.18,37.848091,34.2373532,2.75,6.5783031,3.75,26.18,38.400215,34.2333312,2.75,6.5783031,3.75,24.583168,43.536842,25.7770002,1.84,7.6481587,3.75,26.18,50.002172,25.776999600000003,1.84,8.1630417,3.75,26.18,52.415442999999996,25.776999599999996,1.84,8.6864477,3.75,26.18,53.936776,25.77699981,1.84,9.2231737,3.75,26.18,53.999189,25.777000199999996,1.33,10.161089,3.8638044,26.18,53.999189,24.928820090000002,0.07,11.187797,4.44696,26.18,53.939189,20.75796639,0.07,11.187797,6.44696,25.46,53.829189,16.02305768,0.07,11.187797,8.44696,26.3279768,50.428199,11.26246558,0.07,11.187797,10.44696,27.7748092,48.043948,5.38660161,0.07,11.187797,12.44696,30.80481,48.51394,0.0,0.07,11.187797,14.44696,36.038474,55.64192
23,cap,0.998220906897271,1.5453686987858797,0.7693397940860084,5,optimal,136010.63740214,136010.63740214,1467.4468454760004,121.622930616,31.61,4.75,0.0,9.43,17.05,99.81959889,31.5,4.75,0.0,9.43,17.05,100.33704058000001,29.810000000000002,4.75,0.0,9.43,17.05,98.92435573,29.21,4.75,0.0,10.57,17.05,96.73403539,28.67,4.75,0.0,12.07,17.05,93.84313855,23.689999999999998,4.75,0.0,13.51,18.183477,92.54251597000001,17.11,4.75,0.0,14.353775,20.491495999999998,78.71500027,14.030000000000001,4.75,0.0,15.892455,25.4922043,78.71499999999999,13.67,4.75,0.0,17.431134999999998,27.3115523,78.7150008,12.92,4.75,0.0,18.002574,27.3343993,78.62222840000001,10.690000000000001,4.75,0.0,19.541252999999998,27.371404300000002,59.4680936,5.59,4.75,0.0,21.079932999999997,30.5344026,40.064882399999995,2.75,6.5297103,0.0,22.618612,33.9653108,38.8397609,2.75,6.5297103,0.0,24.157291999999998,35.095085,39.2694633,2.75,6.5297103,0.0,24.64132,35.348429,38.62040520000001,2.75,6.5297103,0.0,26.18,35.602108,41.7186682,2.75,7.0397711,0.0,23.84868,35.85538,25.77699969,1.84,7.0397711,1.25,24.367359,37.318845,25.7770002,1.84,7.0397711,2.5,25.016039,37.238845,23.503757699999998,1.84,4.5619466,3.75,24.966039000000002,37.148845,24.550266,1.84,4.801393,3.75,24.956038999999997,36.868845,21.5528282,1.33,5.5567627,3.75,24.896039000000002,38.206864,16.70027439,0.07,6.912685,3.75,25.36132,38.084884,17.76311385,0.07,6.931433,3.75,26.18,36.682902999999996,17.01909885,0.07,6.931433,4.7589637,25.04,34.470922,12.84545399,0.07,6.931433,6.7589637,23.869999999999997,31.9089424,5.38593381,0.07,6.931433,8.7589637,25.878345,34.2169614,0.0,0.07,6.931433,10.758964,28.9557046,38.488983
24,cap,1.2325099338657846,0.7689897148278451,1.2603902507148446,4,optimal,153170.62425603,153170.62425603,1490.0610280399999,121.622930616,31.61,4.75,0.0,9.43,17.05,99.810616725,31.5,4.75,0.0,9.43,17.05,100.315977616,29.810000000000002,4.75,0.0,9.43,17.05,91.06683651600001,29.21,4.75,0.0,10.57,17.05,90.692759816,28.67,4.75,0.0,12.07,17.05,89.70422002500001,23.689999999999998,4.75,0.0,13.51,18.983221,89.74964802500001,17.11,4.75,0.0,13.51,22.764391999999997,78.71499999999999,14.030000000000001,4.75,0.0,13.51,25.192407,78.714999502,13.67,4.75,0.0,13.51,25.671954999999997,78.714999968,12.92,4.75,0.0,13.51,26.156646,78.715000468,10.690000000000001,5.8966552,0.0,13.51,26.645694,59.941808316,5.59,8.8106838,0.0,13.51,27.139892999999997,47.872844916,2.75,11.627952,0.0,13.51,27.638441,48.042524816,2.75,11.627952,0.0,15.057087,28.142148,45.729460616,2.75,11.627952,0.0,17.577868000000002,30.6889331,42.353047516000004,2.75,11.627952,0.0,20.098647999999997,35.6135119,37.689620915999996,2.75,11.627952,1.25,18.749429,40.710298,25.777,1.84,12.111395,2.5,20.250208999999998,48.832835,25.7770002,1.84,12.111395,3.75,19.360208999999998,48.752835000000005,25.777000272,1.84,11.445683,3.75,19.848063,48.662835,25.77700025,1.84,11.445683,3.75,21.931890000000003,48.382835,25.776999712,1.33,11.636683,3.75,23.931918000000003,47.844685999999996,25.776999561999997,0.07,11.636683,3.7606216,25.665472,48.469749,22.871629616,0.07,11.636683,5.2484896,24.945472000000002,48.54092,16.800321725,0.07,11.636683,7.2484896,26.3262525,46.205111,11.313687134,0.07,11.636683,9.2484896,27.677033,43.904381,4.961093196,0.07,11.636683,11.24849,31.221560999999998,43.904381,0.0,0.07,11.636683,13.24849,36.263122,50.120525
25,cap,1.0500587985986567,1.0484119832126608,1.1530696282221928,1,optimal,138895.59761961,138895.59761961,1516.4705881400005,121.622930616,31.61,4.75,0.0,9.43,17.05,99.81959889,31.5,4.75,0.0,9.43,17.05,100.33704058000001,29.810000000000002,4.75,0.0,9.43,17.05,99.2693423,29.21,4.75,0.0,10.57,17.05,97.31897739,28.67,4.75,0.0,12.07,17.05,95.60993255000001,23.689999999999998,4.75,0.0,13.51,17.05,94.88697854,17.11,4.75,0.0,13.51,20.509209,78.7150001,14.030000000000001,4.75,0.0,13.51,26.0338663,78.715,13.67,4.75,0.0,13.51,27.2733973,78.714999884,12.92,4.75,0.0,13.51,27.2733973,78.715,10.690000000000001,4.75,0.0,13.51,27.5790053,62.3851979,5.59,6.6696984,0.0,13.51,27.6549643,50.2058834,2.75,9.7495757,0.0,13.51,28.1936683,46.6456769,2.75,9.7495757,1.25,13.51,28.271674299999997,43.2546953,2.75,9.7495757,2.5,13.51,28.5813733,38.0446802,2.75,9.7495757,3.75,15.674191,28.8924763,38.4252822,2.75,9.7495757,3.75,14.11033,33.239964,25.77700026,1.84,9.7495757,3.75,15.396469,40.664917,25.777000299999997,1.84,9.7495757,3.75,16.161283,40.584917000000004,25.777000500000003,1.84,7.9565335,3.75,17.118246,40.494917,25.77700033,1.84,7.9565335,3.75,18.10017,40.214917,25.777000299999997,1.33,8.2527763,3.75,19.075622,39.244917,23.63621525,0.07,9.5220595,3.75,20.017893,39.799547,23.95472625,0.07,9.5220595,3.75,21.007444999999997,39.548755,18.828521199999997,0.07,9.5220595,5.3580009,22.173585000000003,38.487964,12.8519785,0.07,9.5220595,7.3580009,23.3123426,37.077173,5.6279284999999994,0.07,9.5220595,9.3580009,26.1826188,37.077173,0.0,0.07,9.5220595,11.358001,30.7948971,40.395071
26,cap,0.9714287512697488,1.135881778438685,0.6046596760863847,5,optimal,128554.03134233,128554.03134233,1497.120317006,121.622930616,31.61,4.75,0.0,9.43,17.05,99.81959889,31.5,4.75,0.0,9.43,17.05,100.33704058000001,29.810000000000002,4.75,0.0,9.43,17.05,98.74632622000001,29.21,4.75,0.0,10.57,17.05,96.43171139,28.67,4.75,0.0,12.07,17.05,93.52976935000001,23.689999999999998,4.75,0.0,13.51,17.995976,93.60742938000001,17.11,4.75,0.0,13.51,19.809955,78.7150003,14.030000000000001,4.75,0.0,14.719319,23.7402429,78.7149995,13.67,4.75,0.0,14.907031,25.554221899999998,78.7150004,12.92,4.75,0.0,14.907031,26.5847779,78.71500010000001,10.690000000000001,4.75,0.0,16.016368999999997,27.0423799,58.04356990000001,5.59,4.9386001,0.0,17.225687999999998,27.0423799,44.103688399999996,2.75,7.5803587,0.0,18.435008,27.4941019,44.3537919,2.75,7.5803587,0.0,19.136595,27.4941019,43.8631203,2.75,7.5803587,0.0,20.345914999999998,27.712437899999998,43.4847982,2.75,7.5803587,0.0,21.555234,27.936437899999998,45.577494200000004,2.75,8.2075372,0.0,18.894553000000002,30.3813842,25.77699998,1.84,9.2348903,1.25,19.083873,34.241672,25.7770004,1.84,9.2348903,2.5,19.403192,34.161672,25.776999699999998,1.84,5.4653668,3.75,20.562511,34.071672,25.7769997,1.84,5.4653668,3.75,21.304765000000003,35.310807,22.013315300000002,1.33,5.8056098,3.75,22.454084,36.154786,17.61984725,0.07,7.059917,3.75,23.163403000000002,35.538765,18.79703525,0.07,7.1485691,3.75,23.652723,33.642744,18.6458602,0.07,7.1485691,4.312129,23.722042000000002,30.936723,13.6946092,0.07,7.1485691,6.312129,23.761361,28.0189522,4.8603804,0.07,7.1485691,8.312129,26.1800004,31.94924,0.0,0.07,7.1485691,10.312129,28.598638700000002,35.879528
27,cap,1.068475525691582,0.8165133603780569,1.1065279568292463,2,optimal,136119.69632264,136119.69632264,1529.9973327280002,121.622930616,31.61,4.75,0.0,9.43,17.05,99.810616725,31.5,4.75,0.0,9.43,17.05,100.315977616,29.810000000000002,4.75,0.0,9.43,17.05,99.35944361600001,29.21,4.75,0.0,10.57,17.05,97.49086172500002,28.67,4.75,0.0,12.07,17.05,95.88038972500001,23.689999999999998,4.75,0.0,13.51,17.05,95.367612725,17.11,4.75,0.0,13.51,20.369584,78.7149998,14.030000000000001,4.75,0.0,13.51,23.689168,78.7149998,13.67,4.75,0.0,13.51,24.772879,78.71500066,12.92,4.75,0.0,13.51,25.095983999999998,78.71500006000001,10.690000000000001,4.75,0.0,13.51,25.420108,62.92036754,5.59,7.0354651,0.0,13.51,25.746012,50.94012402,2.75,10.085459,0.0,13.51,26.072934999999998,51.8554745,2.75,10.344732,0.0,13.51,26.632689,48.217035499999994,2.75,10.344732,1.25,13.51,26.73136,41.3957985,2.75,10.344732,2.5,15.723056,30.677809500000002,37.5917725,2.75,10.344732,3.75,14.0661118,34.9834383,25.776999900000003,1.84,10.344732,3.75,15.259168,42.105869999999996,25.7769999,1.84,10.344732,3.75,16.073366,42.02587,25.77700044,1.84,8.4861496,3.75,16.890842,41.93587,25.77699965,1.84,8.5020106,3.75,17.822071,41.65587,25.7769995,1.33,8.6956923,3.75,19.142715000000003,40.68587,23.97039795,0.07,10.159925,3.75,19.433652000000002,41.575454,24.36727895,0.07,10.159925,3.75,20.498021,41.185036999999994,18.0785049,0.07,10.159925,5.6644974,21.571077000000002,40.711832,12.0037357,0.07,10.159925,7.6644974,23.0520989,39.161416,5.06401021,0.07,10.159925,9.6644974,26.617966799999998,39.161416,0.0,0.07,10.159925,11.664497,31.0440788,42.223798
28,cap,1.0521697079546128,1.4978233318838627,1.1230928088547154,1,optimal,144109.52630117,144109.52630117,1458.0146978660002,121.622930616,31.61,4.75,0.0,9.43,17.05,99.81959889,31.5,4.75,0.0,9.43,17.05,100.33704058000001,29.810000000000002,4.75,0.0,9.43,17.05,99.28339035,29.21,4.75,0.0,10.57,17.05,97.34279639,28.67,4.75,0.0,12.07,17.05,95.18898455,23.689999999999998,4.75,0.0,13.51,17.639350999999998,94.56395536000001,17.11,4.75,0.0,13.51,21.00863,78.71499987999998,14.030000000000001,4.75,0.0,15.756186,28.1182474,78.71500030000001,13.67,4.75,0.0,17.816613,28.6548964,78.71499979999999,12.92,4.75,0.0,18.564654,28.7308874,78.0680703,10.690000000000001,4.75,0.0,20.81084,28.7308874,60.25202730000001,5.59,4.75,0.0,23.057025000000003,29.628909,40.4940444,2.75,6.2129215,0.0,25.303210999999997,31.6411533,36.8078879,2.75,6.2129215,1.25,25.303210999999997,31.6411533,32.668556,2.75,6.2129215,2.5,25.303210999999997,31.953147299999998,27.8341453,2.75,6.2129215,3.75,25.303210999999997,32.0355383,33.315871200000004,2.75,6.2129215,3.75,21.581324000000002,32.3496633,25.776999700000005,1.84,6.2129215,3.75,22.80751,36.0921923,25.777000299999997,1.84,6.2129215,3.75,24.163694999999997,36.4088333,25.777,1.84,5.0847641,3.75,26.18,36.5985333,25.7769997,1.84,5.3654527,3.75,26.18,37.0449293,24.600949200000002,1.33,6.1840058,3.75,26.119999999999997,38.071030300000004,19.48174685,0.07,7.7183494,3.75,26.18,39.0103093,20.662077849999996,0.07,8.0181853,3.75,26.18,38.6695873,17.13885319,0.07,8.0181853,5.428132,25.04,37.5188663,13.074286390000001,0.07,8.0181853,7.428132,23.981878000000002,36.0181443,6.20448557,0.07,8.0181853,9.428132,26.2280636,36.0181443,0.0,0.07,8.0181853,11.428132,30.6723712,41.032857
29,cap,1.2469282022568797,1.3953486292501838,1.2482194816850392,3,optimal,167468.00372423,167468.00372423,1513.5164967459998,121.622930616,31.61,4.75,0.0,9.43,17.05,99.81959889,31.5,4.75,0.0,9.43,17.05,100.33704058000001,29.810000000000002,4.75,0.0,9.43,17.05,100.56720306000001,29.21,4.75,0.0,10.57,17.05,99.77813254,28.67,4.75,0.0,12.07,17.05,97.27085755,23.689999999999998,4.75,0.0,13.51,19.255150999999998,97.3239238,17.11,4.75,0.0,13.7366079,22.736268,78.7149995,14.030000000000001,4.75,0.0,16.233047,30.849694200000002,78.71500010999999,13.67,4.75,0.0,18.729486,34.2983435,78.7150008,12.92,4.75,0.0,20.284053999999998,34.2983435,78.7149993,10.690000000000001,4.75,0.0,20.284053999999998,34.5708385,63.199447000000006,5.59,5.3765024,0.0,22.780492000000002,35.5370512,42.5304984,2.75,7.8990006,0.0,25.276930999999998,40.419453,42.6186339,2.75,8.0806328,0.0,26.18,42.087959,44.2024223,2.75,8.5409526,0.0,26.18,43.061764,40.782479200000004,2.75,8.5409526,1.25,26.18,43.359899999999996,40.295070200000005,2.75,8.5409526,2.5,23.097122,43.893712,25.7770003,1.84,8.5409526,3.75,24.573560999999998,48.612483,25.777,1.84,8.5409526,3.75,26.18,49.156811000000005,25.7770002,1.84,8.1765721,3.75,26.18,50.06187,25.77699999,1.84,8.8776404,3.75,26.18,51.520723000000004,25.777000100000002,1.33,9.8228413,3.75,26.18,51.520723000000004,25.72878385,0.07,11.054574,4.1654133,26.18,51.323736,21.08671939,0.07,11.054574,6.1654133,25.46,51.350723,16.03994368,0.07,11.054574,8.1654133,26.136144599999998,48.804942,11.22643578,0.07,11.054574,10.165413,27.6864165,46.216065,5.341375709999999,0.07,11.054574,12.165413,30.492584,46.216065,0.0,0.07,11.054574,14.165413,35.485461,54.329491000000004
30,cap,1.0367178895760452,1.2980362186353012,0.7570375080918027,6,optimal,138275.49495478,138275.49495478,1491.613574046,121.622930616,31.61,4.75,0.0,9.43,17.05,99.81959889,31.5,4.75,0.0,9.43,17.05,100.33704058000001,29.810000000000002,4.75,0.0,9.43,17.05,99.18055701,29.21,4.75,0.0,10.57,17.05,97.16843739000001,28.67,4.75,0.0,12.07,17.05,93.71421445000001,23.689999999999998,4.75,0.0,13.51,19.199672,93.38636326000001,17.11,4.75,0.0,14.0104619,21.470785,78.71500023000002,14.030000000000001,4.75,0.0,15.524537,26.391528299999997,78.71499980000002,13.67,4.75,0.0,17.038612,27.760246199999997,78.7150008,12.92,4.75,0.0,18.552687,28.0520662,78.71500064,10.690000000000001,4.75,0.0,18.609625,28.1132122,61.80813470000001,5.59,4.75,0.0,20.1237,30.9834907,41.952982399999996,2.75,7.1634677,0.0,21.637774999999998,34.157866999999996,41.0851799,2.75,7.1634677,0.0,23.151850000000003,35.689527,40.7922003,2.75,7.1634677,0.0,24.665925,35.753673,40.240444200000006,2.75,7.1634677,0.0,26.18,36.049997,42.351516200000006,2.75,7.5316352,0.0,23.824075,38.266464,25.777000479999998,1.84,10.282723,0.0,24.318150000000003,40.587754000000004,25.776999850000003,1.84,10.282723,1.25,24.391677,40.507754,25.7769999,1.84,6.6042891,2.5,24.341676999999997,40.417754,25.7769999,1.84,6.6042891,3.75,24.331677,40.137754,23.461081,1.33,6.6042891,3.75,24.271676999999997,40.637003,19.789278850000002,0.07,8.1310097,3.75,23.771676999999997,40.478116,20.76796485,0.07,8.2026853,3.75,24.565752000000003,39.039228,18.29077685,0.07,8.2026853,5.3085864,23.425752000000003,36.790341,12.899568890000001,0.07,8.2026853,7.3085864,23.8131323,34.191452999999996,4.97730211,0.07,8.2026853,9.3085864,26.8412823,36.462565999999995,0.0,0.07,8.2026853,11.308586,29.8694324,41.188335
31,cap,0.9972861857225309,0.982554213949813,0.6585520579127727,8,optimal,128630.5596768,128630.5596768,1490.582290446,121.622930616,31.61,4.75,0.0,9.43,17.05,99.81959889,31.5,4.75,0.0,9.43,17.05,100.33704058000001,29.810000000000002,4.75,0.0,9.43,17.05,98.91409327,29.21,4.75,0.0,10.57,17.05,96.71944566,28.67,4.75,0.0,12.07,17.05,93.59336373000001,23.689999999999998,4.75,0.0,13.51,18.479671999999997,93.75966482000001,17.11,4.75,0.0,13.51,20.455327999999998,78.7149996,14.030000000000001,4.75,0.0,14.827104,22.430984,78.715,13.67,4.75,0.0,15.853438,24.40664,78.71499990000001,12.92,4.75,0.0,15.853438,24.635665999999997,78.71500019999999,10.690000000000001,4.75,0.0,17.170541999999998,24.888216,58.79141129999999,5.59,4.7825337,0.0,18.487645999999998,25.141081999999997,44.5482688,2.75,7.4164036,0.0,19.804751,25.62457,43.9149242,2.75,7.4164036,0.0,21.121855000000004,26.1721164,42.4487552,2.75,7.4164036,0.0,22.438958999999997,28.7293766,40.6518812,2.75,7.4164036,0.0,23.756062999999997,32.1556618,41.917544199999995,2.75,7.8577276,0.0,21.203167,36.40625,25.777,1.84,10.990529,0.0,21.500270999999998,40.616838,25.777000079999997,1.84,10.990529,0.0,21.927374999999998,41.820878,25.7769998,1.84,9.8879479,0.0,23.194479,43.30557,25.777,1.84,9.8879479,1.25,23.184479000000003,43.02557,24.445319,1.33,9.8879479,2.5,23.124479,42.05557,17.779371,0.07,9.8879479,3.75,22.624479,39.625569999999996,19.0434732,0.07,9.8879479,3.75,23.221584,37.891225999999996,17.3212932,0.07,9.8879479,4.7731824,23.398688,35.346882,12.3489825,0.07,9.8879479,6.7731824,23.5467658,32.452539200000004,4.6369295,0.07,9.8879479,8.7731824,26.1809739,34.510527100000004,0.0,0.07,9.8879479,10.773182,28.815182,38.791115
32,cap,1.0031212475986946,1.5394413857984586,1.1583148565464652,6,optimal,136045.29761832,136045.29761832,1462.282520236,121.622930616,31.61,4.75,0.0,9.43,17.05,99.81959889,31.5,4.75,0.0,9.43,17.05,100.33704058000001,29.810000000000002,4.75,0.0,9.43,17.05,98.95696810000001,29.21,4.75,0.0,10.57,17.05,96.78933139,28.67,4.75,0.0,12.07,17.05,94.73542775000001,23.689999999999998,4.75,0.0,13.51,17.141206999999998,93.81040206,17.11,4.75,0.0,13.51,20.616151,78.71500049000001,14.030000000000001,4.75,0.0,15.82663,28.145198,78.7150003,13.67,4.75,0.0,16.744417,28.699823,78.71499979999999,12.92,4.75,0.0,17.331896999999998,28.727498,78.7150003,10.690000000000001,4.75,0.0,19.119331000000003,28.727498,58.5147293,5.59,4.75,0.0,21.435961,31.2962965,37.8913254,2.75,6.2235655,0.0,23.752591000000002,35.839993,36.5357299,2.75,6.2235655,0.0,26.069221,36.098973,37.4588303,2.75,6.2235655,0.0,26.069221,36.357644,38.232314200000005,2.75,6.2235655,0.0,26.18,36.616752,40.5910832,2.75,6.8645404,0.0,24.62663,36.875551,25.77699989,1.84,8.1312361,0.0,25.923259,39.360198000000004,25.7770005,1.84,8.1312361,1.25,26.18,39.280198,25.777,1.84,5.5313488,2.5,26.130000000000003,39.190198,22.782535799999998,1.84,5.5313488,3.75,26.119999999999997,38.910198,21.0992069,1.33,5.5313488,3.75,26.060000000000002,37.940198,16.64469739,0.07,6.9458064,3.75,25.560000000000002,38.755102,18.29897909,0.07,7.4032972,3.75,24.840000000000003,38.520047000000005,16.87119719,0.07,7.4032972,4.7569374,23.700000000000003,37.474991,12.79695539,0.07,7.4032972,6.7569374,22.53,36.07536,6.30223551,0.07,7.4032972,8.7569374,24.749196700000002,36.07536,0.0,0.07,7.4032972,10.756937,29.382456400000002,37.937362
33,cap,1.0504954005712377,1.1630135340792092,1.1319873970895684,1,optimal,140709.0416966,140709.0416966,1521.458284236,121.622930616,31.61,4.75,0.0,9.43,17.05,99.81959889,31.5,4.75,0.0,9.43,17.05,100.33704058000001,29.810000000000002,4.75,0.0,9.43,17.05,99.27224747,29.21,4.75,0.0,10.57,17.05,97.32390339000001,28.67,4.75,0.0,12.07,17.05,95.59074855,23.689999999999998,4.75,0.0,13.51,17.084374,94.92032982,17.11,4.75,0.0,13.51,20.480335999999998,78.71499978,14.030000000000001,4.75,0.0,15.773975,26.6859196,78.71500040000001,13.67,4.75,0.0,15.773975,27.483951599999997,78.7149998,12.92,4.75,0.0,15.773975,27.897029600000003,78.71500010000001,10.690000000000001,4.75,0.0,15.773975,28.326440599999998,68.3103469,5.59,5.9666018,0.0,15.773975,28.633897599999997,48.783438399999994,2.75,8.8312808,0.0,16.571378,28.9420086,45.4996999,2.75,8.8312808,1.25,16.571378,29.0204806,42.110009299999994,2.75,8.8312808,2.5,16.571378,29.330653599999998,38.6757382,2.75,8.8312808,3.75,16.571378,29.6422406,39.137812200000006,2.75,8.8312808,3.75,14.965353,33.3174745,25.77699975,1.84,8.8312808,3.75,16.209328,39.220510000000004,25.777000440000002,1.84,8.8312808,3.75,17.442877,39.14051,25.777000200000003,1.84,6.9897737,3.75,19.656852,39.05051,25.7769999,1.84,6.9897737,3.75,20.913328999999997,38.77051,25.777000200000003,1.33,7.728352,3.75,20.853329000000002,39.087905,23.80268685,0.07,9.4295985,3.75,20.353329000000002,39.870213,24.15012085,0.07,9.4295985,3.75,21.345729,39.556175,19.20701485,0.07,9.4295985,5.3867777,22.31161,38.432137,13.22443139,0.07,9.4295985,7.3867777,23.405583999999998,36.9581,5.92518551,0.07,9.4295985,9.3867777,26.179999799999997,36.9581,0.0,0.07,9.4295985,11.386778,30.7079496,40.701574
34,cap,1.0823715852174995,1.3451701595080845,1.271747682887154,6,optimal,144065.46101828,144065.46101828,1496.7866227230002,121.622930616,31.61,4.75,0.0,9.43,17.05,99.81959889,31.5,4.75,0.0,9.43,17.05,100.33704058000001,29.810000000000002,4.75,0.0,9.43,17.05,99.48262406,29.21,4.75,0.0,10.57,17.05,97.68359639,28.67,4.75,0.0,12.07,17.05,96.16326055,23.689999999999998,4.75,0.0,13.51,17.05,95.35777492,17.11,4.75,0.0,13.51,20.865243,78.71499985000001,14.030000000000001,4.75,0.0,16.053494999999998,29.1316029,78.71500040000001,13.67,4.75,0.0,17.961579,29.5312109,78.7149998,12.92,4.75,0.0,18.666881,29.8680039,78.71500080000001,10.690000000000001,4.75,0.0,18.666881,29.975049900000002,62.0936711,5.59,4.75,0.0,20.683999999999997,32.0296223,40.5676854,2.75,7.0757246,0.0,23.227496000000002,37.053251,40.7099859,2.75,7.0757246,0.0,24.214179,37.502905999999996,40.9892873,2.75,7.0929323,0.0,25.149259,37.847733000000005,41.1886832,2.75,7.1074677,0.0,26.129604,38.194630000000004,42.996149200000005,2.75,7.8633811,0.0,24.656505000000003,39.912731,25.777000157000003,1.84,9.9095898,0.0,26.18,43.771845,25.7770004,1.84,9.9095898,1.25,26.18,43.691845,25.776999600000003,1.84,6.7895848,2.5,26.130000000000003,43.601845,25.550931999999996,1.84,6.7895848,3.75,26.119999999999997,43.321844999999996,24.3174801,1.33,6.7895848,3.75,26.060000000000002,42.351845,20.371096980000004,0.07,8.4771375,3.75,25.560000000000002,42.795259,20.702515849999997,0.07,8.5565252,3.8876757,25.946505000000002,42.900502,16.23846239,0.07,8.5565252,5.8876757,24.806505,42.195745,12.48184068,0.07,8.5565252,7.8876757,23.636505,39.989129,5.92100561,0.07,8.5565252,9.8876757,26.1800004,39.989129,0.0,0.07,8.5565252,11.887676,31.2669907,43.504742
35,cap,1.0460029054034237,1.1932359402789328,0.8941596557520053,6,optimal,137986.51848823,137986.51848823,1515.502185431,121.622930616,31.61,4.75,0.0,9.43,17.05,99.81959889,31.5,4.75,0.0,9.43,17.05,100.33704058000001,29.810000000000002,4.75,0.0,9.43,17.05,99.24234924000001,29.21,4.75,0.0,10.57,17.05,97.27321039,28.67,4.75,0.0,12.07,17.05,94.65680565000001,23.689999999999998,4.75,0.0,13.51,18.189353999999998,94.50151236,17.11,4.75,0.0,13.51,20.871833,78.714999875,14.030000000000001,4.75,0.0,15.298319,26.6838708,78.7149999,13.67,4.75,0.0,17.086638999999998,28.0103148,78.71499935,12.92,4.75,0.0,18.519190000000002,28.3112818,78.71500043,10.690000000000001,4.75,0.0,18.519190000000002,28.6128128,63.99744940000001,5.59,4.75,0.0,19.945762000000002,28.6846098,44.295114399999996,2.75,7.2413638,0.0,21.734082,29.2190698,44.5192469,2.75,7.2413638,0.0,22.603361,29.5237988,44.0991093,2.75,7.2413638,0.0,24.391681,29.5980388,43.4615592,2.75,7.2413638,0.0,26.18,30.054211600000002,44.4268432,2.75,7.5910329,0.0,24.098319000000004,33.9635714,25.777,1.84,10.666399,0.0,24.866639,39.705608999999995,25.7769999,1.84,10.666399,1.25,23.976639,39.625609,25.777000199999996,1.84,6.88339,2.5,23.926639,39.535609,25.7769999,1.84,6.88339,3.75,23.916639000000004,39.255609,25.5204842,1.33,6.88339,3.75,23.856639,39.403189999999995,21.118233849999996,0.07,8.4415516,3.75,23.356639,39.655669,21.72299985,0.07,8.4415516,3.75,24.418718,38.628148,18.65460485,0.07,8.4415516,5.4345944,23.278717999999998,36.790625999999996,12.79999149,0.07,8.4415516,7.4345944,24.2581792,34.6031052,5.46510151,0.07,8.4415516,9.4345944,26.5411425,36.051882199999994,0.0,0.07,8.4415516,11.434594,30.117780800000002,41.743873
36,cap,0.9438938656026787,0.9235656984961362,0.8270451911553048,1,optimal,124768.65960537,124768.65960537,1488.3402810940001,121.622930616,31.61,4.75,0.0,9.43,17.05,99.81959889,31.5,4.75,0.0,9.43,17.05,100.33704058000001,29.810000000000002,4.75,0.0,9.43,17.05,98.59279422000002,29.21,4.75,0.0,10.57,17.05,96.12100639,28.67,4.75,0.0,12.07,17.05,93.79069497,23.689999999999998,4.75,0.0,13.51,17.05,93.50722512,17.11,4.75,0.0,13.51,19.127774,78.71499990000001,14.030000000000001,4.75,0.0,13.51,21.608909999999998,78.7149996,13.67,4.75,0.0,13.51,24.090045,78.71499969999999,12.92,4.75,0.0,13.51,24.290426,78.7149999,10.690000000000001,4.75,0.0,13.51,24.489293999999997,61.1314749,5.59,5.8487775,0.0,13.51,24.687381,47.803143399999996,2.75,8.6172405,0.0,14.218887,25.079749,43.894622899999995,2.75,8.6172405,1.25,14.218887,25.079749,38.8333693,2.75,8.6172405,2.5,15.872977,25.274032,33.630385700000005,2.75,8.6172405,3.75,17.527068,25.467530999999997,35.2653662,2.75,8.6172405,3.75,15.311158,27.474656799999998,25.777000100000002,1.84,8.6172405,3.75,15.945248,32.78045,25.7769998,1.84,8.6172405,3.75,16.425376,32.700450000000004,25.776999600000003,1.84,6.1239732,3.75,16.907574,32.61045,25.777000200000003,1.84,6.1239732,3.75,18.191367,32.33045,25.411447700000004,1.33,6.1239732,3.75,19.785458,31.36045,19.45503525,0.07,7.2093412,3.75,20.939548000000002,31.411586,19.757376200000003,0.07,7.2093412,3.75,21.873638,30.182721,20.876431757999995,0.07,7.2093412,3.75,22.387729,28.143857,14.8365412,0.07,7.2093412,5.75,22.871819000000002,26.535111399999998,5.685797,0.07,7.2093412,7.75,25.3646831,28.888600399999998,0.0,0.07,7.2093412,9.75,28.672863500000002,31.7961965
37,cap,1.0252191435279752,1.3343696878782474,1.3773519804958037,2,optimal,138552.20936172,138552.20936172,1480.1774644659997,121.622930616,31.61,4.75,0.0,9.43,17.05,99.81959889,31.5,4.75,0.0,9.43,17.05,100.33704058000001,29.810000000000002,4.75,0.0,9.43,17.05,99.10403176000001,29.21,4.75,0.0,10.57,17.05,97.03868539,28.67,4.75,0.0,12.07,17.05,95.18457455000001,23.689999999999998,4.75,0.0,13.51,17.05,94.42918068,17.11,4.75,0.0,13.51,20.355180999999998,78.71499979,14.030000000000001,4.75,0.0,16.264704000000002,27.1182841,78.7150005,13.67,4.75,0.0,17.95801,27.3978871,78.7149998,12.92,4.75,0.0,18.476223,27.6783801,78.71499909,10.690000000000001,4.75,0.0,18.538902,27.7279651,61.142869000000005,5.59,4.75,0.0,21.293605999999997,29.5772832,41.2051754,2.75,6.3567996,0.0,24.04831,30.5260144,41.4248069,2.75,6.3567996,0.0,24.849486,30.8085694,37.8041613,2.75,6.3567996,1.25,24.849486,30.8982944,33.5570544,2.75,6.3567996,2.5,24.849486,31.1438014,33.041988700000005,2.75,6.3567996,3.75,20.979486,31.4275264,25.7770004,1.84,6.3567996,3.75,22.714190000000002,33.7246145,25.776999500000002,1.84,6.3567996,3.75,23.890696,33.6446145,25.776999900000003,1.84,4.9742218,3.75,25.100149000000002,33.929885500000005,25.776999999999997,1.84,4.9742218,3.75,26.017196,34.216049500000004,25.107109200000004,1.33,5.7781924,3.75,25.957196000000003,34.2713005,20.179075849999997,0.07,7.4295189,3.75,25.457196000000003,34.7295465,20.645003850000002,0.07,7.5752092,3.75,25.854449000000002,34.9883055,19.507029850000002,0.07,7.5752092,4.6595322,24.714449000000002,34.6003605,14.485839389999999,0.07,7.5752092,6.6595322,23.544449,33.8624165,6.573309180000001,0.07,7.5752092,8.6595322,26.299152999999997,33.8624165,0.0,0.07,7.5752092,10.659532,31.6894079,34.441067499999996
38,cap,1.209865653969493,1.5702473429900858,1.207414800431664,6,optimal,163743.98720978,163743.98720978,1491.643655458,121.622930616,31.61,4.75,0.0,9.43,17.05,99.81959889,31.5,4.75,0.0,9.43,17.05,100.33704058000001,29.810000000000002,4.75,0.0,9.43,17.05,100.32292706000001,29.21,4.75,0.0,10.57,17.05,99.28378754,28.67,4.75,0.0,12.07,17.05,97.17833355,23.689999999999998,4.75,0.0,13.51,18.556148,93.27101516,17.11,4.75,0.0,15.92483,22.926806,78.71500031,14.030000000000001,4.75,0.0,18.339658999999997,30.7750018,78.7149996,13.67,4.75,0.0,19.972165,30.7750018,78.7149998,12.92,4.75,0.0,21.108147000000002,31.2156418,78.71500010000001,10.690000000000001,4.75,0.0,22.679403,31.4508728,58.265413800000005,5.59,4.75,0.0,25.094233000000003,36.147792,39.8094274,2.75,7.2970882,0.0,26.18,41.079648,38.8244569,2.75,7.6978246,0.0,26.18,45.785148,39.6543863,2.75,8.1166943,0.0,26.18,47.583479,40.551822200000004,2.75,8.5496556,0.0,26.18,49.233986,42.2438822,2.75,9.4289076,0.0,24.724829999999997,51.823931,25.77699968,1.84,12.323234,0.0,26.119659,55.609,25.777000232,1.84,12.323234,1.25,26.18,55.529,25.7769997,1.84,8.7752067,2.5,26.18,55.439,25.7770001,1.84,8.7752067,3.75,26.17,55.159000000000006,25.777000199999996,1.33,8.9900632,3.75,26.18,54.189,23.475663389999998,0.07,10.877908,3.75,25.68,54.628834999999995,20.03053938,0.07,10.877908,5.6622392,24.96,53.397537,16.36030368,0.07,10.877908,7.6622392,24.8899653,48.919903000000005,11.69287348,0.07,10.877908,9.6622392,26.1347949,46.062484,5.15425361,0.07,10.877908,11.662239,29.6647945,48.462633,0.0,0.07,10.877908,13.662239,34.494454000000005,52.084877
39,cap,1.2670769028683653,1.4585931709917892,1.0002851445894967,5,optimal,170741.2276888,170741.2276888,1512.0614231359993,121.622930616,31.61,4.75,0.0,9.43,17.05,99.81959889,31.5,4.75,0.0,9.43,17.05,100.33704058000001,29.810000000000002,4.75,0.0,9.43,17.05,100.70000106,29.21,4.75,0.0,10.57,17.05,100.04687854,28.67,4.75,0.0,12.07,17.05,97.32115755000001,23.689999999999998,4.75,0.0,13.51,19.635157,94.87203536,17.11,4.75,0.0,15.51057,23.0268154,78.71499968,14.030000000000001,4.75,0.0,17.511141000000002,29.5286684,78.71500012,13.67,4.75,0.0,19.511711,33.6804608,78.7149998,12.92,4.75,0.0,21.143431,33.6804608,78.71500057,10.690000000000001,4.75,0.0,22.178859000000003,33.9732128,61.020364300000004,5.59,5.1083948,0.0,24.179430000000004,36.945549,41.9599074,2.75,7.803417,0.0,26.18,40.981260999999996,41.6195999,2.75,8.2640186,0.0,26.18,45.022844,43.463192299999996,2.75,8.7467721,0.0,26.18,45.568471,44.91411120000001,2.75,9.2409571,0.0,26.18,46.716784000000004,46.6115482,2.75,10.29903,0.0,24.31057,50.368528,25.77699968,1.84,11.27701,1.25,25.291141000000003,55.191501,25.777000200000003,1.84,11.27701,2.5,26.18,55.111501000000004,25.777000400000002,1.84,8.6720364,3.75,26.18,55.021501,25.777,1.84,9.209977,3.75,26.18,54.741501,25.7769996,1.33,10.038641,3.75,26.18,55.191501,24.65093579,0.07,11.32794,4.4399174,25.68,55.131501,19.28667938,0.07,11.32794,6.4399174,26.8003865,53.197597,14.94091568,0.07,11.32794,8.4399174,27.660956799999997,48.677597000000006,10.75242868,0.07,11.32794,10.439917,28.4915271,46.180839,4.3770976600000004,0.07,11.32794,12.439917,32.021527000000006,49.181695000000005,0.0,0.07,11.32794,14.439917,36.022668,55.683548
40,cap,0.9308335234002155,1.2372941497940761,0.7702647962722674,2,optimal,126383.42981691,126383.42981691,1490.4911725639997,121.622930616,31.61,4.75,0.0,9.43,17.05,99.81959889,31.5,4.75,0.0,9.43,17.05,100.33704058000001,29.810000000000002,4.75,0.0,9.43,17.05,98.51997122000002,29.21,4.75,0.0,10.57,17.05,95.97363239,28.67,4.75,0.0,12.07,17.05,93.56552657,23.689999999999998,4.75,0.0,13.51,17.05,93.01349007,17.11,4.75,0.0,13.51,19.360794,78.71499967800001,14.030000000000001,4.75,0.0,15.05053,24.3675158,78.71499977,13.67,4.75,0.0,16.151359,26.6783098,78.71500069999999,12.92,4.75,0.0,16.151359,27.087640800000003,78.71500040000002,10.690000000000001,4.75,0.0,16.151359,27.087640800000003,64.12651100000001,5.59,4.75,0.0,16.952472,27.2723278,44.1494394,2.75,7.2030744,0.0,18.493001,27.6862888,44.3486289,2.75,7.2030744,0.0,18.984897,27.8681468,40.6888973,2.75,7.2030744,1.25,18.984897,27.8681468,36.651538200000005,2.75,7.2030744,2.5,18.984897,27.996212800000002,34.2789887,2.75,7.2030744,3.75,16.655427,28.1734718,25.7769999,1.84,7.2030744,3.75,17.175956,29.6850196,25.777000100000002,1.84,7.2030744,3.75,17.826486000000003,29.6050196,25.777,1.84,5.2061907,3.75,19.317016000000002,29.5249106,25.7770004,1.84,5.2061907,3.75,20.578511,29.6968716,25.2634082,1.33,5.6651094,3.75,20.518510999999997,30.9648386,18.73856885,0.07,6.7703208,3.75,21.559040000000003,30.845632600000002,19.290471850000003,0.07,6.7703208,3.75,22.327882000000002,29.446426600000002,20.508835849999997,0.07,6.7703208,3.75,22.728411,27.237221599999998,15.271515849999998,0.07,6.7703208,5.6558656,23.098941000000003,24.678015600000002,6.35417718,0.07,6.7703208,7.6558656,24.8829588,26.9888106,0.0,0.07,6.7703208,9.6558656,27.9640184,31.9955314
41,cap,1.1024259690117493,1.563593821856655,0.8360051542444156,1,optimal,151489.65758236,151489.65758236,1457.364896156,121.622930616,31.61,4.75,0.0,9.43,17.05,99.81959889,31.5,4.75,0.0,9.43,17.05,100.33704058000001,29.810000000000002,4.75,0.0,9.43,17.05,99.61480106,29.21,4.75,0.0,10.57,17.05,97.90989139,28.67,4.75,0.0,12.07,17.05,93.85956115,23.689999999999998,4.75,0.0,13.9267682,19.558014999999997,92.06761744,17.11,4.75,0.0,15.598779,22.066031,78.71500008999999,14.030000000000001,4.75,0.0,17.270789,27.500064000000002,78.71499996,13.67,4.75,0.0,18.942799,28.241528000000002,78.71500079999998,12.92,4.75,0.0,20.108669,28.241528000000002,78.71500040000001,10.690000000000001,4.75,0.0,21.780679,28.599787999999997,60.73508530000001,5.59,4.75,0.0,23.452689999999997,30.859418700000003,41.0240714,2.75,6.6977942,0.0,25.124699999999997,34.2420222,36.9857599,2.75,6.6977942,1.25,25.559772000000002,34.2420222,33.1755135,2.75,6.6977942,2.5,25.559772000000002,34.3776022,28.3396498,2.75,6.6977942,3.75,25.649687999999998,34.7467142,32.004886400000004,2.75,6.6977942,3.75,23.451698,35.1175292,25.776999600000003,1.84,6.6977942,3.75,24.103709000000002,38.647503,25.7769998,1.84,6.6977942,3.75,24.885719,39.647543,25.777,1.84,5.866064,3.75,26.18,40.257721,25.777000100000002,1.84,6.2075886,3.75,26.18,42.170067,25.4632977,1.33,7.085741,3.75,26.119999999999997,42.767899,21.165969849999996,0.07,8.6829767,3.75,26.18,42.845914,21.62380485,0.07,8.6829767,4.200979,25.888956999999998,41.64393,16.96704939,0.07,8.6829767,6.200979,25.1788018,39.631945,11.79662908,0.07,8.6829767,8.200979,25.6808121,37.269960999999995,4.88373711,0.07,8.6829767,10.200979,28.2818554,39.777975999999995,0.0,0.07,8.6829767,12.200979,31.6258757,45.21201
42,cap,1.2075087039636667,1.2781924754784795,0.71923841869657,0,optimal,163850.1507119,163850.1507119,1477.4445146559997,121.622930616,31.61,4.75,0.0,9.43,17.05,99.81959889,31.5,4.75,0.0,9.43,17.05,100.33704058000001,29.810000000000002,4.75,0.0,9.43,17.05,100.30739206000001,29.21,4.75,0.0,10.57,17.05,99.25234954,28.67,4.75,0.0,12.07,17.05,96.63262255000001,23.689999999999998,4.75,0.0,13.51,19.207715,94.89524026000001,17.11,4.75,0.0,14.948477,22.2448308,78.7150003,14.030000000000001,4.75,0.0,16.386954,26.9198803,78.71499969999999,13.67,4.75,0.0,17.825431000000002,31.594929800000003,78.7149996,12.92,4.75,0.0,19.263907,32.140104799999996,78.7150004,10.690000000000001,4.75,0.0,20.702384000000002,32.3729658,64.216777,5.59,5.2703934,0.0,22.140861,33.0725638,41.427902399999994,2.75,6.8441212,1.25,23.579338,33.5449538,38.258235899999995,2.75,6.8441212,2.5,23.579338,33.7909378,34.6606179,2.75,6.8441212,3.75,23.579338,34.2718058,33.4713714,2.75,6.8441212,3.75,25.017815,36.6319656,35.951041200000006,2.75,6.8441212,3.75,22.586292,39.638648,25.777000500000003,1.84,7.7894033,3.75,23.004768,44.226908,25.7770004,1.84,7.9712496,3.75,23.553244999999997,46.664242,25.7769999,1.84,8.1196853,3.75,24.941722,47.326294000000004,25.7770006,1.84,8.2118094,3.75,26.18,48.447535,25.777000100000002,1.33,8.9905432,3.75,26.119999999999997,48.900714,24.844508849999997,0.07,10.413215,3.75,26.6797021,48.628429,19.35987239,0.07,10.413215,5.6298348,27.398179,47.076145,14.78811938,0.07,10.413215,7.6298348,27.696655800000002,44.71386,10.02019808,0.07,10.413215,9.6298348,28.678178600000003,42.5354,3.83369416,0.07,10.413215,11.629835,31.555132,47.210449,0.0,0.07,10.413215,13.629835,34.432086,51.8855
43,cap,1.060654489555407,1.0247576812289654,1.2775986965069837,8,optimal,136225.32255107,136225.32255107,1524.6263578759997,121.622930616,31.61,4.75,0.0,9.43,17.05,99.81959889,31.5,4.75,0.0,9.43,17.05,100.33704058000001,29.810000000000002,4.75,0.0,9.43,17.05,99.33948906,29.21,4.75,0.0,10.57,17.05,97.43853939,28.67,4.75,0.0,12.07,17.05,95.79137455,23.689999999999998,4.75,0.0,13.51,17.05,94.89029519,17.11,4.75,0.0,13.51,20.814483,78.7150003,14.030000000000001,4.75,0.0,13.51,26.1039292,78.7149998,13.67,4.75,0.0,13.51,26.7331122,78.71499951,12.92,4.75,0.0,13.51,26.7331122,78.7150004,10.690000000000001,4.75,0.0,13.51,26.818323200000002,62.93929890000001,5.59,6.7557044,0.0,13.51,27.1362032,48.794309399999996,2.75,9.1320277,0.0,15.889229,27.685993200000002,49.0648379,2.75,9.1320277,0.0,16.885192,27.7753032,47.5687409,2.75,9.1320277,0.0,19.440389,28.0965212,45.4300349,2.75,9.1320277,0.0,21.995587,30.5461951,44.279305900000004,2.75,9.1320277,0.0,20.680784000000003,37.8522835,25.777,1.84,11.633212,0.0,22.215981,46.086675,25.77699969,1.84,11.633212,0.0,23.674802999999997,46.006675,25.7769996,1.84,10.026884,0.0,26.18,45.916675,25.7769996,1.84,10.026884,1.25,26.17,45.636675,24.8119312,1.33,10.026884,2.5,26.11,44.666675,18.4137512,0.07,10.026884,3.75,25.61,42.236675,20.401285199999997,0.07,10.026884,3.75,24.89,41.944812,17.1335215,0.07,10.026884,5.4382793,23.75,40.127806,13.0054084,0.07,10.026884,7.4382793,22.866998000000002,39.090602,5.5766653,0.07,10.026884,9.4382793,26.1800004,39.090602,0.0,0.07,10.026884,11.438279,31.2903948,41.897467
44,cap,0.9497841330061919,1.5069495071810737,0.7502597940523746,8,optimal,128855.42038262,128855.42038262,1445.012886806,121.622930616,31.61,4.75,0.0,9.43,17.05,99.81959889,31.5,4.75,0.0,9.43,17.05,100.33704058000001,29.810000000000002,4.75,0.0,9.43,17.05,98.62563822000001,29.21,4.75,0.0,10.57,17.05,96.18747239000001,28.67,4.75,0.0,12.07,17.05,93.64349323,23.689999999999998,4.75,0.0,13.51,17.369992,92.19969094,17.11,4.75,0.0,14.231152,19.620770999999998,78.7150002,14.030000000000001,4.75,0.0,15.731672,24.4085836,78.7149997,13.67,4.75,0.0,16.779242,26.6593626,78.71499979999999,12.92,4.75,0.0,17.176882,26.6593626,78.23618540000001,10.690000000000001,4.75,0.0,18.677402,26.6748976,59.0957784,5.59,4.75,0.0,20.177922000000002,29.900374900000003,39.7393674,2.75,6.3876795,0.0,21.678441,33.1362172,37.4065749,2.75,6.3876795,0.0,23.178961,35.788058,35.8540773,2.75,6.3876795,0.0,24.679479999999998,37.301796,35.0704552,2.75,6.3876795,0.0,26.18,37.501819,36.6930282,2.75,6.4058844,0.0,23.810519999999997,39.722599,25.7770002,1.84,7.5587747,0.0,24.291038999999998,42.778085,25.777000490000002,1.84,7.5587747,0.0,24.901559,42.698085,25.77699999,1.84,7.1367703,0.0,26.18,42.608085,25.7769998,1.84,7.1367703,1.25,26.17,42.328085,20.274489000000003,1.33,7.1367703,2.5,26.11,41.358085,13.09073218,0.07,7.1367703,3.75,25.61,39.686506,14.81586239,0.07,7.1367703,3.75,24.89,38.227285,15.827453389999999,0.07,7.1367703,4.0971667,23.75,35.958064,11.63954909,0.07,7.1367703,6.0971667,23.178961,33.338843999999995,5.5804689100000004,0.07,7.1367703,8.0971667,24.679479999999998,33.338843999999995,0.0,0.07,7.1367703,10.097167,27.6805196,35.589623
45,cap,0.9927599513848554,1.6253507919616257,0.9120596415518893,3,optimal,136603.32222764,136603.32222764,1456.3287641560005,121.622930616,31.61,4.75,0.0,9.43,17.05,99.81959889,31.5,4.75,0.0,9.43,17.05,100.33704058000001,29.810000000000002,4.75,0.0,9.43,17.05,98.88801236,29.21,4.75,0.0,10.57,17.05,96.67241339,28.67,4.75,0.0,12.07,17.05,94.18944315,23.689999999999998,4.75,0.0,13.51,17.616401,91.24750124,17.11,4.75,0.0,15.334119,20.35258,78.71499983,14.030000000000001,4.75,0.0,17.158239000000002,24.0299848,78.71500034,13.67,4.75,0.0,18.328037000000002,25.5301568,78.71499979999999,12.92,4.75,0.0,18.883523,25.5476248,77.3489674,10.690000000000001,4.75,0.0,20.707642,25.7956238,59.631490400000004,5.59,4.75,0.0,22.531761000000003,28.314664099999998,39.2209694,2.75,5.9688359,0.0,24.355880999999997,32.2468439,38.3981029,2.75,5.9688359,0.0,26.18,32.2468439,39.3556573,2.75,5.9688359,0.0,26.18,32.4809589,34.898511,2.75,5.9688359,1.25,26.18,32.7285889,33.0010692,2.75,5.9688359,2.5,23.751748,32.7446509,25.777,1.84,5.9688359,3.75,22.731748000000003,32.9916139,25.777,1.84,5.9688359,3.75,23.539088,33.2387999,24.8730618,1.84,4.4105273,3.75,25.313207,33.4854679,25.3884826,1.84,4.5465073,3.75,25.61824,33.7323579,21.5689096,1.33,5.0844613,3.75,26.18,35.4985369,16.75974969,0.07,6.5713354,3.75,26.18,35.8047159,18.14515885,0.07,6.8045928,3.75,26.18,34.830894900000004,17.73422985,0.07,6.8045928,4.5991058,25.04,33.0470729,13.209389389999998,0.07,6.8045928,6.5991058,23.869999999999997,30.9132519,6.31907458,0.07,6.8045928,8.5991058,25.5309869,31.1587849,0.0,0.07,6.8045928,10.599106,29.1792252,37.0871726
46,cap,1.2898771251529157,1.3877876328566174,1.154898267762332,5,optimal,172652.37096883,172652.37096883,1522.644148526,121.622930616,31.61,4.75,0.0,9.43,17.05,99.81959889,31.5,4.75,0.0,9.43,17.05,100.33704058000001,29.810000000000002,4.75,0.0,9.43,17.05,100.85027506000002,29.21,4.75,0.0,10.57,17.05,100.35099054,28.67,4.75,0.0,12.07,17.05,97.37807655,23.689999999999998,4.75,0.0,13.51,20.065172,96.33449026000001,17.11,4.75,0.0,14.712999,23.293943,78.71499992,14.030000000000001,4.75,0.0,17.022796,30.800781899999997,78.71499991,13.67,4.75,0.0,19.332591999999998,34.8429259,78.7149998,12.92,4.75,0.0,21.054800999999998,34.8429259,78.7149998,10.690000000000001,4.75,0.0,21.156754,35.1586019,63.3461413,5.59,5.5266795,0.0,23.466551000000003,36.448551,43.0938424,2.75,8.1246071,0.0,25.776347,41.280314,43.3406529,2.75,8.4945648,0.0,26.18,43.738522,44.3853633,2.75,8.9930642,0.0,26.18,45.727593999999996,45.376696200000005,2.75,9.5061561,0.0,26.18,47.774271,46.979958200000006,2.75,10.496189,0.0,24.619797,51.263344000000004,25.77699959,1.84,11.522914,1.25,25.909593,56.230214000000004,25.77700017,1.84,11.522914,2.5,26.18,56.150214000000005,25.7770004,1.84,8.8153775,3.75,26.18,56.060214,25.77699975,1.84,9.5988861,3.75,26.18,55.780214,25.7769996,1.33,10.688286,3.75,26.18,56.230214000000004,24.58986439,0.07,11.459823,4.7493696,25.68,56.170214,20.02444138,0.07,11.459823,6.7493696,26.1732795,54.469215,15.46251068,0.07,11.459823,8.7493696,27.343075999999996,49.949214999999995,10.95927468,0.07,11.459823,10.74937,28.4828726,48.098752000000005,4.64700166,0.07,11.459823,12.74937,32.012872,51.205519,0.0,0.07,11.459823,14.74937,36.632466,57.051601000000005
47,cap,1.0235872796302365,1.1351120631576717,1.3527473501295213,4,optimal,134654.49080296,134654.49080296,1541.1095614609999,121.622930616,31.61,4.75,0.0,9.43,17.05,99.81959889,31.5,4.75,0.0,9.43,17.05,100.33704058000001,29.810000000000002,4.75,0.0,9.43,17.05,99.09317169,29.21,4.75,0.0,10.57,17.05,97.02027139,28.67,4.75,0.0,12.07,17.05,95.15662955,23.689999999999998,4.75,0.0,13.51,17.05,94.33775727,17.11,4.75,0.0,13.51,20.421623999999998,78.715000377,14.030000000000001,4.75,0.0,14.567308,26.970051599999998,78.71499985999999,13.67,4.75,0.0,14.567308,27.2480816,78.7150005,12.92,4.75,0.0,14.567308,27.3574236,78.715,10.690000000000001,4.75,0.0,14.567308,27.8059606,60.793973900000005,5.59,6.1431161,0.0,14.567308,27.8547606,48.4673264,2.75,9.1974732,0.0,14.567308,28.365767599999998,48.6866039,2.75,9.1974732,0.0,15.363137,28.646581599999998,48.9059033,2.75,9.1974732,0.0,16.159292999999998,28.9275026,49.0955772,2.75,9.1974732,0.0,17.066757000000003,28.978231599999997,46.2008762,2.75,9.1974732,1.25,15.902252,29.2601166,25.777000138000002,1.84,9.1974732,2.5,17.587747,34.756074999999996,25.776999600000003,1.84,9.1974732,3.75,18.345143999999998,34.676075,25.777,1.84,6.3191069,3.75,20.517667000000003,34.586075,25.777000100000002,1.84,6.6048613,3.75,21.18146,34.306075,25.777000200000003,1.33,7.1748161,3.75,21.12146,34.590368999999995,23.345172249999997,0.07,8.7719204,3.75,20.874603999999998,34.815523,23.401036249999997,0.07,8.7719204,3.75,21.750666000000002,35.097608,20.8365152,0.07,8.7719204,4.6517729,22.310412,34.63585,14.0086855,0.07,8.7719204,6.6517729,23.474505,33.824092,6.2354906,0.07,8.7719204,8.6517729,26.172601299999997,33.824092,0.0,0.07,8.7719204,10.651773,31.583591000000002,34.51634
48,cap,0.9804812802898658,1.7870407913422335,1.2066446896030547,7,optimal,134965.806325,134965.806325,1430.509395476,121.622930616,31.61,4.75,0.0,9.43,17.05,99.81959889,31.5,4.75,0.0,9.43,17.05,100.33704058000001,29.810000000000002,4.75,0.0,9.43,17.05,98.80629643,29.21,4.75,0.0,10.57,17.05,96.53386039,28.67,4.75,0.0,12.07,17.05,94.41847665,23.689999999999998,4.75,0.0,13.51,17.05,93.46286716,17.11,4.75,0.0,13.51,20.434196,78.71500014,14.030000000000001,4.75,0.0,15.923289,27.997946799999998,78.71500019999999,13.67,4.75,0.0,16.394917,28.4654478,78.71499979999999,12.92,4.75,0.0,16.908285,28.4708208,77.5473553,10.690000000000001,4.75,0.0,19.321575,28.4708208,55.147077800000005,5.59,4.75,0.0,21.734864,33.396405200000004,35.282385399999995,2.75,5.8934768,0.0,24.148153,38.072991,33.8846217,2.75,5.8934768,0.0,26.18,38.300929,35.1419713,2.75,5.8934768,0.0,26.18,38.303938,35.6120922,2.75,5.9297692,0.0,26.18,39.056657,36.8699432,2.75,6.523766,0.0,24.723289,40.727411000000004,25.7770005,1.84,7.4325105,0.0,26.116579,44.277345,25.777000299999997,1.84,7.6297017,0.0,26.18,44.197345,25.776999599999996,1.84,6.3752634,1.25,26.18,44.107344999999995,23.6526369,1.84,6.3752634,2.5,26.17,43.827345,17.4677163,1.33,6.3752634,3.75,26.11,42.857344999999995,14.46244738,0.07,6.4700502,3.75,25.625987000000002,41.333932,14.81092739,0.07,6.5382631,3.75,26.18,41.243866,14.31435639,0.07,6.5382631,4.4928502,25.04,40.3438,11.19182418,0.07,6.5382631,6.4928502,23.869999999999997,35.4738,6.64696878,0.07,6.5382631,8.4928502,23.869999999999997,35.4738,0.0,0.07,6.5382631,10.49285,28.593289400000003,37.238331
49,cap,1.1566054358022413,1.1190796932223963,0.9051943461119359,3,optimal,152157.52040948,152157.52040948,1541.7509603160001,121.622930616,31.61,4.75,0.0,9.43,17.05,99.81959889,31.5,4.75,0.0,9.43,17.05,100.33704058000001,29.810000000000002,4.75,0.0,9.43,17.05,99.97189306000001,29.21,4.75,0.0,10.57,17.05,98.56936626000001,28.67,4.75,0.0,12.07,17.05,95.59752655000001,23.689999999999998,4.75,0.0,13.51,19.418421,96.07812477,17.11,4.75,0.0,13.51,22.134003999999997,78.7149998,14.030000000000001,4.75,0.0,15.320389,28.0177672,78.7149996,13.67,4.75,0.0,15.320389,29.5608614,78.71500040000001,12.92,4.75,0.0,15.320389,29.5608614,78.7149999,10.690000000000001,4.75,0.0,15.320389,29.9735934,62.522396900000004,5.59,6.952826,0.0,15.320389,30.1588674,50.7955334,2.75,10.135421,0.0,15.320389,30.8090474,51.0436199,2.75,10.135421,0.0,16.552087999999998,31.2317744,51.2922753,2.75,10.135421,0.0,17.792397,31.6573044,46.1389183,2.75,10.135421,1.25,18.32725,35.0235646,43.2878623,2.75,10.135421,2.5,16.267639000000003,38.623673000000004,25.77699963,1.84,10.135421,3.75,17.058028,44.437436,25.77700025,1.84,10.135421,3.75,17.978416,44.605209,25.77700008,1.84,8.8544205,3.75,19.738805,44.515209,25.776999980000003,1.84,8.8544205,3.75,21.539194000000002,44.235209,25.7770004,1.33,9.2412608,3.75,22.374983999999998,45.692773,25.03196425,0.07,10.476485,3.75,23.685372,45.978356,23.3192182,0.07,10.476485,4.9373373,22.965372000000002,44.983939,16.9089885,0.07,10.476485,6.9373373,24.3536711,43.179522,11.157181,0.07,10.476485,8.9373373,25.8317258,40.86985,4.511521500000001,0.07,10.476485,10.937337,29.4525025,42.721057,0.0,0.07,10.476485,12.937337,33.073280000000004,48.604820000000004
50,cap,1.1015211800778117,0.7183951037989147,0.9948572479547169,5,optimal,135825.04272178,135825.04272178,1465.476712158,121.622930616,31.61,4.75,0.0,9.43,17.05,99.810616725,31.5,4.75,0.0,9.43,17.05,100.315977616,29.810000000000002,4.75,0.0,9.43,17.05,90.706752716,29.21,4.75,0.0,10.57,17.05,89.98525192500001,28.67,4.75,0.0,12.07,17.05,89.394041825,23.689999999999998,4.75,0.0,13.51,17.05,89.37086072500001,17.11,4.75,0.0,13.51,20.034571999999997,78.7150001,14.030000000000001,4.75,0.0,13.51,23.019143,78.715,13.67,4.75,0.0,13.51,24.954003,78.714999398,12.92,4.75,0.0,13.51,25.309659999999997,78.299475116,10.690000000000001,4.75,0.0,13.51,25.667009999999998,54.703474016,5.59,8.4823649,0.0,13.51,26.026818,44.723482116,2.75,10.473809,0.0,13.5174947,26.388315,43.428611316,2.75,10.473809,0.0,15.507209,26.752274,40.581127015999996,2.75,10.473809,0.0,17.496924,30.5999204,37.634126316,2.75,10.473809,0.0,19.486638,34.6548577,38.842727416,2.75,10.509759,0.0,17.606353,41.091429,25.777,1.84,12.039411,1.25,18.576067000000002,47.488001,25.7769996,1.84,12.039411,2.5,17.686067,47.408001,25.022114825000003,1.84,8.6687503,3.75,17.636067,47.318000999999995,25.777000012000002,1.84,9.2440372,3.75,17.626067,47.038001,24.435113716,1.33,9.8478935,3.75,17.771713,46.068000999999995,23.754333665999997,0.07,11.020155,3.75,19.261428000000002,45.218122,24.246815806,0.07,11.020155,3.75,20.531142000000003,44.492693,17.834175616,0.07,11.020155,5.75,21.6512649,43.675507,11.870752725,0.07,11.020155,7.75,24.350397700000002,38.805507,5.417951233999999,0.07,11.020155,9.75,28.329827199999997,40.29813,0.0,0.07,11.020155,11.75,32.309256000000005,43.282702
51,cap,1.0141860915142313,1.5230397549842734,0.954231112056396,8,optimal,136995.22476851,136995.22476851,1457.395556886,121.622930616,31.61,4.75,0.0,9.43,17.05,99.81959889,31.5,4.75,0.0,9.43,17.05,100.33704058000001,29.810000000000002,4.75,0.0,9.43,17.05,99.03060508,29.21,4.75,0.0,10.57,17.05,96.91418739000001,28.67,4.75,0.0,12.07,17.05,94.23174315,23.689999999999998,4.75,0.0,13.51,18.034926,93.87130816,17.11,4.75,0.0,13.5361549,20.897619,78.71500037999998,14.030000000000001,4.75,0.0,15.444617000000001,27.1001219,78.7149998,13.67,4.75,0.0,17.353079,28.0461769,78.71499979999999,12.92,4.75,0.0,17.835176,28.3158009,78.71499990000001,10.690000000000001,4.75,0.0,19.533605,28.3542929,58.3354444,5.59,4.75,0.0,21.442067,31.964305799999998,38.7125934,2.75,6.4421881,0.0,23.350529,35.805286,37.0631329,2.75,6.4421881,0.0,24.064162000000003,39.159483,37.2722483,2.75,6.4421881,0.0,24.828927999999998,39.430183,36.8645372,2.75,6.4421881,0.0,26.18,39.701548,37.9596722,2.75,7.1005618,0.0,24.218462000000002,42.534241,25.777000500000003,1.84,8.1856866,0.0,25.106924,48.329499999999996,25.776999500000002,1.84,8.1856866,0.0,26.125387000000003,48.320285999999996,25.776999989999997,1.84,8.148832,0.0,26.18,48.230286,25.7770003,1.84,8.148832,1.25,26.17,47.950286,21.712577600000003,1.33,8.148832,2.5,26.11,46.980286,15.23024138,0.07,8.148832,3.75,25.61,44.550286,17.01443639,0.07,8.148832,3.75,24.89,43.70298,15.440077389999999,0.07,8.148832,4.9897766,23.75,41.946870000000004,12.53933168,0.07,8.148832,6.9897766,22.58,37.07687,5.45585001,0.07,8.148832,8.9897766,25.5095169,37.07687,0.0,0.07,8.148832,10.989777,29.3264411,39.842608999999996
52,cap,0.9837124170471142,1.6955028278999427,0.6134618277441704,7,optimal,135483.68953757,135483.68953757,1441.749540846,121.622930616,31.61,4.75,0.0,9.43,17.05,99.81959889,31.5,4.75,0.0,9.43,17.05,100.33704058000001,29.810000000000002,4.75,0.0,9.43,17.05,98.82780042000002,29.21,4.75,0.0,10.57,17.05,96.57032039,28.67,4.75,0.0,12.07,17.05,92.8035896,23.689999999999998,4.75,0.0,13.9107634,18.787135,91.48266394000001,17.11,4.75,0.0,15.137687,20.676493699999998,78.71500008000001,14.030000000000001,4.75,0.0,16.364611,24.6639951,78.71500030000001,13.67,4.75,0.0,17.591534,26.5043811,78.7150008,12.92,4.75,0.0,18.818458,26.5043811,76.8416263,10.690000000000001,4.75,0.0,20.045382,27.603557,58.442008400000006,5.59,4.75,0.0,21.272305000000003,30.699169400000002,39.894262399999995,2.75,6.4391887,0.0,22.499229,33.5603678,38.284633899999996,2.75,6.4391887,0.0,23.726153000000004,35.707484,36.761426300000004,2.75,6.4391887,0.0,24.953076000000003,37.854601,35.6816732,2.75,6.4391887,0.0,26.18,39.198413,37.650595200000005,2.75,6.9168695,0.0,23.536924,41.564961,25.77699969,1.84,8.1867993,0.0,23.743847000000002,44.881533000000005,25.776999789999998,1.84,8.3054408,0.0,24.080771,44.801533000000006,25.7769998,1.84,6.7014867,1.25,25.257695,44.711533,24.260669000000004,1.84,6.7014867,2.5,25.247695,44.431533,18.0842496,1.33,6.7014867,3.75,25.187694999999998,43.461533,14.09827168,0.07,6.7014867,3.75,25.365408000000002,42.871919,15.333667389999999,0.07,6.7014867,3.75,25.872331000000003,41.002303999999995,15.21489239,0.07,6.7014867,4.5634407,24.732331000000002,38.322689999999994,11.49592588,0.07,6.7014867,6.5634407,23.726153000000004,35.293075,4.76569431,0.07,6.7014867,8.5634407,26.11158,35.972286,0.0,0.07,6.7014867,10.563441,28.5654277,37.812672
53,cap,1.299610352929575,0.9883614758089885,1.2792356174874175,2,optimal,168656.24897596,168656.24897596,1558.809378444,121.622930616,31.61,4.75,0.0,9.43,17.05,99.81959889,31.5,4.75,0.0,9.43,17.05,100.33704058000001,29.810000000000002,4.75,0.0,9.43,17.05,100.91442606000001,29.21,4.75,0.0,10.57,17.05,100.48081354,28.67,4.75,0.0,12.07,17.05,97.39833283,23.689999999999998,4.75,0.0,13.51,20.248741,98.37363199,17.11,4.75,0.0,13.51,23.441146999999997,78.7149996,14.030000000000001,4.75,0.0,13.51,30.203837699999998,78.71499966,13.67,4.75,0.0,13.51,31.8915385,78.71500026999999,12.92,5.0130642,0.0,13.51,32.4423295,78.71500017,10.690000000000001,6.2459715,0.0,13.51,32.9988415,66.1918023,5.59,8.6148559,0.0,13.51,33.3308345,55.2046898,2.75,11.958919,0.0,13.51,33.899587499999996,55.6784342,2.75,12.045969,0.0,14.841452,34.7059305,52.7506382,2.75,12.045969,1.25,14.841452,35.0558765,45.9690072,2.75,12.045969,2.5,17.399923,40.120745,42.349623199999996,2.75,12.045969,3.75,16.088395,45.191306999999995,25.776999654,1.84,12.045969,3.75,17.626866,52.61273,25.776999864,1.84,12.045969,3.75,19.295337,54.262848000000005,25.77699951,1.84,11.513933,3.75,21.803807999999997,54.342848000000004,25.777000219999998,1.84,11.513933,3.75,24.219015,54.064841,25.77700024,1.33,11.616871,3.7589392,26.18,54.342848000000004,25.77700025,0.07,11.616871,4.7923781,25.68,54.282848,20.799629499999998,0.07,11.616871,6.7923781,25.5825985,54.172848,15.5635868,0.07,11.616871,8.7923781,27.001069799999996,51.334563,10.8943044,0.07,11.616871,10.792378,28.389541,49.281971,4.9388889,0.07,11.616871,12.792378,31.919541000000002,49.281971,0.0,0.07,11.616871,14.792378,37.036483000000004,57.260173
54,cap,1.1422732594622818,1.586639278279836,1.1042542043547825,3,optimal,155502.77307331,155502.77307331,1482.9209297860002,121.622930616,31.61,4.75,0.0,9.43,17.05,99.81959889,31.5,4.75,0.0,9.43,17.05,100.33704058000001,29.810000000000002,4.75,0.0,9.43,17.05,99.87743106,29.21,4.75,0.0,10.57,17.05,98.37634038,28.67,4.75,0.0,12.07,17.05,96.32863855000001,23.689999999999998,4.75,0.0,13.51,18.159332,92.92288757,17.11,4.75,0.0,15.668292,21.472094,78.71500026,14.030000000000001,4.75,0.0,17.876801,28.6497467,78.7150004,13.67,4.75,0.0,19.386752,29.2733057,78.71499979999999,12.92,4.75,0.0,20.288142,29.6691067,78.71499999999999,10.690000000000001,4.75,0.0,21.563211000000003,29.836378699999997,58.9413423,5.59,4.75,0.0,23.771718999999997,34.1028874,39.0707924,2.75,6.771781,0.0,25.980227,38.602962,39.5941009,2.75,7.0617754,0.0,26.18,40.109299,41.0024663,2.75,7.4195115,0.0,26.18,40.519248000000005,37.1459502,2.75,7.4195115,1.25,26.18,40.932501,35.5217832,2.75,7.4195115,2.5,23.672983000000002,41.117214000000004,25.777,1.84,7.4195115,3.75,24.861492,41.535881,25.777000299999997,1.84,7.4195115,3.75,26.18,41.95786,25.7769999,1.84,6.7137789,3.75,26.18,43.417388,25.7769999,1.84,7.1023515,3.75,26.18,44.888314,25.777,1.33,7.7894262,3.75,26.18,45.208478,22.683386849999998,0.07,9.4499114,3.75,26.18,45.462303,21.39831685,0.07,9.4499114,4.742522,25.46,45.065065,17.33586939,0.07,9.4499114,6.742522,24.32,43.857828,11.78792908,0.07,9.4499114,8.742522,25.3657881,41.242771,5.4091241100000005,0.07,9.4499114,10.742522,28.2734205,41.242771,0.0,0.07,9.4499114,12.742522,32.690437,47.703783
55,cap,1.204315513833393,0.7291330037943695,0.9574503613875615,3,optimal,149786.66036314,149786.66036314,1472.8336440197702,121.622930616,31.61,4.75,0.0,9.43,17.05,99.810616725,31.5,4.75,0.0,9.43,17.05,100.315977616,29.810000000000002,4.75,0.0,9.43,17.05,90.98933101600001,29.21,4.75,0.0,10.57,17.05,90.535910716,28.67,4.75,0.0,12.07,17.05,89.67486342500001,23.689999999999998,4.75,0.0,13.51,18.451470999999998,89.944049125,17.11,4.75,0.0,13.51,21.323822,78.715,14.030000000000001,4.75,0.0,13.51,24.196174,78.71499999999999,13.67,4.75,0.0,13.51,25.517419999999998,78.714999468,12.92,4.75,0.0,13.51,25.974338,78.714999568,10.690000000000001,5.7252173,0.0,13.51,26.435039,56.898164916,5.59,9.287222,0.0,13.51,26.900311,47.160846616,2.75,11.389414,0.0,13.51,27.36936,47.650628016,2.75,11.505087,0.0,14.54779,27.842986999999997,45.406910315999994,2.75,11.505087,0.0,16.462691,31.6714603,37.283569036,2.75,11.505087,1.25,18.377592,35.0225365,33.292222946,2.75,11.505087,2.5,16.422492,40.810878,25.7770003,1.84,11.505087,3.75,17.317393000000003,46.964304999999996,25.7769999,1.84,11.505087,3.75,18.342294000000003,47.174664,25.777000272,1.84,10.306829,3.75,19.534953,47.084664,25.776999971769996,1.84,11.165739,3.75,20.87589,46.804664,25.776999722,1.33,11.165739,3.75,22.656349,46.726428,25.776999561999997,0.07,11.5798,3.75,24.07125,47.168779,21.396475616,0.07,11.5798,5.4361148,24.3142596,46.33113,15.406047725,0.07,11.5798,7.4361148,25.531940300000002,44.683482,10.119419134000001,0.07,11.5798,9.4361148,26.929631,42.685833,5.803681696,0.07,11.5798,11.436115,30.759432,44.720016,0.0,0.07,11.5798,13.436115,34.589233,50.943443
56,cap,1.0487418279480425,1.2247814062010844,0.7020965491968556,3,optimal,140233.5249639,140233.5249639,1512.536390456,121.622930616,31.61,4.75,0.0,9.43,17.05,99.81959889,31.5,4.75,0.0,9.43,17.05,100.33704058000001,29.810000000000002,4.75,0.0,9.43,17.05,99.26057704,29.21,4.75,0.0,10.57,17.05,97.30411639,28.67,4.75,0.0,12.07,17.05,93.95376125000001,23.689999999999998,4.75,0.0,13.51,19.15629,94.40736226,17.11,4.75,0.0,13.51,21.262579,78.715,14.030000000000001,4.75,0.0,14.914193000000001,25.826206900000003,78.71499960000001,13.67,4.75,0.0,16.318386,29.4792304,78.71499967999999,12.92,4.75,0.0,17.722579,29.7828944,78.7149995,10.690000000000001,4.75,0.0,17.722579,29.8561294,63.7274061,5.59,4.9381632,0.0,19.126772000000003,30.3928364,44.722255399999995,2.75,7.6191147,0.0,20.530965000000002,30.6991124,44.9469809,2.75,7.6191147,0.0,21.409219999999998,31.0067634,45.1718313,2.75,7.6191147,0.0,22.289369,31.3150304,41.8400012,2.75,7.6191147,1.25,22.289369,31.3936244,40.6706512,2.75,7.6191147,2.5,18.419369,33.6533356,25.7769999,1.84,7.6191147,3.75,18.803562,36.652978000000004,25.777,1.84,7.6191147,3.75,19.317755,36.965610999999996,25.776999600000003,1.84,6.6656803,3.75,20.671948,37.337410000000006,25.7769998,1.84,6.6656803,3.75,22.066141000000002,39.163699,25.7769998,1.33,7.3432513,3.75,22.006141,40.299989,21.50127485,0.07,8.6271533,3.75,22.910334,39.976279,22.695615849999996,0.07,8.7244836,3.75,23.594527,38.372568,19.309523849999998,0.07,8.7244836,5.4454539,23.137421000000003,35.9588576,12.74160439,0.07,8.7244836,7.4454539,24.6888318,33.225975000000005,4.75886051,0.07,8.7244836,9.4454539,27.4972179,37.068884,0.0,0.07,8.7244836,11.445454,30.305604000000002,41.632512
57,cap,1.1248206360398838,1.1265460272215493,1.2333249644722724,2,optimal,148599.82069281,148599.82069281,1536.0807414759997,121.622930616,31.61,4.75,0.0,9.43,17.05,99.81959889,31.5,4.75,0.0,9.43,17.05,100.33704058000001,29.810000000000002,4.75,0.0,9.43,17.05,99.76240206000001,29.21,4.75,0.0,10.57,17.05,98.16259439000001,28.67,4.75,0.0,12.07,17.05,96.69871255000001,23.689999999999998,4.75,0.0,13.51,17.296846,96.23641272,17.11,4.75,0.0,13.51,20.996820999999997,78.7150004,14.030000000000001,4.75,0.0,15.037677,28.7540178,78.71499977,13.67,4.75,0.0,15.037677,29.3699798,78.7150004,12.92,4.75,0.0,15.037677,29.5175388,78.715,10.690000000000001,4.75,0.0,15.037677,30.1293638,61.8277719,5.59,6.7868051,0.0,15.037677,30.2820258,50.0313244,2.75,9.9387575,0.0,15.037677,30.8989518,50.272526899999995,2.75,9.9387575,0.0,16.165225,31.2877678,46.9352453,2.75,9.9387575,1.25,16.165225,31.4476938,43.6658403,2.75,9.9387575,2.5,16.165225,31.8416138,39.9204243,2.75,9.9387575,3.75,14.761875,36.0025381,25.7770003,1.84,9.9387575,3.75,16.208525,43.949151,25.7770004,1.84,9.9387575,3.75,17.785175000000002,43.869151,25.777,1.84,8.1659077,3.75,20.201825,43.779151,25.7769999,1.84,8.1659077,3.75,21.797065000000003,43.499151,25.7770001,1.33,8.8258919,3.75,21.737065,42.569654,25.16104225,0.07,10.24615,3.75,22.425753,43.235387,25.14256125,0.07,10.24615,4.1424848,22.396262999999998,43.225361,18.5758191,0.07,10.24615,6.1424848,23.722913,42.405336,12.5333718,0.07,10.24615,8.1424848,24.4710252,41.235311,5.6301209,0.07,10.24615,10.142485,28.0016501,41.235311,0.0,0.07,10.24615,12.142485,32.93495,44.576679999999996
58,cap,1.1420546357110057,1.6473933532656935,1.1858886698604836,0,optimal,157421.67961694,157421.67961694,1457.4080423560004,121.622930616,31.61,4.75,0.0,9.43,17.05,99.81959889,31.5,4.75,0.0,9.43,17.05,100.33704058000001,29.810000000000002,4.75,0.0,9.43,17.05,99.87599006,29.21,4.75,0.0,10.57,17.05,98.37339592000001,28.67,4.75,0.0,12.07,17.05,96.70555055000001,23.689999999999998,4.75,0.0,13.51,17.668536999999997,92.73226838000001,17.11,4.75,0.0,15.85879,21.226202999999998,78.71499964,14.030000000000001,4.75,0.0,18.230567999999998,28.9344793,78.7150003,13.67,4.75,0.0,19.219915999999998,29.5578273,78.71499979999999,12.92,4.75,0.0,20.120590999999997,29.953413299999998,78.7150001,10.690000000000001,4.75,0.0,21.436445,30.1204663,61.090121700000005,5.59,4.75,0.0,23.808222999999998,31.8023014,37.5934384,2.75,5.4919,1.25,26.18,32.2062084,33.7595154,2.75,5.4919,2.5,26.18,32.613411400000004,29.58292,2.75,5.4919,3.75,26.18,32.792072399999995,31.1743169,2.75,5.4919,3.75,26.18,33.2050834,33.4969925,2.75,5.4919,3.75,24.681776999999997,34.822617699999995,25.7769997,1.84,5.7697549,3.75,26.033555,39.622695,25.7770003,1.84,6.1049904,3.75,26.18,41.927600999999996,25.776999600000003,1.84,6.708776,3.75,26.18,43.719449,25.7769999,1.84,7.0912528,3.75,26.18,46.278599,25.777,1.33,7.7850145,3.75,26.18,45.308599,21.645943850000002,0.07,9.1510663,4.0445675,26.18,45.490358,21.20085709,0.07,9.1510663,4.7395518,25.46,45.338024,17.17249139,0.07,9.1510663,6.7395518,24.32,44.37569,11.81799208,0.07,9.1510663,8.7395518,25.4397259,41.403102,5.66167871,0.07,9.1510663,10.739552,27.9410402,41.403102,0.0,0.07,9.1510663,12.739552,32.684595,47.690248
59,cap,1.0150462408783982,1.5610365147187855,0.8010140625368654,5,optimal,138260.75552255,138260.75552255,1468.9771865359999,121.622930616,31.61,4.75,0.0,9.43,17.05,99.81959889,31.5,4.75,0.0,9.43,17.05,100.33704058000001,29.810000000000002,4.75,0.0,9.43,17.05,99.03633034,29.21,4.75,0.0,10.57,17.05,96.92389339,28.67,4.75,0.0,12.07,17.05,93.87300095,23.689999999999998,4.75,0.0,13.51,18.516458,92.52451788,17.11,4.75,0.0,14.470344,20.9195,78.71499967,14.030000000000001,4.75,0.0,16.072372,26.126091199999998,78.71500040000001,13.67,4.75,0.0,17.674401,27.514631199999997,78.7150008,12.92,4.75,0.0,18.300917,27.5540532,78.6722464,10.690000000000001,4.75,0.0,19.902946,27.5812412,59.3238952,5.59,4.75,0.0,21.504973999999997,30.8990954,40.0571774,2.75,6.5308541,0.0,23.107002,34.2047157,38.534287899999995,2.75,6.5308541,0.0,24.70903,35.815,38.051462300000004,2.75,6.5308541,0.0,26.18,36.086636,38.9763332,2.75,6.5308541,0.0,26.18,36.358953,41.8347222,2.75,7.231362,0.0,23.912028,37.135689,25.77699989,1.84,7.231362,1.25,24.494056,38.17403,25.7769999,1.84,7.231362,2.5,25.206083999999997,38.094030000000004,23.9060549,1.84,4.7724976,3.75,25.156084,38.00403,25.0233329,1.84,5.0308118,3.75,25.146084000000002,37.72403,22.0446044,1.33,5.8048531,3.75,25.086084,39.157072,17.37767839,0.07,7.2557883,3.75,25.297972,39.130114,18.45059485,0.07,7.2748403,3.75,26.18,37.823156,16.83633219,0.07,7.2748403,4.9923935,25.04,35.706198,12.87041919,0.07,7.2748403,6.9923935,23.869999999999997,33.239241,5.18173181,0.07,7.2748403,8.9923935,26.1800001,35.497175,0.0,0.07,7.2748403,10.992393,29.384056200000003,39.571983
60,cap,0.9300844447257618,1.7591510362875507,1.0320089640771752,4,optimal,129077.54579188,129077.54579188,1492.092094586,121.622930616,31.61,4.75,0.0,9.43,17.05,99.81959889,31.5,4.75,0.0,9.43,17.05,100.33704058000001,29.810000000000002,4.75,0.0,9.43,17.05,98.51579422000002,29.21,4.75,0.0,10.57,17.05,95.96517939,28.67,4.75,0.0,12.07,17.05,93.55261205000001,23.689999999999998,4.75,0.0,13.51,17.05,90.14036954000001,17.11,4.75,0.0,15.48178,20.146027,78.71499992,14.030000000000001,4.75,0.0,17.545797999999998,23.6062637,78.71500028000001,13.67,4.75,0.0,17.545797999999998,24.5568617,78.7149998,12.92,4.75,0.0,17.865679,24.5653427,76.3435814,10.690000000000001,4.75,0.0,19.929697,24.7503267,57.139679900000004,5.59,4.75,0.0,21.993715,28.777326100000003,42.7827614,3.50994782,4.7565349,0.0,24.057733,31.072223200000003,41.5376521,3.50994782,4.7565349,0.0,26.121751000000003,31.072223200000003,42.2680844,3.50994782,4.7565349,0.0,26.18,31.072223200000003,43.0096925,3.50994782,4.7565349,0.0,26.18,31.072223200000003,40.2490122,3.50994782,4.7565349,1.25,24.374018,31.053797199999998,25.777,2.5999478199999997,4.7565349,2.5,25.418036,31.2516472,25.7769995,2.5999478199999997,4.7565349,3.75,25.151888999999997,31.171647200000002,25.4141634,2.5999478199999997,2.4469113,3.75,26.18,31.3437762,25.7770002,2.5999478199999997,2.575868,3.75,26.18,31.514831200000003,23.1848629,2.08994782,3.210997,3.75,26.18,31.9151532,18.8683893,0.82994782,4.6008602,3.75,26.18,32.5811802,19.7029277,0.82994782,4.7692466,3.75,26.18,31.9672072,21.444181800000003,0.82994782,4.941449,3.75,26.18,30.5432342,16.8149496,0.82994782,4.941449,5.5762417,25.009999999999998,28.7692612,9.902631,0.82994782,4.941449,7.5762417,25.009999999999998,28.7692612,0.0,0.82994782,4.941449,9.5762417,28.244017900000003,31.1107912
61,cap,1.1116891230521442,1.3727377034090036,0.627113800413205,6,optimal,149293.97330151,149293.97330151,1491.4539255800005,121.622930616,31.61,4.75,0.0,9.43,17.05,99.81959889,31.5,4.75,0.0,9.43,17.05,100.33704058000001,29.810000000000002,4.75,0.0,9.43,17.05,99.67585406,29.21,4.75,0.0,10.57,17.05,97.67752539,28.67,4.75,0.0,12.07,17.484368,94.65414315000001,23.689999999999998,4.75,0.0,13.637724,19.36571,92.81352616000001,17.11,4.75,0.0,14.891952,23.4419493,78.71499997999999,14.030000000000001,4.75,0.0,16.146179,27.5181886,78.7149996,13.67,4.75,0.0,17.400407,30.5875699,78.7149998,12.92,4.75,0.0,18.654634,31.1842929,78.714999922,10.690000000000001,4.75,0.0,19.908862,31.3208159,60.9791864,5.59,4.8277871,0.0,21.163089999999997,33.8859542,42.475792399999996,2.75,7.5798371,0.0,22.417316999999997,36.684037000000004,41.4396099,2.75,7.5798371,0.0,23.671545000000002,39.109625,41.6301573,2.75,7.5798371,0.0,24.925772000000002,39.301482,40.92899320000001,2.75,7.5798371,0.0,26.18,40.785163,42.3882962,2.75,8.5440118,0.0,23.564228,44.831404,25.777,1.84,11.858499,0.0,23.798454999999997,48.837643,25.777000122000004,1.84,11.858499,1.25,24.162683,48.757643,25.7769996,1.84,7.8427938,2.5,24.112682999999997,48.667643,25.776999900000003,1.84,7.8427938,3.75,24.102683,48.387643,25.209070699999998,1.33,7.8563864,3.75,24.042682999999997,47.462111,20.91217849,0.07,9.2594618,3.75,24.796909999999997,46.913452,20.98259439,0.07,9.2594618,4.3286067,24.7505481,45.084794,15.619182389999999,0.07,9.2594618,6.3286067,25.5151827,42.446135,10.22830038,0.07,9.2594618,8.3286067,26.8536383,39.457477,4.09194606,0.07,9.2594618,10.328607,29.3620929,41.957583,0.0,0.07,9.2594618,12.328607,31.8705485,46.033822
62,cap,0.9747174717415235,1.4421583349782552,1.0564516783619986,5,optimal,131836.00274083,131836.00274083,1475.0316845060001,121.622930616,31.61,4.75,0.0,9.43,17.05,99.81959889,31.5,4.75,0.0,9.43,17.05,100.33704058000001,29.810000000000002,4.75,0.0,9.43,17.05,98.76793822,29.21,4.75,0.0,10.57,17.05,96.46882139,28.67,4.75,0.0,12.07,17.05,94.31977635000001,23.689999999999998,4.75,0.0,13.51,17.05,93.43663296,17.11,4.75,0.0,13.51,20.219355,78.71499999000001,14.030000000000001,4.75,0.0,15.622903,26.9039724,78.7149998,13.67,4.75,0.0,16.534201,28.0053024,78.71499979999999,12.92,4.75,0.0,16.915941,28.1889834,78.7150003,10.690000000000001,4.75,0.0,18.485426,28.1889834,60.606196600000004,5.59,4.75,0.0,20.598329,28.9140384,39.6771204,2.75,6.2986817,0.0,22.711233,33.0714953,39.8818939,2.75,6.2986817,0.0,23.346926000000003,33.3001723,39.984958299999995,2.75,6.2986817,0.0,24.067096999999997,33.5279643,38.7634542,2.75,6.2986817,0.0,26.18,33.5279643,41.026847200000006,2.75,6.5734791,0.0,24.422902999999998,33.9823673,25.7769999,1.84,6.5734791,1.25,25.515807000000002,34.8299143,25.7769999,1.84,6.5734791,2.5,24.625807000000002,34.7499143,23.7409543,1.84,4.3119148,3.75,24.575806999999998,34.6599143,24.5350804,1.84,4.545891,3.75,24.565807,34.6539233,22.158316,1.33,5.2568512,3.75,24.505806999999997,35.1091503,17.48110834,0.07,6.8704799,3.75,24.005806999999997,35.8485053,17.86429785,0.07,6.8704799,3.75,24.730034000000003,35.3078603,18.14458785,0.07,6.8704799,4.3205422,23.590034000000003,33.9572153,13.43045639,0.07,6.8704799,6.3205422,22.420034,32.2565703,6.54967408,0.07,6.8704799,8.3205422,24.615609399999997,32.2565703,0.0,0.07,6.8704799,10.320542,28.8414158,35.5611275
63,cap,1.280811707490474,0.8697889958021447,1.008242599790948,1,optimal,165119.54891176,165119.54891176,1529.5774333660002,121.622930616,31.61,4.75,0.0,9.43,17.05,99.810616725,31.5,4.75,0.0,9.43,17.05,100.315977616,29.810000000000002,4.75,0.0,9.43,17.05,100.758932616,29.21,4.75,0.0,10.57,17.05,100.18795061600001,28.67,4.75,0.0,12.07,17.05,97.310531725,23.689999999999998,4.75,0.0,13.51,19.894197,98.29462372500001,17.11,4.75,0.0,13.51,22.918924999999998,78.715,14.030000000000001,4.75,0.0,13.51,25.64161,78.714999968,13.67,4.75,0.0,13.51,26.167747,78.715000868,12.92,4.9703473,0.0,13.51,26.70002,78.714999768,10.690000000000001,6.1878727,0.0,13.51,27.237631999999998,67.55595557000001,5.59,8.7026235,0.0,13.51,27.550337,54.511393569999996,2.75,11.53435,0.0,15.145371,28.330472,50.44831957,2.75,11.53435,1.25,15.145371,31.0492516,44.44890357,2.75,11.53435,2.5,17.161856,35.1386597,38.46625257,2.75,11.53435,3.75,19.178342,39.234228,39.89528257,2.75,11.53435,3.75,17.324827,43.586411,25.776999515999997,1.84,11.53435,3.75,18.321312,50.069987999999995,25.776999688,1.84,11.710024,3.75,19.447797,51.415589,25.77699998,1.84,11.974146,3.75,21.414282,51.325588999999994,25.776999557,1.84,12.082302,3.75,23.420768000000002,51.495588999999995,25.776999688999997,1.33,12.082302,3.9598159,24.771574,51.495588999999995,25.776999619999998,0.07,12.082302,4.6261113,24.3995104,51.435589,19.265357404,0.07,12.082302,6.6261113,25.6959956,50.728894,14.207312361,0.07,12.082302,8.6261113,26.5724808,49.233622,9.469983661,0.07,12.082302,10.626111,28.324422,46.910861,3.4851102270000003,0.07,12.082302,12.626111,32.357392,49.923456,0.0,0.07,12.082302,14.626111,36.390362,56.477033
64,cap,0.9576011500077031,1.4891088987168581,0.8210504112761221,3,optimal,131221.14512481,131221.14512481,1465.0546402560003,121.622930616,31.61,4.75,0.0,9.43,17.05,99.81959889,31.5,4.75,0.0,9.43,17.05,100.33704058000001,29.810000000000002,4.75,0.0,9.43,17.05,98.66922522000002,29.21,4.75,0.0,10.57,17.05,96.27567939000001,28.67,4.75,0.0,12.07,17.05,94.02667395,23.689999999999998,4.75,0.0,13.51,17.05,92.36488304,17.11,4.75,0.0,14.227405,19.513150999999997,78.71500051,14.030000000000001,4.75,0.0,15.869506,24.412465400000002,78.715,13.67,4.75,0.0,16.848028,26.8152224,78.71499979999999,12.92,4.75,0.0,17.275976999999997,26.8152224,78.08312980000001,10.690000000000001,4.75,0.0,18.918078,26.8152224,60.3842738,5.59,4.75,0.0,20.560178999999998,28.434124399999998,40.054061399999995,2.75,6.3055098,0.0,22.202280000000002,31.9601848,39.4860119,2.75,6.3055098,0.0,23.844381,31.9601848,40.1628703,2.75,6.3055098,0.0,23.844381,32.1693698,35.829862600000006,2.75,6.3055098,1.25,23.844381,32.1693698,35.0850215,2.75,6.3055098,2.5,19.974381,32.3544548,25.7769999,1.84,6.3055098,3.75,20.596482,32.792091799999994,25.777,1.84,6.3055098,3.75,21.348582,32.9981738,25.777,1.84,4.7643369,3.75,22.248855,32.971977800000005,25.7769999,1.84,4.7708623,3.75,22.801054,33.3339998,22.353127399999998,1.33,5.3618165,3.75,23.108288,34.8271508,16.41380189,0.07,6.4667689,3.75,24.250389,34.8603018,17.198111849999997,0.07,6.4667689,3.75,24.969287,33.6134538,17.898973849999997,0.07,6.4667689,4.2181273,24.065798,31.556604800000002,13.47609059,0.07,6.4667689,6.2181273,22.895798,29.1497558,6.2602715799999995,0.07,6.4667689,8.2181273,24.537899000000003,30.7473718,0.0,0.07,6.4667689,10.218127,27.8221008,36.0841992
65,cap,0.9183948722682063,0.892319091687386,0.7534389733788531,1,optimal,121635.71891674,121635.71891674,1478.0145996584,121.622930616,31.61,4.75,0.0,9.43,17.05,99.81959889,31.5,4.75,0.0,9.43,17.05,100.33704058000001,29.810000000000002,4.75,0.0,9.43,17.05,98.45061422,29.21,4.75,0.0,10.57,17.05,95.83327439,28.67,4.75,0.0,12.07,17.05,93.35107651,23.689999999999998,4.75,0.0,13.51,17.05,92.76102340999999,17.11,4.75,0.0,13.51,19.310316999999998,78.7150005,14.030000000000001,4.75,0.0,13.51,21.570634,78.71499969999999,13.67,4.75,0.0,13.51,23.830951,78.71499969999999,12.92,4.75,0.0,13.51,24.125546999999997,78.7149999,10.690000000000001,4.75,0.0,13.51,24.298778,60.3023669,5.59,5.7313337,0.0,13.51,24.470703,46.4968444,2.75,8.1563879,0.0,15.016878,24.809189,42.5040809,2.75,8.1563879,1.25,15.016878,24.809189,37.4880913,2.75,8.1563879,2.5,16.523756,24.975751,32.087418400000004,2.75,8.1563879,3.75,18.030634,25.141002999999998,34.5250058,2.75,8.1563879,3.75,15.667512,25.9038157,25.776999800000006,1.84,8.1563879,3.75,16.15439,30.7311691,25.776999500000002,1.84,8.1563879,3.75,16.56614,30.6511691,25.7769999,1.84,5.7008207,3.75,16.978780999999998,30.5611691,25.7769999,1.84,5.7008207,3.75,18.201880000000003,30.2811691,24.8066557,1.33,5.7055269,3.75,19.648758,29.3111691,18.972232249999998,0.07,6.8066851,3.75,20.655636,29.1414861,19.400571402399997,0.07,6.8066851,3.75,21.442514000000003,27.6918031,20.68242969,0.07,6.8066851,3.75,21.809392000000003,25.4321201,14.6501542,0.07,6.8066851,5.5701627,22.14627,25.1805155,5.955191200000001,0.07,6.8066851,7.5701627,23.9046683,27.4408325,0.0,0.07,6.8066851,9.5701627,26.918424299999998,32.3381859
66,cap,1.1147888318287171,1.1961427747885303,1.3658354938028299,2,optimal,148326.85676608,148326.85676608,1533.691477766,121.622930616,31.61,4.75,0.0,9.43,17.05,99.81959889,31.5,4.75,0.0,9.43,17.05,100.33704058000001,29.810000000000002,4.75,0.0,9.43,17.05,99.69628406000001,29.21,4.75,0.0,10.57,17.05,98.04939439,28.67,4.75,0.0,12.07,17.05,96.71837855000001,23.689999999999998,4.75,0.0,13.51,17.05,95.88784172,17.11,4.75,0.0,13.51,21.147506,78.71500048,14.030000000000001,4.75,0.0,16.241671,27.5528265,78.71500033000001,13.67,4.75,0.0,18.973342000000002,27.9188255,78.71499949999999,12.92,4.75,0.0,18.973342000000002,28.2875525,78.7149995,10.690000000000001,4.75,0.0,18.973342000000002,28.6582415,67.2383119,5.59,5.5109379,0.0,18.973342000000002,29.0316615,48.3923144,2.75,8.6197637,0.0,19.163533,29.407040499999997,48.631344899999995,2.75,8.6197637,0.0,20.258208000000003,29.785154499999997,45.5395863,2.75,8.6197637,1.25,20.258208000000003,29.934174499999997,42.2991262,2.75,8.6197637,2.5,20.258208000000003,30.3169815,40.003385200000004,2.75,8.6197637,3.75,18.002997,32.6630835,25.777000200000003,1.84,8.6197637,3.75,19.714668,38.526294,25.77699991,1.84,8.6197637,3.75,21.556339,38.451509,25.7769999,1.84,6.7127272,3.75,24.238010000000003,38.843303,25.777000100000002,1.84,6.7127272,3.75,25.992317999999997,39.237843,25.777000200000003,1.33,7.3860568,3.75,25.932318000000002,39.634328,23.89689585,0.07,9.1642203,3.75,25.432318000000002,39.973562,23.74773185,0.07,9.1642203,4.0652354,25.613811,40.361069,19.20736985,0.07,9.1642203,6.0652354,24.473810999999998,39.938575,12.97694638,0.07,9.1642203,8.0652354,25.072953599999998,39.1660808,5.88199601,0.07,9.1642203,10.065235,27.8046245,39.1660808,0.0,0.07,9.1642203,12.065235,33.267967,42.295952
67,cap,1.2186184441873722,1.4387463973787735,1.276018473254677,8,optimal,163354.59847673,163354.59847673,1504.0398930960007,121.622930616,31.61,4.75,0.0,9.43,17.05,99.81959889,31.5,4.75,0.0,9.43,17.05,100.33704058000001,29.810000000000002,4.75,0.0,9.43,17.05,100.38061606000001,29.21,4.75,0.0,10.57,17.05,99.40053354,28.67,4.75,0.0,12.07,17.05,97.20018455,23.689999999999998,4.75,0.0,13.51,18.721225999999998,95.94302526,17.11,4.75,0.0,14.291569,22.469817,78.71500028,14.030000000000001,4.75,0.0,16.843606,30.7639367,78.71500017000001,13.67,4.75,0.0,19.395643,32.077587,78.7149998,12.92,4.75,0.0,20.837192,32.077587,78.7150007,10.690000000000001,4.75,0.0,21.075926000000003,32.321619,62.111792300000005,5.59,4.9053038,0.0,23.627963,34.3561313,41.2271754,2.75,7.3833437,0.0,26.18,39.30621,42.1427149,2.75,7.8077897,0.0,26.18,40.999992,42.601065299999995,2.75,8.2321801,0.0,26.18,43.457257,41.4840512,2.75,8.6575569,0.0,26.18,48.421147000000005,41.708823200000005,2.75,9.5808823,0.0,24.647962999999997,53.15804,25.77699959,1.84,11.082215,0.0,26.18,61.382160999999996,25.776999559999997,1.84,11.576712,0.0,26.18,65.313864,25.77700045,1.84,13.063177,0.0,26.18,65.313864,25.77700002,1.84,13.063177,1.25,26.17,65.033864,25.7769999,1.33,13.063177,2.5,26.11,64.063864,21.85710868,0.07,13.063177,3.75,25.61,61.633864,19.24442468,0.07,13.063177,5.75,24.89,57.923864,16.166293680000003,0.07,13.063177,7.75,24.6924953,53.403864,11.70959918,0.07,13.063177,9.75,26.0745322,48.533864,5.33791461,0.07,13.063177,11.75,29.674532,49.123233,0.0,0.07,13.063177,13.75,34.778606,52.951288000000005
68,cap,1.2755007313919537,0.724879501775703,0.6944841817206869,5,optimal,160884.71895106,160884.71895106,1432.7135280939997,121.622930616,31.61,4.75,0.0,9.43,17.05,99.810616725,31.5,4.75,0.0,9.43,17.05,100.315977616,29.810000000000002,4.75,0.0,9.43,17.05,91.185016816,29.21,4.75,0.0,10.57,17.05,90.93192311600001,28.67,4.75,0.0,12.07,17.05,89.962671525,23.689999999999998,4.75,0.0,13.51,19.133453,90.664380925,17.11,4.75,0.0,13.51,21.216904999999997,78.715,14.030000000000001,4.75,0.0,13.722853,23.300358,78.715,13.67,4.75,0.0,15.111821,25.38381,78.714999268,12.92,4.75,0.0,16.500790000000002,28.429126099999998,75.951921816,10.690000000000001,4.75,0.0,17.889758,31.3920928,53.376704116,5.59,7.1897823,0.0,19.278726,34.3610934,39.085917515999995,2.75,9.8122647,0.0,20.667695000000002,37.335317,38.287754316,2.75,9.8898082,0.0,22.056663,40.315583000000004,37.503083816,2.75,9.9721559,0.0,23.445632000000003,43.301062,36.921509616,2.75,10.061267,0.0,24.834600000000002,46.07176,38.468694115999995,2.75,11.28463,0.0,22.353568000000003,50.555907000000005,25.777,1.84,12.578637,1.25,24.1115054,55.000054,25.7769998,1.84,12.578637,2.5,23.221505399999998,54.920054,25.777000287,1.84,9.5882463,3.75,23.1715054,54.830054,25.776999812,1.84,10.358633,3.75,23.161505400000003,54.550054,25.777000312,1.33,11.327185,3.75,23.6641294,55.000054,22.138422665999997,0.07,11.327185,4.7013055,25.0430947,54.653507000000005,16.330923134,0.07,11.327185,6.7013055,27.101032099999998,53.026959000000005,11.848043134000001,0.07,11.327185,8.7013055,28.7389685,50.590412,7.389985933999999,0.07,11.327185,10.701305,30.346905,48.167527,5.8870510959999995,0.07,11.327185,12.701305,33.124842,52.681674,0.0,0.07,11.327185,14.701305,35.902779,57.195821
69,cap,0.93743474121704,1.3594769203586048,0.8082913778784868,3,optimal,127623.25483708,127623.25483708,1480.2555080260001,121.622930616,31.61,4.75,0.0,9.43,17.05,99.81959889,31.5,4.75,0.0,9.43,17.05,100.33704058000001,29.810000000000002,4.75,0.0,9.43,17.05,98.55677922000001,29.21,4.75,0.0,10.57,17.05,96.04812139,28.67,4.75,0.0,12.07,17.05,93.67933571,23.689999999999998,4.75,0.0,13.51,17.05,93.07737424,17.11,4.75,0.0,13.51,19.474874,78.71499990000001,14.030000000000001,4.75,0.0,15.126583,24.7287678,78.7149998,13.67,4.75,0.0,16.246282,27.1147128,78.71499979999999,12.92,4.75,0.0,16.500835000000002,27.2700548,78.7149998,10.690000000000001,4.75,0.0,17.818374,27.2700548,60.77198690000001,5.59,4.75,0.0,19.434957,28.519713199999998,41.396274399999996,2.75,6.4840286,0.0,21.051539,29.656177300000003,41.5968929,2.75,6.4840286,0.0,21.565066,29.845078299999997,41.7971783,2.75,6.4840286,0.0,22.073556000000004,30.0323403,37.7985752,2.75,6.4840286,1.25,22.073556000000004,30.2023383,36.4881812,2.75,6.4840286,2.5,18.828725,30.1723383,25.7769999,1.84,6.4840286,3.75,19.425307,30.781407299999998,25.7769999,1.84,6.4840286,3.75,20.15189,30.7693213,25.7769999,1.84,4.6155041,3.75,21.617738000000003,30.950192299999998,25.777,1.84,4.7843123,3.75,21.607737999999998,31.1301403,23.741323200000004,1.33,5.4697521,3.75,21.547738000000003,32.5850143,17.51113985,0.07,6.5591869,3.75,22.664320000000004,32.579889300000005,18.150954849999998,0.07,6.5591869,3.75,23.293685000000004,31.2947633,19.13375585,0.07,6.5591869,3.8252591,23.631000999999998,29.1996373,14.40866185,0.07,6.5591869,5.8252591,22.946834000000003,26.7545113,6.35140388,0.07,6.5591869,7.8252591,24.563417,28.1366313,0.0,0.07,6.5591869,9.8252591,27.796582800000003,33.3905251
70,cap,1.0057358916529302,1.017160787512652,0.678172526067512,7,optimal,130384.49396469,130384.49396469,1492.4175384630003,121.622930616,31.61,4.75,0.0,9.43,17.05,99.81959889,31.5,4.75,0.0,9.43,17.05,100.33704058000001,29.810000000000002,4.75,0.0,9.43,17.05,98.97436878,29.21,4.75,0.0,10.57,17.05,96.81883539,28.67,4.75,0.0,12.07,17.05,93.68251305000001,23.689999999999998,4.75,0.0,13.51,18.5565,93.86758306,17.11,4.75,0.0,13.51,20.591016999999997,78.7149996,14.030000000000001,4.75,0.0,14.866345,22.625535,78.71500040000001,13.67,4.75,0.0,15.805069,24.660052,78.7149999,12.92,4.75,0.0,15.805069,24.690303,78.7150005,10.690000000000001,4.75,0.0,17.161414,24.951348,58.9994499,5.59,4.8306592,0.0,18.517758999999998,25.212882999999998,44.7592784,2.75,7.4609029,0.0,19.874104000000003,25.705212,44.3452569,2.75,7.4609029,0.0,21.230449,25.735932,42.9507913,2.75,7.4609029,0.0,22.586793999999998,28.3710498,40.9845802,2.75,7.4609029,0.0,23.943139000000002,32.2872557,42.1912292,2.75,7.8574346,0.0,21.429485,36.665377500000005,25.777,1.84,11.026798,0.0,21.76583,41.003498,25.777,1.84,11.124811,0.0,22.232174999999998,41.977019,25.777000490000002,1.84,7.9932091,1.25,22.182175,41.887019,25.7770003,1.84,7.9932091,2.5,22.172175000000003,41.607019,21.9167113,1.33,7.9932091,3.75,22.112175,40.637019,18.674990157000003,0.07,7.9932091,3.75,22.428275,39.588784000000004,19.844615249999997,0.07,7.9932091,3.75,23.064619999999998,37.913302,17.6117042,0.07,7.9932091,4.8878754,23.280965000000002,35.427819,12.4268195,0.07,7.9932091,6.8878754,23.6157741,32.5923374,4.6212406,0.07,7.9932091,8.8878754,26.3284642,34.891495899999995,0.0,0.07,7.9932091,10.887875,29.0411542,39.299617
71,cap,1.16026897183986,1.3671588997053887,0.6272364658222204,6,optimal,155908.05884754,155908.05884754,1490.382150956,121.622930616,31.61,4.75,0.0,9.43,17.05,99.81959889,31.5,4.75,0.0,9.43,17.05,100.33704058000001,29.810000000000002,4.75,0.0,9.43,17.05,99.99603906000002,29.21,4.75,0.0,10.57,17.05,98.02033039000001,28.67,4.75,0.0,12.07,17.749163,95.20474455,23.689999999999998,4.75,0.0,13.6826288,19.630872999999998,93.53993466,17.11,4.75,0.0,14.937102,23.7079096,78.7149996,14.030000000000001,4.75,0.0,16.191575,27.7849463,78.7150001,13.67,4.75,0.0,17.446047999999998,31.8619839,78.71500058,12.92,4.75,0.0,18.700521000000002,32.691927899999996,78.71500081,10.690000000000001,4.75,0.0,19.954993,32.691927899999996,61.6262518,5.59,5.1892007,0.0,21.209466,35.307337,43.2617214,2.75,7.988009,0.0,22.463939000000003,38.156678,42.4002369,2.75,7.988009,0.0,23.671053999999998,40.778641,42.1226933,2.75,7.988009,0.0,24.925527000000002,42.008409,40.0054572,2.75,7.988009,0.0,26.18,46.085446000000005,41.623316200000005,2.75,9.1443564,0.0,23.564473,50.132484000000005,25.777,1.84,12.510472,0.0,23.798946,54.139520000000005,25.777000330000003,1.84,12.510472,1.25,24.163418999999998,54.05952,25.7770001,1.84,8.6008752,2.5,24.113419,53.96952,25.7769997,1.84,8.6008752,3.75,24.103419000000002,53.68952,25.7769999,1.33,8.7245695,3.75,24.043419,52.71952,22.042456389999998,0.07,10.184071,3.75,24.797891999999997,52.137147999999996,18.36863318,0.07,10.184071,5.293712,25.3323649,50.308858,13.74218468,0.07,10.184071,7.293712,26.0955269,47.670567000000005,9.24653868,0.07,10.184071,9.293712,27.4344728,44.682276,3.6570413599999996,0.07,10.184071,11.293712,29.943418700000002,47.010819,0.0,0.07,10.184071,13.293712,32.452365,51.087855000000005
72,cap,1.0717856578555511,1.4537239488898268,0.7250773199228691,2,optimal,146112.04941289,146112.04941289,1469.761486826,121.622930616,31.61,4.75,0.0,9.43,17.05,99.81959889,31.5,4.75,0.0,9.43,17.05,100.33704058000001,29.810000000000002,4.75,0.0,9.43,17.05,99.41285306,29.21,4.75,0.0,10.57,17.05,97.56414439000001,28.67,4.75,0.0,12.07,17.05,94.29489615,23.689999999999998,4.75,0.0,13.51,19.225232,92.57490101,17.11,4.75,0.0,14.960155,21.704814300000002,78.71499967999999,14.030000000000001,4.75,0.0,16.410308999999998,26.4178169,78.71499966,13.67,4.75,0.0,17.860464,28.271064699999997,78.7149998,12.92,4.75,0.0,19.310619000000003,28.271064699999997,78.71500040000001,10.690000000000001,4.75,0.0,20.760773,28.3674677,61.03509270000001,5.59,4.75,0.0,22.210928000000003,30.7565551,41.4809324,2.75,6.8680399,0.0,23.661082,33.8557617,41.7106489,2.75,6.8680399,0.0,24.614846,34.1879967,38.021253300000005,2.75,6.8680399,1.25,24.614846,34.2902667,32.9002915,2.75,6.8680399,2.5,25.523708999999997,34.6254367,30.5666274,2.75,6.8680399,3.75,23.103864,34.9616897,25.777000199999996,1.84,6.8680399,3.75,23.534018000000003,36.940811999999994,25.776999600000003,1.84,6.8680399,3.75,24.094172999999998,37.888367,25.7769996,1.84,5.5868574,3.75,25.494327,38.185333,25.777,1.84,5.8974747,3.75,25.484327,40.011662,24.719158,1.33,6.7374288,3.75,25.424326999999998,41.216893999999996,19.91100685,0.07,8.0922308,3.75,26.18,40.962126,21.606261849999996,0.07,8.3866756,3.7849175,26.18,39.427358,17.367302090000003,0.07,8.3866756,5.7849175,25.3162528,37.0825897,12.12798449,0.07,8.3866756,7.7849175,25.5964074,34.3878217,4.72056371,0.07,8.3866756,9.7849175,27.9064071,38.632471,0.0,0.07,8.3866756,11.784917,30.806716700000003,43.345472
73,cap,0.9079336581879748,0.7900437967849663,0.773162863999243,3,optimal,116959.45749832,116959.45749832,1416.292915053,121.622930616,31.61,4.75,0.0,9.43,17.05,99.810616725,31.5,4.75,0.0,9.43,17.05,100.31681663500001,29.810000000000002,4.75,0.0,9.43,17.05,90.20176544899999,29.21,4.75,0.0,10.57,17.05,89.08146114899999,28.67,4.75,0.0,12.07,17.05,88.018708749,23.689999999999998,4.75,0.0,13.51,17.05,87.91398641,17.11,4.75,0.0,13.51,19.079649999999997,78.7150004,14.030000000000001,4.75,0.0,13.51,21.399137999999997,78.7150003,13.67,4.75,0.0,13.51,23.718626999999998,77.49702291000001,12.92,4.75,0.0,13.51,24.057903999999997,72.92852593,10.690000000000001,4.75,0.0,13.51,24.220616999999997,54.946475500000005,5.59,5.8836398,0.0,13.51,24.381808999999997,40.848562599999994,2.75,8.6320855,0.0,13.51,24.540761,41.0572577,2.75,8.6320855,0.0,13.9268584,24.698188,39.401116099999996,2.75,8.6320855,0.0,15.473184,24.853378,31.56439023,2.75,8.6320855,1.25,17.01951,25.007040999999997,28.615316900000003,2.75,8.6320855,2.5,14.695836,26.8625248,22.2044974,1.84,8.6320855,3.75,15.222161,31.8180828,22.5059249,1.84,8.6320855,3.75,15.606707,31.7380828,24.2511194,1.84,5.8319443,3.75,15.991658,31.6480828,24.3655283,1.84,5.8319443,3.75,16.557709000000003,31.3680828,21.010778100000003,1.33,5.9888655,3.75,18.044035,30.3980828,19.061237249999998,0.07,7.0657437,3.75,19.090361,30.287571800000002,19.381616200000003,0.07,7.0657437,3.75,19.916686,28.8970598,20.4968862,0.07,7.0657437,3.75,20.323012,26.696548800000002,14.5695132,0.07,7.0657437,5.4958587,20.699337999999997,26.7778955,7.1908598,0.07,7.0657437,7.4958587,22.7772883,29.0973835,0.0,0.07,7.0657437,9.4958587,25.869939,32.5607106
74,cap,1.0658600644564995,1.2095640399161178,1.3076172252944902,1,optimal,143109.38537576,143109.38537576,1511.8144224860002,121.622930616,31.61,4.75,0.0,9.43,17.05,99.81959889,31.5,4.75,0.0,9.43,17.05,100.33704058000001,29.810000000000002,4.75,0.0,9.43,17.05,99.37379806000001,29.21,4.75,0.0,10.57,17.05,97.49727939,28.67,4.75,0.0,12.07,17.05,95.88051555000001,23.689999999999998,4.75,0.0,13.51,17.05,95.06542009,17.11,4.75,0.0,13.51,20.747937999999998,78.71499988,14.030000000000001,4.75,0.0,16.125234,27.227740700000002,78.7150002,13.67,4.75,0.0,18.740469,27.546544700000002,78.7150008,12.92,4.75,0.0,19.39172,27.8670717,78.71499981000001,10.690000000000001,4.75,0.0,19.39172,28.1885677,65.4170283,5.59,5.0028434,0.0,19.39172,28.5117877,46.979628399999996,2.75,8.121556,0.0,19.39172,28.8359747,43.740496900000004,2.75,8.121556,1.25,19.39172,28.9308377,40.3962613,2.75,8.121556,2.5,19.39172,29.2577147,36.6503092,2.75,8.121556,3.75,19.39172,29.5863217,39.4456642,2.75,8.121556,3.75,15.842885,32.8313687,25.77699972,1.84,8.121556,3.75,17.438119,38.382638,25.777000299999997,1.84,8.121556,3.75,19.163353999999998,38.302638,25.776999500000002,1.84,6.6187968,3.75,21.728588000000002,38.636242,25.777000299999997,1.84,6.6187968,3.75,22.86193,38.97158,25.777000200000003,1.33,7.4256528,3.75,22.80193,39.307876,23.36217285,0.07,9.1473359,3.75,22.30193,39.602042,23.48446885,0.07,9.1473359,3.75,23.345216999999998,39.814893,19.595470849999998,0.07,9.1473359,5.5278943,22.205216999999998,39.217745,13.29117164,0.07,9.1473359,7.5278943,23.564766,38.270596999999995,6.11016611,0.07,9.1473359,9.5278943,26.1800005,38.270596999999995,0.0,0.07,9.1473359,11.527894,31.4104689,40.825456
75,cap,0.9085855505108765,1.6088456814482817,0.6494775482988582,2,optimal,126877.82607872,126877.82607872,1424.1604502360003,121.622930616,31.61,4.75,0.0,9.43,17.05,99.81959889,31.5,4.75,0.0,9.43,17.05,100.33704058000001,29.810000000000002,4.75,0.0,9.43,17.05,98.39591822000001,29.21,4.75,0.0,10.57,17.05,95.72258539,28.67,4.75,0.0,12.07,17.05,92.42253809,23.689999999999998,4.75,0.0,13.51,18.051222,90.69355124,17.11,4.75,0.0,14.808955,19.999654999999997,78.71500041,14.030000000000001,4.75,0.0,16.10791,22.823507,78.71499975,13.67,4.75,0.0,16.972827000000002,24.77194,78.71499949999999,12.92,4.75,0.0,17.973717,24.77194,76.16744840000001,10.690000000000001,4.75,0.0,19.272672,25.100908,59.67703730000001,5.59,4.75,0.0,20.571627,26.966421800000003,40.3421704,2.75,5.9888487,0.0,21.870582,28.5036375,39.8887829,2.75,5.9888487,0.0,23.169537,28.5036375,34.4265535,2.75,5.9888487,1.25,24.468491999999998,28.5036375,29.561116300000002,2.75,5.9888487,2.5,24.468491999999998,28.5036375,28.0270426,2.75,5.9888487,3.75,20.920081000000003,28.4736375,24.9962833,1.84,5.9888487,3.75,21.199036,28.8549845,25.0711022,1.84,5.9888487,3.75,21.607991,29.0037635,24.299931100000002,1.84,3.7866223,3.75,22.856946,29.1503245,23.314099799999997,1.84,3.7866223,3.75,23.275225,30.8132885,19.0673406,1.33,4.0520464,3.75,24.514180000000003,31.7917215,13.684298389999999,0.07,5.2058864,3.75,25.313135000000003,31.3101535,14.66159618,0.07,5.2058864,3.75,25.892090000000003,29.669340599999998,16.173716849999998,0.07,5.2955556,3.75,26.051045000000002,27.097773599999996,13.41264625,0.07,5.2955556,5.3284217,24.881045,24.1762056,6.230121479999999,0.07,5.2955556,7.3284217,24.881045,26.1246386,0.0,0.07,5.2955556,9.3284217,27.4789551,30.346243100000002
76,cap,0.9371967970648913,1.7594998884137085,1.2026923345026868,6,optimal,129420.46379664,129420.46379664,1413.743677766,121.622930616,31.61,4.75,0.0,9.43,17.05,99.81959889,31.5,4.75,0.0,9.43,17.05,100.33704058000001,29.810000000000002,4.75,0.0,9.43,17.05,98.55545222,29.21,4.75,0.0,10.57,17.05,96.04543639,28.67,4.75,0.0,12.07,17.05,93.67523341,23.689999999999998,4.75,0.0,13.51,17.05,92.54279336,17.11,4.75,0.0,13.6418459,20.250560999999998,78.71499983999999,14.030000000000001,4.75,0.0,16.047231,26.4378408,78.7149998,13.67,4.75,0.0,16.407177,26.8263248,78.7149998,12.92,4.75,0.0,16.756014,26.8263248,76.58249930000001,10.690000000000001,4.75,0.0,19.161398,26.8263248,55.1855785,5.59,4.75,0.0,21.566783,31.6501479,35.1379534,2.75,5.5737715,0.0,23.972168000000003,36.04914,33.5673446,2.75,5.5737715,0.0,26.18,36.237788,34.3570095,2.75,5.5737715,0.0,26.18,36.42479,35.005248400000006,2.75,5.5737715,0.0,26.18,36.610870000000006,37.0381402,2.75,5.987341,0.0,24.715384999999998,36.795306,25.77700029,1.84,6.8649599,0.0,26.100769,38.006655,25.7769996,1.84,6.8649599,1.25,26.18,37.926655,23.2324964,1.84,4.4946379,2.5,26.130000000000003,37.836655,19.8166695,1.84,4.4946379,3.75,26.119999999999997,37.556655,16.836611100000002,1.33,4.4946379,3.75,26.060000000000002,37.467909,12.68582628,0.07,5.4740784,3.75,26.18,37.81605,13.278956390000001,0.07,5.6533951,3.75,26.18,37.714127,14.035295389999998,0.07,5.8260541,3.75,26.18,36.802204,10.85569189,0.07,5.8260541,5.6172324,25.009999999999998,33.444865,5.8308721199999995,0.07,5.8260541,7.6172324,25.009999999999998,33.444865,0.0,0.07,5.8260541,9.6172324,28.585384700000002,33.444865
77,cap,0.9528715366476783,1.1254036304890476,0.8713559142241388,3,optimal,126885.39274491,126885.39274491,1509.147763591,121.622930616,31.61,4.75,0.0,9.43,17.05,99.81959889,31.5,4.75,0.0,9.43,17.05,100.33704058000001,29.810000000000002,4.75,0.0,9.43,17.05,98.64285322,29.21,4.75,0.0,10.57,17.05,96.22231039,28.67,4.75,0.0,12.07,17.05,93.94547553000001,23.689999999999998,4.75,0.0,13.51,17.05,93.28906707,17.11,4.75,0.0,13.51,19.664068,78.715,14.030000000000001,4.75,0.0,14.28289,23.6380705,78.7149999,13.67,4.75,0.0,14.28289,25.7302375,78.71500010000001,12.92,4.75,0.0,14.28289,25.9394615,78.71499990000001,10.690000000000001,4.75,0.0,14.28289,26.1473565,60.0695369,5.59,5.6779776,0.0,14.28289,26.1473565,45.9251904,2.75,8.143773,0.0,16.025602,26.5606225,46.1291529,2.75,8.143773,0.0,16.589712,26.7659935,46.3380093,2.75,8.143773,0.0,17.159145000000002,26.9424295,42.122551200000004,2.75,8.143773,1.25,17.533037999999998,26.9424295,39.9527062,2.75,8.143773,2.5,15.40575,27.4274416,25.777000299999997,1.84,8.143773,3.75,16.128462,33.0212553,25.777000200000003,1.84,8.143773,3.75,16.632663,32.9412553,25.776999500000002,1.84,6.1983477,3.75,17.139352000000002,32.851255300000005,25.7770004,1.84,6.1983477,3.75,17.757991,32.571255300000004,25.5814727,1.33,6.3849555,3.75,19.440703,32.8390463,19.52621525,0.07,7.4534302,3.75,20.683414999999997,33.0231143,19.891349806999997,0.07,7.4534302,3.75,21.519153000000003,31.9271823,20.933504438,0.07,7.4534302,3.75,22.121865,30.0212493,15.1062462,0.07,7.4534302,5.75,22.694575999999998,27.7653173,5.7245517,0.07,7.4534302,7.75,25.9540734,28.2559283,0.0,0.07,7.4534302,9.75,29.4394972,30.869996299999997
78,cap,1.2497764805769893,1.160628319045444,0.6656360048124976,8,optimal,165829.38449304,165829.38449304,1500.331133496,121.622930616,31.61,4.75,0.0,9.43,17.05,99.81959889,31.5,4.75,0.0,9.43,17.05,100.33704058000001,29.810000000000002,4.75,0.0,9.43,17.05,100.58597606000001,29.21,4.75,0.0,10.57,17.05,99.39919054,28.67,4.75,0.0,12.07,17.422967,97.19187355000001,23.689999999999998,4.75,0.0,13.51,19.419874999999998,96.97188172,17.11,4.75,0.0,14.198552,22.339031300000002,78.715,14.030000000000001,4.75,0.0,15.529824,26.6656654,78.7149997,13.67,4.75,0.0,16.861096,30.9922994,78.7150001,12.92,4.75,0.0,18.192368000000002,34.068344499999995,78.7149993,10.690000000000001,4.75,0.0,19.52364,36.39807,61.5919279,5.59,5.9780003,0.0,20.854912,39.746117999999996,44.1608744,2.75,8.8393878,0.0,22.186183999999997,42.823508000000004,43.2869819,2.75,8.9130592,0.0,23.517456000000003,45.444312,42.317698299999996,2.75,8.9674523,0.0,24.848728,48.300857,40.9461553,2.75,9.0230585,0.0,26.18,51.444591,42.5129303,2.75,10.260168,0.0,23.641272,55.741225,25.777,1.84,13.10046,0.0,25.283816,59.997859,25.777,1.84,13.258163,0.0,26.198127,61.867298000000005,25.77699996,1.84,12.414632,0.0,28.4459569,61.867298000000005,25.777000100000002,1.84,12.414632,1.25,28.4359569,61.587298000000004,25.776999500000002,1.33,12.414632,2.5,28.3759569,60.617298000000005,21.388564380000002,0.07,12.414632,3.75,28.5627401,58.187298,17.21243468,0.07,12.414632,5.75,29.1740121,54.477298000000005,13.80239468,0.07,12.414632,7.75,29.47638,49.957298,9.49759828,0.07,12.414632,9.75,30.968924,46.609606,3.9400827599999997,0.07,12.414632,11.75,33.631468,48.606514000000004,0.0,0.07,12.414632,13.75,36.294012,52.933148
79,cap,1.1489253454861041,0.8283808424591024,0.6905393280371378,8,optimal,145853.73510486,145853.73510486,1477.6942753560004,121.622930616,31.61,4.75,0.0,9.43,17.05,99.810616725,31.5,4.75,0.0,9.43,17.05,100.315977616,29.810000000000002,4.75,0.0,9.43,17.05,99.889681616,29.21,4.75,0.0,10.57,17.05,98.428833616,28.67,4.75,0.0,12.07,17.05,95.74641872500001,23.689999999999998,4.75,0.0,13.51,18.998972,96.68204072500001,17.11,4.75,0.0,13.51,21.07059,78.7150002,14.030000000000001,4.75,0.0,14.870135,23.142208,78.71499990000001,13.67,4.75,0.0,16.251214,25.213825999999997,78.715000225,12.92,4.75,0.0,17.632293,25.61618,78.71500042500001,10.690000000000001,4.75,0.0,19.013371,28.4380786,55.409302616,5.59,6.1114655,0.0,20.39445,31.2634093,42.564642616,2.75,8.3770099,0.0,21.775529,34.0913929,41.456749615999996,2.75,8.3770099,0.0,23.156607,36.922813,40.359113616,2.75,8.3770099,0.0,24.537686,39.756881,38.291286616,2.75,8.3770099,0.0,25.918765,44.01809,39.718604616,2.75,9.3375998,0.0,23.429842999999998,48.476596,25.777,1.84,12.360531,0.0,23.790922000000002,52.895101,25.777000141,1.84,12.559384,0.0,24.282001,55.231989,25.777,1.84,12.59846,0.0,25.613079,55.787341,25.777,1.84,12.59846,1.25,25.603079,55.507341,25.262258425,1.33,12.59846,2.5,25.543079,54.537341,19.480317725000003,0.07,12.59846,3.75,25.043079,52.107341,17.936537725,0.07,12.59846,4.8359971,25.4819667,48.397341,13.698278725,0.07,12.59846,6.8359971,25.746730300000003,44.786698,8.734353834,0.07,12.59846,8.8359971,27.338887999999997,41.988316,4.318328696,0.07,12.59846,10.835997,30.1010446,44.059934,0.0,0.07,12.59846,12.835997,32.863202,48.54844
80,cap,1.0863732964657058,0.8012978622580278,1.1054017537622067,4,optimal,136000.52280577,136000.52280577,1556.2181081739998,121.622930616,31.61,4.75,0.0,9.43,17.05,99.810616725,31.5,4.75,0.0,9.43,17.05,100.315977616,29.810000000000002,4.75,0.0,9.43,17.05,99.47740661600001,29.21,4.75,0.0,10.57,17.05,97.692821725,28.67,4.75,0.0,12.07,17.05,96.18687372500001,23.689999999999998,4.75,0.0,13.51,17.05,95.78361172500001,17.11,4.75,0.0,13.51,20.366204999999997,78.7149995,14.030000000000001,4.75,0.0,13.51,23.682411,78.715,13.67,4.75,0.0,13.51,24.870977,78.71499962600001,12.92,4.75,0.0,13.51,25.211712,78.71499968,10.690000000000001,4.75,0.0,13.51,25.553832,63.25732706,5.59,7.1792377,0.0,13.51,25.898099,51.29733854,2.75,10.262849,0.0,13.51,26.243747,52.351401020000004,2.75,10.563318,0.0,13.51,26.591545999999997,53.01282202,2.75,10.779394,0.0,13.8622166,26.940724,50.29775702,2.75,10.779394,0.0,16.07302,30.929861000000002,46.49124502,2.75,10.779394,1.25,14.413824,35.3825232,25.77700018,1.84,11.112893,2.5,15.604627,42.497635,25.77699957,1.84,11.112893,3.75,16.523626999999998,42.417635000000004,25.77700054,1.84,8.6434046,3.75,17.390634,42.327635,25.777000440000002,1.84,8.6644344,3.75,18.371535,42.047635,25.7770002,1.33,8.8685407,3.75,19.724894,41.108554,24.35233655,0.07,10.337576,3.75,20.069046999999998,41.994759,24.76563355,0.07,10.337576,3.75,21.203753,41.600965,18.2205495,0.07,10.337576,5.75,22.274555999999997,41.208481,12.239417999999999,0.07,10.337576,7.75,23.514254,39.654686,5.297041409999999,0.07,10.337576,9.75,27.215393499999998,39.654686,0.0,0.07,10.337576,11.75,31.637001,42.970892
81,cap,0.9128325394472615,1.588165059145424,1.2294358087515986,5,optimal,125284.49797613,125284.49797613,1442.343091026,121.622930616,31.61,4.75,0.0,9.43,17.05,99.81959889,31.5,4.75,0.0,9.43,17.05,100.33704058000001,29.810000000000002,4.75,0.0,9.43,17.05,98.41959922000001,29.21,4.75,0.0,10.57,17.05,95.77050839,28.67,4.75,0.0,12.07,17.05,93.25517855000001,23.689999999999998,4.75,0.0,13.51,17.05,92.39604474000001,17.11,4.75,0.0,13.51,19.980753,78.71500014,14.030000000000001,4.75,0.0,15.968872,25.8270039,78.7150005,13.67,4.75,0.0,16.218228,26.2475229,78.71499979999999,12.92,4.75,0.0,16.472599000000002,26.2475229,76.337923,10.690000000000001,4.75,0.0,18.838782000000002,26.2475229,59.3063197,5.59,4.75,0.0,21.297652999999997,26.6467989,38.2975464,2.75,5.4533951,0.0,23.756525000000003,29.9671297,36.5570829,2.75,5.4533951,0.0,26.18,29.9671297,37.1653193,2.75,5.4533951,0.0,26.18,30.127645700000002,37.7269802,2.75,5.4533951,0.0,26.18,30.2867357,39.2790042,2.75,5.707527,0.0,24.768872,31.0404257,25.777000300000005,1.84,5.707527,1.25,26.18,30.9704257,25.7708265,1.84,5.707527,2.5,25.29,30.8904257,21.487874,1.84,3.1421581,3.75,25.240000000000002,30.8004257,22.005503100000002,1.84,3.2965368,3.75,25.229999999999997,30.8233497,19.346337899999998,1.33,3.959472,3.75,25.174939000000002,30.9714007,14.59688039,0.07,5.4809634,3.75,24.674939000000002,31.345247699999998,15.207207089999999,0.07,5.6240143,3.75,24.644727000000003,31.3235547,15.913877849999999,0.07,5.709351,3.75,24.891128000000002,30.4918617,12.77070059,0.07,5.709351,5.127372,23.721128,29.3101697,7.03080618,0.07,5.709351,7.127372,23.721128,29.3101697,0.0,0.07,5.709351,9.127372,28.6388716,29.3101697
82,cap,1.2661233074461236,1.4373373114123247,1.1542897858681784,7,optimal,170107.62922229,170107.62922229,1501.8187146859996,121.622930616,31.61,4.75,0.0,9.43,17.05,99.81959889,31.5,4.75,0.0,9.43,17.05,100.33704058000001,29.810000000000002,4.75,0.0,9.43,17.05,100.69371606000001,29.21,4.75,0.0,10.57,17.05,100.03415854,28.67,4.75,0.0,12.07,17.05,97.31877655000001,23.689999999999998,4.75,0.0,13.51,19.617172,95.40906926000001,17.11,4.75,0.0,15.106604,23.080042,78.71499967999999,14.030000000000001,4.75,0.0,17.415184,30.5829253,78.71499995999999,13.67,4.75,0.0,19.723762999999998,33.2785325,78.7149998,12.92,4.75,0.0,21.313102,33.3406655,78.71500019999999,10.690000000000001,4.75,0.0,21.562841,33.6324585,61.9003808,5.59,5.1961455,0.0,23.87142,36.374567,41.9454884,2.75,7.7951505,0.0,26.18,40.948298,42.4505869,2.75,8.261668,0.0,26.18,43.618213999999995,41.789387299999994,2.75,8.7232661,0.0,26.18,48.202819,40.977488199999996,2.75,9.2228637,0.0,26.18,52.562233,41.40656920000001,2.75,10.181087,0.0,24.61858,57.175532000000004,25.77700025,1.84,12.520229,0.0,25.907159,64.60841500000001,25.777,1.84,13.739562,0.0,26.18,66.437265,25.7769996,1.84,11.296732,1.25,26.130000000000003,66.347265,25.77699982,1.84,11.296732,2.5,26.119999999999997,66.06726499999999,25.777000400000002,1.33,11.296732,3.75,26.060000000000002,65.097265,22.26862668,0.07,11.318485,4.430414,25.560000000000002,62.667265,19.26391668,0.07,11.318485,6.430414,25.417298300000002,58.95726500000001,15.08377668,0.07,11.318485,8.430414,26.585877800000002,54.437265,10.98015848,0.07,11.318485,10.430414,27.7244574,49.567265000000006,4.77204516,0.07,11.318485,12.430414,31.374457,50.87201,0.0,0.07,11.318485,14.430414,35.991617000000005,56.10653000000001
83,cap,0.9095555255915247,0.7721194676602618,1.3715690721282858,1,optimal,118262.80507169,118262.80507169,1395.687017834,121.622930616,31.61,4.75,0.0,9.43,17.05,99.810616725,31.5,4.75,0.0,9.43,17.05,100.315977616,29.810000000000002,4.75,0.0,9.43,17.05,90.19822672500001,29.21,4.75,0.0,10.57,17.05,89.081783825,28.67,4.75,0.0,12.07,17.05,88.022982025,23.689999999999998,4.75,0.0,13.51,17.05,88.10341442500001,17.11,4.75,0.0,13.51,18.23602,78.7149999,14.030000000000001,4.75,0.0,13.51,22.350727,78.7150005,13.67,4.75,0.0,13.51,23.901836,77.42281152000001,12.92,4.75,0.0,13.51,24.068391,72.88452812999999,10.690000000000001,4.75,0.0,13.51,24.232734999999998,54.86974602,5.59,5.9164488,0.0,13.51,24.395591,40.7164118,2.75,8.6516828,0.0,13.51,24.715398,34.221895599999996,2.75,8.6516828,1.25,13.51,24.715398,29.100108707000004,2.75,8.6516828,2.5,13.51,24.872349999999997,25.260252800000004,2.75,8.6516828,3.75,13.51,25.02781,26.7088353,2.75,8.6516828,3.75,12.3831381,25.181068,21.9459918,1.84,8.6516828,3.75,14.106276,33.9636886,22.2498973,1.84,8.6516828,3.75,14.495171000000001,33.8836886,23.7757158,1.84,6.2295951,3.75,14.884546,33.793688599999996,24.040661,1.84,6.2295951,3.75,15.375427,33.5136886,21.2185983,1.33,6.5679514,3.75,16.242389,32.543688599999996,20.228312250000002,0.07,7.5901006,3.75,17.436935,30.971820599999997,20.412912249999998,0.07,7.6145047,3.75,17.867086,30.771094599999998,20.524169200000003,0.07,7.6145047,3.75,19.120586,29.0607176,16.2977712,0.07,7.6145047,5.0105036,20.693724000000003,26.8349846,9.2224665,0.07,7.6145047,7.0105036,23.436861999999998,26.8349846,0.0,0.07,7.6145047,9.0105036,28.923138100000003,26.8349846
84,cap,1.1582885462238535,1.7415973331427481,0.8795074870976765,8,optimal,159107.67736455,159107.67736455,1474.674429886,121.622930616,31.61,4.75,0.0,9.43,17.05,99.81959889,31.5,4.75,0.0,9.43,17.05,100.33704058000001,29.810000000000002,4.75,0.0,9.43,17.05,99.98298606,29.21,4.75,0.0,10.57,17.05,98.5920351,28.67,4.75,0.0,12.07,17.05,95.41686055000001,23.689999999999998,4.75,0.0,13.51,19.688522,92.42102616,17.11,4.75,0.0,15.269015,25.4053212,78.71500011999998,14.030000000000001,4.75,0.0,17.02803,31.122119400000003,78.7149997,13.67,4.75,0.0,18.513208,31.4216984,78.7150008,12.92,4.75,0.0,19.467682,31.8332754,78.7149993,10.690000000000001,4.75,0.0,21.226697,31.8332754,58.746923100000004,5.59,4.75,0.0,22.985712,35.975077,40.332052399999995,2.75,7.2796749,0.0,24.744726999999997,39.474245,38.468795899999996,2.75,7.2796749,0.0,26.18,42.977043,38.6397693,2.75,7.5682013,0.0,26.18,45.493061999999995,38.3459072,2.75,7.9656642,0.0,26.18,48.146403,39.5506052,2.75,8.9597046,0.0,24.069015,51.889556999999996,25.77699989,1.84,10.520934,0.0,24.808030000000002,57.536355,25.77699969,1.84,10.605823,0.0,25.677045,59.64999,25.776999749999998,1.84,11.169252,0.0,26.18,59.64999,25.7770001,1.84,11.169252,1.25,26.17,59.36999,25.7420189,1.33,11.169252,2.5,26.11,58.39999,19.77287868,0.07,11.169252,3.75,25.61,57.067133,18.86687568,0.07,11.169252,4.9636122,24.89,53.357133000000005,14.97819168,0.07,11.169252,6.9636122,25.4057163,48.837133,10.62134788,0.07,11.169252,8.9636122,26.0767012,46.546382,4.44858666,0.07,11.169252,10.963612,29.5947312,46.546382,0.0,0.07,11.169252,12.963612,33.112761,49.184905
85,cap,0.9261595861446668,0.8828256821522682,0.821706667897592,6,optimal,118849.97454724,118849.97454724,1498.3902531659999,121.622930616,31.61,4.75,0.0,9.43,17.05,99.81959889,31.5,4.75,0.0,9.43,17.05,100.33704058000001,29.810000000000002,4.75,0.0,9.43,17.05,98.48492706,29.21,4.75,0.0,10.57,17.05,95.90430065,28.67,4.75,0.0,12.07,17.05,93.47039703,23.689999999999998,4.75,0.0,13.51,17.05,93.13157759,17.11,4.75,0.0,13.51,19.062604,78.7150003,14.030000000000001,4.75,0.0,13.51,21.527724,78.71499969999999,13.67,4.75,0.0,13.51,23.992843999999998,78.7150002,12.92,4.75,0.0,13.51,24.175753999999998,78.715,10.690000000000001,4.75,0.0,13.51,24.356792,58.826979300000005,5.59,5.5971591,0.0,14.809157,24.536683999999997,45.319506700000005,2.75,7.8300555,0.0,16.45257,24.891576999999998,44.346322199999996,2.75,7.8300555,0.0,18.095983,24.891576999999998,43.5827237,2.75,7.8300555,0.0,19.739397,25.066581,42.611995699999994,2.75,7.8300555,0.0,21.38281,25.447163999999997,42.6033547,2.75,7.8300555,0.0,19.156223,30.7582573,25.777,1.84,10.535679,0.0,19.779637,36.029350699999995,25.776999999999997,1.84,10.535679,1.25,18.889637,35.9493507,25.777,1.84,6.4986657,2.5,18.839637,35.8593507,24.4716078,1.84,6.4986657,3.75,18.829636999999998,35.5793507,22.8846592,1.33,6.4986657,3.75,18.769637,34.6093507,18.713233250000002,0.07,7.1654904,3.75,19.91305,32.3367177,18.9599482,0.07,7.1654904,3.75,20.836463000000002,31.0918377,20.0027592,0.07,7.1654904,3.75,21.339877,29.036957700000002,14.2626482,0.07,7.1654904,5.75,21.813290000000002,26.6320777,6.842742400000001,0.07,7.1654904,7.75,23.4964998,28.9332937,0.0,0.07,7.1654904,9.75,26.7833271,33.6916864
86,cap,1.1201273006802968,1.313149768100001,0.9991891618456119,3,optimal,149928.26010421,149928.26010421,1501.3449985060001,121.622930616,31.61,4.75,0.0,9.43,17.05,99.81959889,31.5,4.75,0.0,9.43,17.05,100.33704058000001,29.810000000000002,4.75,0.0,9.43,17.05,99.73146906000001,29.21,4.75,0.0,10.57,17.05,98.10963439000001,28.67,4.75,0.0,12.07,17.05,95.53805855,23.689999999999998,4.75,0.0,13.51,18.689701,95.05948146,17.11,4.75,0.0,13.8548245,21.687268,78.71499977999999,14.030000000000001,4.75,0.0,15.853203,28.1819971,78.71499970000002,13.67,4.75,0.0,17.851581,29.2304486,78.71499979999999,12.92,4.75,0.0,19.767527,29.6044346,78.7149998,10.690000000000001,4.75,0.0,19.952567000000002,29.7494416,62.13381780000001,5.59,4.75,0.0,21.950946000000002,31.9168006,42.277072399999994,2.75,7.2041047,0.0,23.949323999999997,34.831443,42.517258899999995,2.75,7.2041047,0.0,25.061493,35.215253000000004,42.7578633,2.75,7.2041047,0.0,26.18,35.601126,39.2748452,2.75,7.2041047,1.25,26.18,35.758797,39.10319320000001,2.75,7.2041047,2.5,22.310000000000002,36.149579,25.776999500000002,1.84,7.2041047,3.75,23.288378,40.271025,25.777,1.84,7.2041047,3.75,24.396757,40.667113,25.777000299999997,1.84,6.1480282,3.75,26.18,41.065256,25.7769996,1.84,6.5175187,3.75,26.18,41.466256,25.7769999,1.33,7.3951558,3.75,26.18,42.565604,22.25843785,0.07,9.0351155,3.75,26.157217000000003,43.133171000000004,22.13700385,0.07,9.0351155,4.4239597,25.437216999999997,42.420739,17.82226259,0.07,9.0351155,6.4239597,24.297217000000003,40.898306000000005,11.84522898,0.07,9.0351155,8.4239597,25.3322013,39.025874,5.25480251,0.07,9.0351155,10.42396,28.1783786,39.629115,0.0,0.07,9.0351155,12.42396,32.175135,46.123844
87,cap,1.1302820641356395,1.7633286349266222,0.9664636483888953,3,optimal,155719.85282581,155719.85282581,1474.545840136,121.622930616,31.61,4.75,0.0,9.43,17.05,99.81959889,31.5,4.75,0.0,9.43,17.05,100.33704058000001,29.810000000000002,4.75,0.0,9.43,17.05,99.79839806000001,29.21,4.75,0.0,10.57,17.05,98.22422139000001,28.67,4.75,0.0,12.07,17.05,95.34488955,23.689999999999998,4.75,0.0,13.51,19.162967,92.22216122,17.11,4.75,0.0,15.442927000000001,23.7682277,78.71500027,14.030000000000001,4.75,0.0,17.375855,30.0502415,78.7150001,13.67,4.75,0.0,18.470923,30.4311845,78.7150008,12.92,4.75,0.0,19.474665,30.5841235,78.7150003,10.690000000000001,4.75,0.0,21.407593,30.5841235,58.0912682,5.59,4.75,0.0,23.340519999999998,34.973378,39.2387904,2.75,6.877071,0.0,25.273446999999997,38.74759,39.0826249,2.75,6.9437045,0.0,26.18,40.148958,40.4491733,2.75,7.2894289,0.0,26.18,40.545871,36.550048200000006,2.75,7.2894289,1.25,26.18,40.945841,34.1151632,2.75,7.2894289,2.5,24.242927,41.117027,25.7769998,1.84,7.2894289,3.75,25.155855000000003,41.521924,25.7769996,1.84,7.2894289,3.75,26.18,41.929884,25.7770002,1.84,6.3026963,3.75,26.18,42.919652,25.7770004,1.84,6.6719443,3.75,26.18,45.483843,25.7770002,1.33,7.5670183,3.75,26.18,45.493319,21.525395089999996,0.07,9.1783602,3.7849749,26.18,45.796813,21.071760089999998,0.07,9.1783602,4.5796098,25.46,44.986204,16.80051339,0.07,9.1783602,6.5796098,24.711211399999996,43.365595,11.37802648,0.07,9.1783602,8.5796098,25.4741386,41.394986,5.12883491,0.07,9.1783602,10.57961,28.5041389,41.490984999999995,0.0,0.07,9.1783602,12.57961,32.369993,46.961432
88,cap,1.234988568719362,0.7614591615350583,0.908469805784046,8,optimal,155225.45638568,155225.45638568,1424.63397445,121.622930616,31.61,4.75,0.0,9.43,17.05,99.810616725,31.5,4.75,0.0,9.43,17.05,100.315977616,29.810000000000002,4.75,0.0,9.43,17.05,91.073650216,29.21,4.75,0.0,10.57,17.05,90.70654881600001,28.67,4.75,0.0,12.07,17.05,89.706800825,23.689999999999998,4.75,0.0,13.51,19.029968,90.099928125,17.11,4.75,0.0,13.51,21.755378,78.715,14.030000000000001,4.75,0.0,13.51,24.480787,78.715000462,13.67,4.75,0.0,13.51,25.68554,78.715000068,12.92,4.75,0.0,13.8406039,26.172673,78.638697216,10.690000000000001,4.75,0.0,15.657543,29.1785816,53.971635816,5.59,7.5408785,0.0,17.474483,32.8549679,39.302545116000005,2.75,9.8709533,0.0,19.291423,36.535754,37.456978416,2.75,9.8709533,0.0,21.108362,40.221749,35.718068416,2.75,9.8709533,0.0,22.925302000000002,43.912136000000004,34.149140216,2.75,9.8709533,0.0,24.742241999999997,47.607738999999995,35.664191916,2.75,10.651327,0.0,22.689180999999998,52.496826,25.777,1.84,12.900974,0.0,25.1379354,58.331879,25.77700023,1.84,12.900974,0.0,26.0648744,60.980183,25.777,1.84,13.066278,0.0,27.831814400000003,61.067837999999995,25.7770004,1.84,13.066278,1.25,27.8218144,60.787837999999994,21.731234725,1.33,13.066278,2.5,27.761814400000002,59.817837999999995,20.646166725,0.07,13.066278,3.75,27.261814400000002,57.387838,17.414613725000002,0.07,13.066278,5.75,27.017027,53.677838,13.457313134000001,0.07,13.066278,7.75,27.693966600000003,49.157838,9.710171934,0.07,13.066278,9.75,28.3409063,44.287838,4.183762996,0.07,13.066278,11.75,31.940906,47.013247,0.0,0.07,13.066278,13.75,35.574785000000006,52.918302
89,cap,1.1481282222619749,0.9750201739252125,0.9194328107892762,5,optimal,147475.34759642,147475.34759642,1544.9482868360003,121.622930616,31.61,4.75,0.0,9.43,17.05,99.81959889,31.5,4.75,0.0,9.43,17.05,100.33704058000001,29.810000000000002,4.75,0.0,9.43,17.05,99.91602106,29.21,4.75,0.0,10.57,17.05,98.45115265,28.67,4.75,0.0,12.07,17.05,97.02016883,23.689999999999998,4.75,0.0,13.51,17.391773999999998,97.42742899000001,17.11,4.75,0.0,13.51,20.150071999999998,78.7150002,14.030000000000001,4.75,0.0,14.678097,23.236908,78.7150002,13.67,4.75,0.0,14.678097,25.769044,78.71500060999999,12.92,4.75,0.0,14.678097,26.170613,78.71500019999999,10.690000000000001,4.75,0.0,14.678097,26.343771999999998,63.863428299999995,5.59,6.8431533,0.0,15.550306,26.751397,50.2770318,2.75,9.465916,0.0,17.389172000000002,27.392709,49.9016622,2.75,9.465916,0.0,19.228037,27.575340999999998,48.065049200000004,2.75,9.465916,0.0,21.066903000000003,31.2096698,46.2759742,2.75,9.465916,0.0,22.905768000000002,34.9079697,46.8953642,2.75,9.8812388,0.0,20.874634,40.854283,25.777,1.84,11.759288,1.25,21.6935,46.760596,25.777000200000003,1.84,11.759288,2.5,20.8035,46.680596,25.7769999,1.84,8.4594971,3.75,20.753500000000003,46.590596,25.777000360000002,1.84,8.867049,3.75,20.743499999999997,46.310596000000004,25.7770002,1.33,9.2297915,3.75,21.869889,45.340596,24.98899825,0.07,10.455031,3.75,23.208755000000004,45.668894,23.476027199999997,0.07,10.455031,4.8220766,22.667161999999998,44.717193,17.022180499999997,0.07,10.455031,6.8220766,24.1626298,42.955491,11.2698222,0.07,10.455031,8.8220766,25.491423400000002,40.84379,4.5734053,0.07,10.455031,10.822077,29.169154,42.442298,0.0,0.07,10.455031,12.822077,32.846886,48.067533
90,cap,1.278802467494276,1.413735829413144,1.0679729987298356,1,optimal,173631.55805444,173631.55805444,1489.0510448259997,121.622930616,31.61,4.75,0.0,9.43,17.05,99.81959889,31.5,4.75,0.0,9.43,17.05,100.33704058000001,29.810000000000002,4.75,0.0,9.43,17.05,100.77728306,29.21,4.75,0.0,10.57,17.05,100.20327554,28.67,4.75,0.0,12.07,17.05,97.35042955,23.689999999999998,4.75,0.0,13.51,19.856303,94.86859546000001,17.11,4.75,0.0,15.645946,23.060222,78.71500020999999,14.030000000000001,4.75,0.0,17.781892,30.0020465,78.71500012999999,13.67,4.75,0.0,19.917838,33.4067833,78.71499979999999,12.92,4.75,0.0,21.594586,33.4067833,78.7149999,10.690000000000001,4.75,0.0,21.908108,33.7113253,62.9041195,5.59,5.2476425,0.0,24.044054000000003,35.679908999999995,43.8725804,2.75,7.922235,0.0,26.18,37.952128,40.8977889,2.75,7.922235,1.25,26.18,38.505222,37.7026213,2.75,7.922235,2.5,26.18,38.832547,34.014448300000005,2.75,7.922235,3.75,26.18,39.397041,35.1644402,2.75,7.922235,3.75,24.445946,43.461946,25.777000100000002,1.84,7.997957,3.75,25.561892,48.388130000000004,25.7769996,1.84,8.1117795,3.75,26.18,52.325859,25.776999700000005,1.84,8.8725181,3.75,26.18,52.912711,25.77700003,1.84,9.4153331,3.75,26.18,54.171782,25.777000299999997,1.33,10.479785,3.75,26.18,54.171782,25.56709285,0.07,11.403801,4.5987927,25.68,54.111782000000005,19.62887909,0.07,11.403801,6.5987927,26.5729192,53.605700999999996,15.16646868,0.07,11.403801,8.5987927,27.568865199999998,49.085701,10.86938318,0.07,11.403801,10.598793,28.5348112,46.714133000000004,4.53906896,0.07,11.403801,12.598793,32.064811,49.407863000000006,0.0,0.07,11.403801,14.598793,36.336703,56.349687
91,cap,0.9208705030572591,0.9325382926152711,0.7102582206789063,0,optimal,123351.09306442,123351.09306442,1464.8868713849997,121.622930616,31.61,4.75,0.0,9.43,17.05,99.81959889,31.5,4.75,0.0,9.43,17.05,100.33704058000001,29.810000000000002,4.75,0.0,9.43,17.05,98.46441822000001,29.21,4.75,0.0,10.57,17.05,95.86120939000001,28.67,4.75,0.0,12.07,17.05,93.39375797000001,23.689999999999998,4.75,0.0,13.51,17.05,92.9233696,17.11,4.75,0.0,13.51,19.180774999999997,78.7150003,14.030000000000001,4.75,0.0,13.51,21.311549,78.7150003,13.67,4.75,0.0,13.51,23.442324,78.7149997,12.92,4.75,0.0,13.51,24.141555,78.71499999999999,10.690000000000001,4.75,0.0,13.51,24.317275,60.6400069,5.59,5.6685096,0.0,13.51,24.49174,42.2895894,2.75,6.9537969,1.25,14.930516,24.835456999999998,38.3050049,2.75,6.9537969,2.5,14.930516,24.835456999999998,33.2517015,2.75,6.9537969,3.75,16.351033,25.00471,32.444064100000006,2.75,6.9537969,3.75,17.771549,25.172704,34.2068853,2.75,6.9537969,3.75,15.322066,27.111326,25.777000100000002,1.84,6.9537969,3.75,15.722582000000001,31.6580048,25.777000100000002,1.84,6.9537969,3.75,16.140971,31.578004800000002,25.7769999,1.84,5.7091013,3.75,17.067658,31.4880048,25.777000100000002,1.84,5.7091013,3.75,18.478175,31.208004799999998,24.3429704,1.33,5.7091013,3.75,19.838691,30.2380048,18.67465825,0.07,6.8197225,3.75,20.759208,29.9387798,19.281161818999998,0.07,6.8197225,3.75,21.459724,28.3595538,20.68582825,0.07,6.854496,3.75,21.740240999999997,25.9703288,14.6118092,0.07,6.854496,5.6017028,21.990757000000002,25.7170075,5.7628656000000005,0.07,6.854496,7.6017028,24.0381042,27.8477815,0.0,0.07,6.854496,9.6017028,26.8791376,32.4644603
92,cap,1.293499971709315,0.7030218623629305,0.8926748233444136,4,optimal,160865.59591019,160865.59591019,1465.9414329109995,121.622930616,31.61,4.75,0.0,9.43,17.05,99.810616725,31.5,4.75,0.0,9.43,17.05,100.315977616,29.810000000000002,4.75,0.0,9.43,17.05,91.234496116,29.21,4.75,0.0,10.57,17.05,91.03205511600001,28.67,4.75,0.0,12.07,17.05,89.898889725,23.689999999999998,4.75,0.0,13.51,19.728023999999998,90.45309982500001,17.11,4.75,0.0,13.51,22.406049,78.715,14.030000000000001,4.75,0.0,13.51,25.084073,78.71499918800001,13.67,4.973406,0.0,13.51,26.006242,78.71499918800001,12.92,6.2253714,0.0,13.51,26.551014,78.715000668,10.690000000000001,6.2253714,0.0,14.230498,27.101381999999997,56.678125015999996,5.59,9.28772,0.0,16.015847,27.9444785,44.536110216,2.75,10.859876,0.0,17.801197000000002,31.631200300000003,43.345702516,2.75,10.859876,0.0,19.586547,34.8389972,42.231836316,2.75,10.859876,0.0,21.371896,37.963359,41.153841416,2.75,10.859876,0.0,23.157246,41.087721,37.049429816,2.75,10.859876,1.25,21.072595999999997,46.860108,25.777,1.84,12.46879,2.5,21.837944999999998,52.592494,25.777000400000002,1.84,12.46879,3.75,20.947944999999997,52.512494000000004,25.777000272,1.84,11.768628,3.75,21.994987000000002,52.422494,25.776999842,1.84,11.823948,3.80918,23.770336,52.592494,25.777000272,1.33,11.823948,4.3948022,23.710335999999998,52.592494,25.108403665999997,0.07,11.823948,4.7986277,24.832805999999998,51.373599999999996,19.057717725,0.07,11.823948,6.7986277,25.898155600000003,50.341623999999996,13.886787725,0.07,11.823948,8.7986277,27.1871203,48.499649000000005,8.922824734,0.07,11.823948,10.798628,29.58782,45.676445,5.857588196,0.07,11.823948,12.798628,33.158519,51.478832,0.0,0.07,11.823948,14.798628,36.729218,57.281217999999996
93,cap,1.1560042233270706,0.751186522282345,0.6547277084333778,0,optimal,148616.79958565,148616.79958565,1407.578772656,121.622930616,31.61,4.75,0.0,9.43,17.05,99.810616725,31.5,4.75,0.0,9.43,17.05,100.315977616,29.810000000000002,4.75,0.0,9.43,17.05,90.856524816,29.21,4.75,0.0,10.57,17.05,90.267148916,28.67,4.75,0.0,12.07,17.05,89.53886752500001,23.689999999999998,4.75,0.0,13.51,17.80522,89.981488225,17.11,4.75,0.0,13.51,19.769402999999997,78.715,14.030000000000001,4.75,0.0,13.51,21.733587,78.715,13.67,4.75,0.0,13.51,23.69777,78.71500036799999,12.92,4.75,0.0,13.51,25.661953,78.715000252,10.690000000000001,5.4170865,0.0,13.5479037,26.074081,54.914959116000006,5.59,8.5047474,0.0,14.857359,26.489787,39.817149816,2.75,8.908128,1.25,16.166815,26.908289,32.833778616,2.75,8.908128,2.5,17.47627,27.4631068,26.493090616,2.75,8.908128,3.75,18.785725,30.1795298,24.875751616000002,2.75,8.908128,3.75,20.095180999999997,34.4352597,27.115373415999997,2.75,8.908128,3.75,17.534636,38.6609897,25.776999912,1.84,8.9207748,3.75,17.824092,42.84672,25.776999812,1.84,9.1953697,3.75,18.243547,43.952839,25.776999612,1.84,9.2861535,3.75,19.304357,43.862839,25.777000412,1.84,9.309701,3.75,20.603811999999998,43.582839,25.718978915999998,1.33,9.6408544,3.75,21.853267000000002,43.296474,25.229832665999997,0.07,10.933881,3.75,22.9909252,42.830657,21.206866616,0.07,10.933881,4.9302447,24.889835599999998,41.084841,14.355623725,0.07,10.933881,6.9302447,26.368747,40.820571,8.695771034,0.07,10.933881,8.9302447,27.8176574,40.206300999999996,5.960041696,0.07,10.933881,10.930245,30.436568800000003,44.462030999999996,0.0,0.07,10.933881,12.930245,33.055479000000005,48.717760999999996
94,cap,0.9319770022432475,0.9989636444331674,1.0610864543973204,2,optimal,123257.20425735,123257.20425735,1507.0865322060001,121.622930616,31.61,4.75,0.0,9.43,17.05,99.81959889,31.5,4.75,0.0,9.43,17.05,100.33704058000001,29.810000000000002,4.75,0.0,9.43,17.05,98.52634722,29.21,4.75,0.0,10.57,17.05,95.98653539,28.67,4.75,0.0,12.07,17.05,93.58524089000001,23.689999999999998,4.75,0.0,13.51,17.05,93.48125672,17.11,4.75,0.0,13.51,18.806379,78.71500019999999,14.030000000000001,4.75,0.0,13.51,21.989638,78.7149997,13.67,4.75,0.0,13.51,24.255779,78.715,12.92,4.75,0.0,13.51,24.255779,78.71499999999999,10.690000000000001,4.75,0.0,13.51,24.400257,60.877091899999996,5.59,5.7554711,0.0,13.51,24.586116999999998,47.9871184,2.75,8.6861067,0.0,13.7066839,24.770225,48.169095899999995,2.75,8.6861067,0.0,14.140584,25.134632,44.2157843,2.75,8.6861067,1.25,14.140584,25.134632,38.684263200000004,2.75,8.6861067,2.5,16.262757,25.314929,36.133628200000004,2.75,8.6861067,3.75,14.51493,25.771736,25.777000300000005,1.84,8.6861067,3.75,15.617103,32.5987986,25.776999700000005,1.84,8.6861067,3.75,16.065275,32.518798600000004,25.776999600000003,1.84,6.0498524,3.75,16.514966,32.4287986,25.7769998,1.84,6.0498524,3.75,17.067227000000003,32.1487986,25.7770005,1.33,6.4417755,3.75,17.996606,31.1787986,20.335041249999996,0.07,7.4438511,3.75,19.395929000000002,30.4687126,20.618812249999998,0.07,7.4438511,3.75,20.001308,29.9419716,20.8706422,0.07,7.4438511,3.75,20.983480999999998,28.6052306,14.9477642,0.07,7.4438511,5.6001981,21.935654,26.9184906,7.1433403,0.07,7.4438511,7.6001981,24.057827000000003,26.9184906,0.0,0.07,7.4438511,9.6001981,28.302172900000002,31.206474800000002
95,cap,1.0068766338005044,1.0114881622264131,1.2595857151615495,7,optimal,129599.51013317,129599.51013317,1525.4645132959995,121.622930616,31.61,4.75,0.0,9.43,17.05,99.81959889,31.5,4.75,0.0,9.43,17.05,100.33704058000001,29.810000000000002,4.75,0.0,9.43,17.05,98.98196084,29.21,4.75,0.0,10.57,17.05,96.83170739,28.67,4.75,0.0,12.07,17.05,94.87047445,23.689999999999998,4.75,0.0,13.51,17.05,93.87569346000001,17.11,4.75,0.0,13.51,20.625636,78.71500019999999,14.030000000000001,4.75,0.0,13.51,24.404393,78.71499999999999,13.67,4.75,0.0,13.51,24.666304999999998,78.71499968,12.92,4.75,0.0,13.51,24.928728999999997,78.7149999,10.690000000000001,4.75,0.0,13.51,24.959871,62.5039089,5.59,6.3419188,0.0,13.51,25.222576,48.2997184,2.75,8.7555293,0.0,15.592121,25.716099,48.5376229,2.75,8.7555293,0.0,16.411866,25.748036,47.013698299999994,2.75,8.7555293,0.0,18.931038,26.01079,45.5130723,2.75,8.7555293,0.0,21.450209,26.623605700000002,44.5017053,2.75,8.7555293,0.0,20.099380000000004,33.2750257,25.777,1.84,11.090713,0.0,21.598551999999998,41.392333,25.777,1.84,11.090713,0.0,22.669182,41.312333,25.77699949,1.84,7.9042098,1.25,22.619182000000002,41.222333000000006,25.776999500000002,1.84,7.9042098,2.5,22.609181999999997,40.942333000000005,21.9875346,1.33,7.9042098,3.75,22.549182000000002,39.972333000000006,20.082928250000002,0.07,8.0787454,3.75,22.049182000000002,37.542333,21.44621925,0.07,8.5269687,3.75,21.369374999999998,37.611090000000004,21.095401199999998,0.07,8.5269687,4.4333593,20.229374999999997,36.869847,14.3541065,0.07,8.5269687,6.4333593,21.496211000000002,35.7786037,5.8211924,0.07,8.5269687,8.4333593,25.928372500000002,35.7786037,0.0,0.07,8.5269687,10.433359,30.966715,37.0482667
96,cap,1.198379352070529,0.839496223193068,1.2450791477650855,3,optimal,151252.34351352,151252.34351352,1568.1742394629998,121.622930616,31.61,4.75,0.0,9.43,17.05,99.810616725,31.5,4.75,0.0,9.43,17.05,100.315977616,29.810000000000002,4.75,0.0,9.43,17.05,100.215628616,29.21,4.75,0.0,10.57,17.05,99.088457616,28.67,4.75,0.0,12.07,17.05,97.104745725,23.689999999999998,4.75,0.0,13.51,18.339515,97.04544372500001,17.11,4.75,0.0,13.51,22.074752,78.71499999999999,14.030000000000001,4.75,0.0,13.51,25.038258,78.715,13.67,4.75,0.0,13.51,25.484883999999997,78.715000068,12.92,4.75,0.0,13.51,26.167004,78.715000376,10.690000000000001,5.6891221,0.0,13.51,26.390687,65.84270458,5.59,8.0213431,0.0,13.51,26.849868999999998,54.098650060000004,2.75,11.267813,0.0,13.51,27.312707,55.25107406,2.75,11.662911,0.0,13.5495835,28.011049999999997,55.368924060000005,2.75,11.662911,0.0,15.074717,28.250943999999997,48.20316406,2.75,11.662911,1.25,17.564875,32.866738,44.29943806,2.75,11.662911,2.5,16.185034,37.934615,25.7770004,1.84,11.662911,3.75,17.655192,45.957629,25.7769996,1.84,11.662911,3.75,18.817733,45.877629,25.77699979,1.84,9.9238369,3.75,19.994618000000003,45.787629,25.7769999,1.84,10.639156,3.75,21.417797999999998,45.507629,25.7769996,1.33,10.639156,3.75,23.47423,44.749264000000004,25.53372007,0.07,10.953908,3.75,25.464388,45.565238,24.43733002,0.07,10.953908,4.6717149,24.744388,45.590475999999995,18.02117223,0.07,10.953908,6.6717149,25.487337699999998,44.805713,12.40432055,0.07,10.953908,8.6717149,26.807496,42.403627,5.76494134,0.07,10.953908,10.671715,30.553108,42.403627,0.0,0.07,10.953908,12.671715,35.533425,47.442098
97,cap,0.9711303134268424,1.389642798429809,0.7573948974569903,7,optimal,130663.73031693,130663.73031693,1468.8962989079998,121.622930616,31.61,4.75,0.0,9.43,17.05,99.81959889,31.5,4.75,0.0,9.43,17.05,100.33704058000001,29.810000000000002,4.75,0.0,9.43,17.05,98.74466222000001,29.21,4.75,0.0,10.57,17.05,96.42834339000001,28.67,4.75,0.0,12.07,17.05,93.88592705,23.689999999999998,4.75,0.0,13.51,17.530179,92.80244139,17.11,4.75,0.0,14.0077406,19.802363999999997,78.714999532,14.030000000000001,4.75,0.0,15.52253,24.7254301,78.7149997,13.67,4.75,0.0,17.03732,26.9976151,78.71500079999998,12.92,4.75,0.0,17.305633999999998,27.343674099999998,78.7149998,10.690000000000001,4.75,0.0,18.606051,27.343674099999998,59.964950200000004,5.59,4.75,0.0,20.120841,30.0150078,40.429097399999996,2.75,6.5893936,0.0,21.635631000000004,33.122013,39.8995659,2.75,6.5893936,0.0,23.150419999999997,33.346863,39.1387943,2.75,6.5893936,0.0,24.665210000000002,33.563375,38.5658942,2.75,6.5893936,0.0,26.18,33.563375,40.2880802,2.75,6.6970996,0.0,23.82479,35.753536,25.77699954,1.84,8.2254075,0.0,24.319580000000002,38.381757699999994,25.77699961,1.84,8.3810129,0.0,24.944369000000002,38.301757699999996,25.776999999999997,1.84,6.4085872,1.25,25.663947999999998,38.2117577,25.777,1.84,6.4085872,2.5,25.653948,37.9317577,19.750639999999997,1.33,6.4085872,3.75,25.593947999999997,36.9617577,15.735316390000001,0.07,6.4688406,3.75,25.093947999999997,36.8039427,16.920484090000002,0.07,6.5915317,3.75,25.46042,35.3661277,17.73208085,0.07,6.5915317,4.3063044,24.32042,33.1183117,13.31866789,0.07,6.5915317,6.3063044,23.150419999999997,30.5204967,5.54378437,0.07,6.5915317,8.3063044,25.5670622,32.7926817,0.0,0.07,6.5915317,10.306304,28.596642000000003,35.7610722
98,cap,0.997397084811233,1.2434063308615062,1.0177760223606467,2,optimal,134423.00283101,134423.00283101,1500.338268579,121.622930616,31.61,4.75,0.0,9.43,17.05,99.81959889,31.5,4.75,0.0,9.43,17.05,100.33704058000001,29.810000000000002,4.75,0.0,9.43,17.05,98.91887267,29.21,4.75,0.0,10.57,17.05,96.72473939000001,28.67,4.75,0.0,12.07,17.05,94.70814535000001,23.689999999999998,4.75,0.0,13.51,17.05,93.97998302,17.11,4.75,0.0,13.51,20.103327999999998,78.71499967999999,14.030000000000001,4.75,0.0,15.545552,25.7632895,78.7150003,13.67,4.75,0.0,17.465179,27.2209805,78.714999593,12.92,4.75,0.0,17.866322,27.4740665,78.71499987000001,10.690000000000001,4.75,0.0,17.866322,27.4956785,64.37200469999999,5.59,4.75,0.0,18.44687,27.9797075,44.2857554,2.75,7.1920443,0.0,20.482422,28.2322625,44.4993609,2.75,7.1920443,0.0,21.192431999999997,28.4851355,41.0603123,2.75,7.1920443,1.25,21.192431999999997,28.5065335,37.2965292,2.75,7.1920443,2.5,21.192431999999997,28.7593005,36.6530162,2.75,7.1920443,3.75,17.322432,29.0116425,25.776999700000005,1.84,7.1920443,3.75,18.337984,33.057197599999995,25.777000299999997,1.84,7.1920443,3.75,19.483536,33.3098046,25.777,1.84,5.6158564,3.75,21.469088,33.5619876,25.777000299999997,1.84,5.6825464,3.75,22.02232,33.8144876,25.776999700000005,1.33,6.4408384,3.75,21.96232,34.4342726,20.21586285,0.07,7.6366311,3.75,22.944826999999997,35.0576006,20.673840849999998,0.07,7.6366311,3.75,23.734876,34.4009286,20.678034849999996,0.07,7.6366311,4.4425014,22.594876,32.9342566,14.513544190000001,0.07,7.6366311,6.4425014,23.460428,31.1175846,6.23369718,0.07,7.6366311,8.4425014,26.18,31.1175846,0.0,0.07,7.6366311,10.442501,30.2511041,34.6877389
99,cap,1.1164564213216834,0.9344811440679976,1.2228642945023296,4,optimal,142312.60049707,142312.60049707,1568.9170402210002,121.622930616,31.61,4.75,0.0,9.43,17.05,99.810616725,31.5,4.75,0.0,9.43,17.05,100.32591338,29.810000000000002,4.75,0.0,9.43,17.05,99.68561638,29.21,4.75,0.0,10.57,17.05,98.04075569000001,28.67,4.75,0.0,12.07,17.05,96.71049569,23.689999999999998,4.75,0.0,13.51,17.05,96.21359769,17.11,4.75,0.0,13.51,20.718593,78.7149999,14.030000000000001,4.75,0.0,13.51,24.387186,78.715,13.67,4.75,0.0,13.51,25.266913,78.71500008,12.92,4.75,0.0,13.51,25.637283,78.71499969999999,10.690000000000001,4.75,0.0,13.51,26.009648,64.29103529999999,5.59,7.3210365,0.0,13.51,26.15373,52.287761800000006,2.75,10.488527,0.0,13.51,26.530853999999998,53.429161300000004,2.75,10.818569,0.0,13.51,26.910746999999997,53.6689567,2.75,10.818569,0.0,14.61625,27.292628999999998,51.6105277,2.75,10.818569,0.0,17.061979,29.565681400000003,47.62287870000001,2.75,10.818569,1.25,15.637707,34.254490499999996,25.777,1.84,11.479445,2.5,17.063436,42.133109,25.777000060000002,1.84,11.479445,3.75,17.822647,42.053109,25.77699985,1.84,8.6373382,3.75,18.774174000000002,41.963109,25.77699986,1.84,8.6670559,3.75,19.838566,41.683109,25.7769999,1.33,9.0942002,3.75,21.296677000000003,40.713109,25.48710775,0.07,10.277057,3.75,21.981442,41.38913,25.77700045,0.07,10.277057,3.8216321,22.963009,41.347723,19.3506594,0.07,10.277057,5.8216321,24.268738,40.496316,13.1607974,0.07,10.277057,7.8216321,25.1726284,38.779855,6.076228199999999,0.07,10.277057,9.8216321,28.253890000000002,38.779855,0.0,0.07,10.277057,11.821632,33.145348,42.817242
100,cap,1.0111393648114433,1.7039516186910213,1.0121242428716717,6,optimal,138684.78350331,138684.78350331,1443.592433766,121.622930616,31.61,4.75,0.0,9.43,17.05,99.81959889,31.5,4.75,0.0,9.43,17.05,100.33704058000001,29.810000000000002,4.75,0.0,9.43,17.05,99.01032911000001,29.21,4.75,0.0,10.57,17.05,96.87980839000001,28.67,4.75,0.0,12.07,17.05,94.37438515000001,23.689999999999998,4.75,0.0,13.51,17.783744,92.05954144,17.11,4.75,0.0,14.791418,20.820117,78.71499974000001,14.030000000000001,4.75,0.0,16.815666999999998,27.398923800000002,78.7150005,13.67,4.75,0.0,17.182095,28.2321038,78.7149998,12.92,4.75,0.0,17.795823,28.2676768,78.11075129999999,10.690000000000001,4.75,0.0,19.820071,28.2676768,57.11664880000001,5.59,4.75,0.0,21.844320000000003,32.5747187,37.7331604,2.75,6.2569445,0.0,23.868568000000003,36.384087,35.3268569,2.75,6.2569445,0.0,25.892817,38.857575,35.7450723,2.75,6.2569445,0.0,26.18,39.529117,36.6560612,2.75,6.2569445,0.0,26.18,39.797107000000004,39.3315612,2.75,7.0398082,0.0,24.334248000000002,40.06495,25.77700039,1.84,7.9773344,0.0,25.338496999999997,43.031323,25.7770003,1.84,7.9773344,1.25,26.18,42.951323,24.9879521,1.84,5.6423718,2.5,26.130000000000003,42.861323,22.120228400000002,1.84,5.6423718,3.75,26.119999999999997,42.581323,19.7171521,1.33,5.6423718,3.75,26.060000000000002,41.611323,15.61566239,0.07,6.8993788,3.75,26.18,42.217696000000004,16.55765339,0.07,7.1750321,3.75,26.18,41.544069,15.04663039,0.07,7.1750321,4.9350606,25.04,40.060441,11.85433638,0.07,7.1750321,6.9350606,23.869999999999997,36.058389000000005,5.87007161,0.07,7.1750321,8.9350606,25.2514845,36.334320000000005,0.0,0.07,7.1750321,10.935061,29.299981000000002,39.370693
101,cap,0.9697535610033201,1.2337243586576334,0.9010378401210818,2,optimal,130988.9185857,130988.9185857,1497.6248952560002,121.622930616,31.61,4.75,0.0,9.43,17.05,99.81959889,31.5,4.75,0.0,9.43,17.05,100.33704058000001,29.810000000000002,4.75,0.0,9.43,17.05,98.73698622,29.21,4.75,0.0,10.57,17.05,96.41280839000001,28.67,4.75,0.0,12.07,17.05,94.23477365000001,23.689999999999998,4.75,0.0,13.51,17.05,93.61377798000001,17.11,4.75,0.0,13.51,19.753114,78.71500037,14.030000000000001,4.75,0.0,15.312076,25.4411158,78.71500019999999,13.67,4.75,0.0,16.746088999999998,27.4477218,78.71499976,12.92,4.75,0.0,16.904882999999998,27.6735758,78.71499982000002,10.690000000000001,4.75,0.0,16.904882999999998,27.6735758,64.0635549,5.59,4.75,0.0,17.71909,28.1230618,44.1919434,2.75,7.2354371,0.0,19.521166,28.3466938,44.3995619,2.75,7.2354371,0.0,20.140594,28.5700748,40.8746983,2.75,7.2354371,1.25,20.140594,28.5700748,36.9340872,2.75,7.2354371,2.5,20.140594,28.783565799999998,36.064090900000004,2.75,7.2354371,3.75,16.427329999999998,29.0047268,25.777,1.84,7.2354371,3.75,17.209405,32.1507703,25.777000100000002,1.84,7.2354371,3.75,18.121481,32.0707703,25.776999500000002,1.84,5.6542367,3.75,19.873556999999998,32.2900773,25.7770004,1.84,5.6622548,3.75,20.51963,32.5091303,25.777000200000003,1.33,6.3858226,3.75,20.459629999999997,33.7256253,19.79186385,0.07,7.4555806,3.75,21.761705999999997,33.9987383,20.38498585,0.07,7.4555806,3.75,22.449488000000002,32.991852300000005,21.083541849999996,0.07,7.4555806,4.0061448,22.371335000000002,31.1749653,15.284669849999998,0.07,7.4555806,6.0061448,23.003411,29.0080793,6.028980580000001,0.07,7.4555806,8.0061448,26.170647499999998,29.5295733,0.0,0.07,7.4555806,10.006145,29.7747992,32.2326873
102,cap,1.1492375162887731,1.2483055408852448,0.6295677584005573,4,optimal,153308.38243363,153308.38243363,1510.3137443059998,121.622930616,31.61,4.75,0.0,9.43,17.05,99.81959889,31.5,4.75,0.0,9.43,17.05,100.33704058000001,29.810000000000002,4.75,0.0,9.43,17.05,99.92333206,29.21,4.75,0.0,10.57,17.05,97.96444339,28.67,4.75,0.0,12.07,17.660724,95.36974955000001,23.689999999999998,4.75,0.0,13.51,19.549426999999998,94.10569286,17.11,4.75,0.0,14.769136,22.185398499999998,78.7149998,14.030000000000001,4.75,0.0,16.028271,26.2775887,78.71500019999999,13.67,4.75,0.0,17.287407,30.3697788,78.71499979999999,12.92,4.75,0.0,18.546542000000002,31.0034898,78.7150002,10.690000000000001,4.75,0.0,19.805678,31.1777648,62.91237220000001,5.59,5.1318611,0.0,21.064813,33.5966179,44.2035884,2.75,7.9458381,0.0,22.323949,35.4832404,44.4500789,2.75,7.9458381,0.0,23.531505000000003,35.8981054,44.7209673,2.75,7.9458381,0.0,24.790640000000003,36.1880844,44.8972332,2.75,7.9458381,0.0,26.049776,36.6007204,42.9382152,2.75,7.9458381,1.25,23.438910999999997,39.132649,25.77699953,1.84,7.9458381,2.5,23.678047,43.15484,25.7770001,1.84,7.9458381,3.75,24.047182,43.074839999999995,25.7770001,1.84,6.8811818,3.75,25.256318,43.848049,25.776999600000003,1.84,7.0559407,3.75,25.992593,45.456753,25.777000400000002,1.33,7.9857373,3.75,25.932592999999997,46.375456,23.10529785,0.07,9.6329171,3.75,25.831806299999997,45.834159,20.60556235,0.07,9.6329171,4.8381635,26.3709418,44.012863,15.73280339,0.07,9.6329171,6.8381635,26.4900774,41.381566,10.01395878,0.07,9.6329171,8.8381635,27.8383489,40.093688,3.8458790599999997,0.07,9.6329171,10.838163,30.3566194,44.185878,0.0,0.07,9.6329171,12.838163,32.874891000000005,48.278069
103,cap,0.9206695756477584,1.6103546802451314,1.250199714733421,7,optimal,125947.05689902,125947.05689902,1418.0054453760001,121.622930616,31.61,4.75,0.0,9.43,17.05,99.81959889,31.5,4.75,0.0,9.43,17.05,100.33704058000001,29.810000000000002,4.75,0.0,9.43,17.05,98.46329822000001,29.21,4.75,0.0,10.57,17.05,95.85894139,28.67,4.75,0.0,12.07,17.05,93.39029386,23.689999999999998,4.75,0.0,13.51,17.05,92.51033054000001,17.11,4.75,0.0,13.51,20.033393999999998,78.71500044000001,14.030000000000001,4.75,0.0,16.010399,25.990626,78.7149996,13.67,4.75,0.0,16.328487000000003,26.346888,78.7149998,12.92,4.75,0.0,16.613244,26.346888,76.2667058,10.690000000000001,4.75,0.0,19.057954000000002,26.346888,55.4937729,5.59,4.75,0.0,21.558354,30.627000700000004,34.8473144,2.75,5.404885,0.0,24.058753000000003,35.406026,33.5010456,2.75,5.404885,0.0,26.18,35.406026,34.0373793,2.75,5.404885,0.0,26.18,35.746077,34.6268894,2.75,5.404885,0.0,26.18,35.913848,36.5064792,2.75,5.7490761,0.0,24.810398999999997,36.079642,25.776999699999998,1.84,6.7041674,0.0,26.18,38.305009,25.776999500000002,1.84,6.8581394,0.0,26.18,38.225009,25.7769998,1.84,5.5206634,1.25,26.130000000000003,38.135009,22.7646239,1.84,5.5206634,2.5,26.119999999999997,37.855008999999995,15.988300500000001,1.33,5.5206634,3.75,26.060000000000002,36.885009,12.601575189999998,0.07,5.5206634,3.75,25.560000000000002,36.754228,13.50821139,0.07,5.7231722,3.75,24.840000000000003,36.794827,14.154132390000001,0.07,5.8662369,3.75,24.849601,36.025427,11.642501289999998,0.07,5.8662369,5.2373038,23.679600999999998,33.901755,6.58808118,0.07,5.8662369,7.2373038,23.679600999999998,33.901755,0.0,0.07,5.8662369,9.2373038,28.680399400000002,33.901755
104,cap,1.2695932501150247,1.430841145266686,0.7284989072842804,3,optimal,172328.39234315,172328.39234315,1490.2964983860004,121.622930616,31.61,4.75,0.0,9.43,17.05,99.81959889,31.5,4.75,0.0,9.43,17.05,100.33704058000001,29.810000000000002,4.75,0.0,9.43,17.05,100.71658606000001,29.21,4.75,0.0,10.57,17.05,99.58061554,28.67,4.75,0.0,12.07,17.497118999999998,95.17438255,23.689999999999998,4.75,0.0,14.578111,20.1735996,93.53285416,17.11,4.75,0.0,16.035109,24.9088418,78.71499981000001,14.030000000000001,4.75,0.0,17.492107,29.644085,78.71499979999999,13.67,4.75,0.0,18.949105,34.3793281,78.71499979999999,12.92,4.75,0.0,20.406101999999997,35.0629851,78.71500003,10.690000000000001,4.75,0.0,21.863100000000003,35.0629851,60.7806152,5.59,5.3788512,0.0,23.320098,38.376026,43.2231294,2.75,8.2441274,0.0,24.777096,41.463119999999996,42.9996589,2.75,8.2990734,0.0,26.18,42.958997,44.009431299999996,2.75,8.7775433,0.0,26.18,44.8682,40.7591672,2.75,8.7775433,1.25,26.18,45.191441999999995,39.478669200000006,2.75,8.7775433,2.5,23.766998,46.099520999999996,25.777000200000003,1.84,8.7775433,3.75,24.203996000000004,49.445201,25.7770004,1.84,8.7775433,3.75,24.770992999999997,51.569129000000004,25.777000100000002,1.84,8.728165,3.75,26.177991,52.145028999999994,25.776999610000004,1.84,9.2591867,3.75,26.18,53.564711,25.7769999,1.33,10.166976,3.75,26.5121891,53.564711,22.15982039,0.07,10.209098,4.8299239,27.4691869,53.320208,16.96248568,0.07,10.209098,6.8299239,28.206184699999998,51.795704,13.22403068,0.07,10.209098,8.8299239,28.523182499999997,49.461201,8.86481163,0.07,10.209098,10.829924,29.426184,48.71046,3.30567076,0.07,10.209098,12.829924,32.34018,53.445703,0.0,0.07,10.209098,14.829924,35.254176,58.180946000000006
105,cap,1.0757730640681882,1.3955662851301063,0.9049100259232348,3,optimal,145158.76480877,145158.76480877,1480.7406390560002,121.622930616,31.61,4.75,0.0,9.43,17.05,99.81959889,31.5,4.75,0.0,9.43,17.05,100.33704058000001,29.810000000000002,4.75,0.0,9.43,17.05,99.43913406000001,29.21,4.75,0.0,10.57,17.05,97.60913839000001,28.67,4.75,0.0,12.07,17.05,94.49516755,23.689999999999998,4.75,0.0,13.51,19.055051,92.9214068,17.11,4.75,0.0,14.751135,21.769781,78.71499947999999,14.030000000000001,4.75,0.0,16.560955,27.6516961,78.715,13.67,4.75,0.0,18.370775000000002,28.5414051,78.71499979999999,12.92,4.75,0.0,19.256906,28.5414051,78.71500040000001,10.690000000000001,4.75,0.0,20.623123,28.6418171,59.7088294,5.59,4.75,0.0,22.432943,32.0316451,40.1427354,2.75,6.7192471,0.0,24.242763000000004,35.764438,40.3587849,2.75,6.7192471,0.0,25.209592999999998,36.100927,40.5750393,2.75,6.7192471,0.0,26.18,36.438581,36.613106200000004,2.75,6.7192471,1.25,26.18,36.547119,36.0693782,2.75,6.7192471,2.5,22.525014,36.887869,25.7769998,1.84,6.7192471,3.75,23.314833999999998,37.461216,25.7769996,1.84,6.7192471,3.75,24.234654,38.084109,25.7770004,1.84,5.5379521,3.75,25.926746,37.994109,25.7770005,1.84,5.7603434,3.75,26.18,39.551367,25.1221412,1.33,6.6084315,3.75,26.119999999999997,40.089224,20.927986849999996,0.07,8.3416573,3.75,25.619999999999997,40.373954,21.74196285,0.07,8.4161292,3.8386868,26.18,39.378684,17.60735509,0.07,8.4161292,5.8386868,25.04,37.573414,12.445760190000001,0.07,8.4161292,7.8386868,25.152265900000003,35.4181442,5.21514261,0.07,8.4161292,9.8386868,27.2942839,37.6540682,0.0,0.07,8.4161292,11.838687,30.913924,43.535983
106,cap,1.1702712351876474,0.9242981181076214,0.8826806225172469,8,optimal,149446.25086086,149446.25086086,1499.276030046,121.622930616,31.61,4.75,0.0,9.43,17.05,99.810616725,31.5,4.75,0.0,9.43,17.05,100.315977616,29.810000000000002,4.75,0.0,9.43,17.05,100.030370616,29.21,4.75,0.0,10.57,17.05,98.713547616,28.67,4.75,0.0,12.07,17.05,97.03457572500001,23.689999999999998,4.75,0.0,13.51,17.809393,97.650616725,17.11,4.75,0.0,13.51,20.457435,78.7150004,14.030000000000001,4.75,0.0,13.51,26.194859200000003,78.7149998,13.67,4.75,0.0,13.51,29.1085422,78.71499992700001,12.92,4.75,0.0,14.388591,29.5319242,78.71500008,10.690000000000001,4.75,0.0,16.121749,29.7273462,60.22004706,5.59,6.4503964,0.0,17.88711,30.157690199999998,45.556668540000004,2.75,9.1247126,0.0,19.652471,33.6805014,43.78190154,2.75,9.1247126,0.0,21.417833,37.20719,42.09585454,2.75,9.1247126,0.0,23.183194,40.736958,40.49452554,2.75,9.1247126,0.0,24.948555,44.270607999999996,40.91938154,2.75,9.7017517,0.0,22.843916,49.975538,25.777,1.84,12.705656,0.0,23.589278,55.642962,25.77700041,1.84,12.705656,0.0,24.464639,57.704471,25.77699975,1.84,12.582756,0.0,26.18,57.784470999999996,25.777,1.84,12.582756,1.25,26.17,57.504470999999995,25.52186969,1.33,12.582756,2.5,26.11,56.534470999999996,20.06477339,0.07,12.582756,3.75,25.61,54.104471000000004,18.75918639,0.07,12.582756,5.1267031,25.081058,50.394471,14.49861439,0.07,12.582756,7.1267031,25.706419200000003,45.874471,10.20687642,0.07,12.582756,9.1267031,26.3710585,41.582345000000004,4.009695,0.07,12.582756,11.126703,29.9017807,44.230387,0.0,0.07,12.582756,13.126703,33.432503000000004,49.967811
107,cap,1.0710604204857797,0.8347782158459003,1.3726624966100034,4,optimal,134620.74862519,134620.74862519,1558.0459678679997,121.622930616,31.61,4.75,0.0,9.43,17.05,99.810616725,31.5,4.75,0.0,9.43,17.05,100.315977616,29.810000000000002,4.75,0.0,9.43,17.05,99.37648061600001,29.21,4.75,0.0,10.57,17.05,97.52003072500001,28.67,4.75,0.0,12.07,17.05,95.92465372500001,23.689999999999998,4.75,0.0,13.51,17.05,94.83325272500001,17.11,4.75,0.0,13.51,21.135531999999998,78.7150004,14.030000000000001,4.75,0.0,13.51,24.463227,78.715,13.67,4.75,0.0,13.51,24.787046999999998,78.71499942999999,12.92,4.75,0.0,13.51,25.112697999999998,78.71500046,10.690000000000001,4.75,0.0,13.51,25.439421,62.98457454,5.59,7.053341,0.0,13.51,25.767977,51.007257020000004,2.75,10.10819,0.0,13.51,26.097604999999998,52.0168625,2.75,10.393606,0.0,13.51,26.429066,53.029377000000004,2.75,10.680007,0.0,13.51,26.761597,52.401576,2.75,10.680007,0.0,14.891362,27.7012536,47.673500999999995,2.75,10.680007,1.25,13.7666874,32.8410064,25.776999710000002,1.84,10.680007,2.5,15.492012,41.693313,25.77699986,1.84,10.680007,3.75,16.371508,41.613313000000005,25.776999949999997,1.84,8.4183718,3.75,17.195328,41.523313,25.77699985,1.84,8.4349793,3.75,18.13373,41.243313,25.7770002,1.33,8.6292076,3.75,19.462376,40.273313,24.156300449999996,0.07,9.8854244,3.75,20.480027,39.860634,24.708793949999997,0.07,10.003544,3.75,21.080986000000003,40.204635,18.6893129,0.07,10.003544,5.5704665,22.167457,39.802622,12.591255499999999,0.07,10.003544,7.5704665,23.434675,39.05061,5.638214400000001,0.07,10.003544,9.5704665,26.18,39.05061,0.0,0.07,10.003544,11.570467,31.670650000000002,40.803889999999996
108,cap,1.1765181608545885,1.6163385855701284,0.8859685970313171,2,optimal,161336.22793741,161336.22793741,1474.222580086,121.622930616,31.61,4.75,0.0,9.43,17.05,99.81959889,31.5,4.75,0.0,9.43,17.05,100.33704058000001,29.810000000000002,4.75,0.0,9.43,17.05,100.10313606000001,29.21,4.75,0.0,10.57,17.05,98.83755182,28.67,4.75,0.0,12.07,17.05,95.77929455,23.689999999999998,4.75,0.0,13.51,19.623711,92.99166276,17.11,4.75,0.0,15.281937,24.6607822,78.71499988,14.030000000000001,4.75,0.0,17.053874,30.419577200000003,78.71499997,13.67,4.75,0.0,18.825812,31.505703200000003,78.71499979999999,12.92,4.75,0.0,20.103369,31.505703200000003,78.7150003,10.690000000000001,4.75,0.0,21.599711,31.7074062,60.02251420000001,5.59,4.75,0.0,23.371648999999998,34.9958631,41.0427964,2.75,7.3247279,0.0,25.143586,38.767768000000004,41.5583509,2.75,7.4028882,0.0,26.18,39.211738,37.8347183,2.75,7.4028882,1.25,26.18,39.658916000000005,33.8509082,2.75,7.4028882,2.5,26.18,39.879054,31.638467499999997,2.75,7.4028882,3.75,24.081937000000003,40.333445,25.777000100000002,1.84,7.4028882,3.75,24.833874,43.810917,25.7769998,1.84,7.4028882,3.75,25.715812,45.415143,25.776999699999998,1.84,7.2457828,3.75,26.18,47.604620999999995,25.7770002,1.84,7.6737363,3.75,26.18,48.893483,25.7770002,1.33,8.6215746,3.75,26.18,48.893483,23.706765849999996,0.07,10.105781,3.75,26.18,48.399321,20.50686039,0.07,10.105781,5.2933498,25.5970844,47.347226000000006,15.46459538,0.07,10.105781,7.2933498,26.2290216,45.0127,10.85885878,0.07,10.105781,9.2933498,26.8309588,42.017671,4.50152896,0.07,10.105781,11.29335,29.860959,44.675577,0.0,0.07,10.105781,13.29335,33.404833,50.434373
109,cap,1.224978840221137,1.7774568701466746,0.7579154019118444,8,optimal,169852.43624002,169852.43624002,1474.079593136,121.622930616,31.61,4.75,0.0,9.43,17.05,99.81959889,31.5,4.75,0.0,9.43,17.05,100.33704058000001,29.810000000000002,4.75,0.0,9.43,17.05,100.42253606000001,29.21,4.75,0.0,10.57,17.05,99.23478854,28.67,4.75,0.0,12.07,17.274157,95.20235155,23.689999999999998,4.75,0.0,14.380198,19.547902999999998,93.06716706,17.11,4.75,0.0,15.896029,24.4743529,78.71500017999999,14.030000000000001,4.75,0.0,17.41186,29.4008028,78.71499962,13.67,4.75,0.0,18.927691,33.1694113,78.7150008,12.92,4.75,0.0,20.24456,33.4156353,78.7150003,10.690000000000001,4.75,0.0,21.760391,35.875145,57.6262294,5.59,5.0340434,0.0,23.276221999999997,39.726846,40.618556399999996,2.75,7.8381437,0.0,24.792053000000003,42.870217999999994,39.2936069,2.75,7.8452189,0.0,26.18,46.018594,39.1658643,2.75,8.2877699,0.0,26.18,49.022053,38.9490762,2.75,8.7370763,0.0,26.18,52.097684,39.695978399999994,2.75,9.867431,0.0,23.825831,56.994134,25.77699987,1.84,12.606178,0.0,24.321662000000003,61.850584,25.776999630000002,1.84,13.123878,0.0,24.947491999999997,64.404995,25.77699956,1.84,11.818849,0.0,27.508797100000002,64.404995,25.7769996,1.84,11.818849,1.25,27.4987971,64.124995,25.7770004,1.33,11.818849,2.5,27.438797100000002,63.154995,21.07519268,0.07,11.818849,3.75,26.938797100000002,60.72499499999999,17.111358680000002,0.07,11.818849,5.75,27.7346279,57.014995,13.53321168,0.07,11.818849,7.75,28.110458700000002,52.494995,9.68697118,0.07,11.818849,9.75,29.0246275,47.624995,3.8721340599999996,0.07,11.818849,11.75,32.056289,49.898741,0.0,0.07,11.818849,13.75,35.087951000000004,52.952428999999995
110,cap,1.090867790640297,1.1244338934796063,1.0911159964824295,8,optimal,141957.13070173,141957.13070173,1511.7418188660001,121.622930616,31.61,4.75,0.0,9.43,17.05,99.81959889,31.5,4.75,0.0,9.43,17.05,100.33704058000001,29.810000000000002,4.75,0.0,9.43,17.05,99.53862206000001,29.21,4.75,0.0,10.57,17.05,97.77946839,28.67,4.75,0.0,12.07,17.05,95.81873055000001,23.689999999999998,4.75,0.0,13.51,17.681803,95.48453472,17.11,4.75,0.0,13.51,20.955150999999997,78.7150002,14.030000000000001,4.75,0.0,14.985229,28.047405,78.71499990000001,13.67,4.75,0.0,14.985229,28.788516,78.71500019999999,12.92,4.75,0.0,14.985229,29.05968,78.7150002,10.690000000000001,4.75,0.0,14.985229,29.637368000000002,60.6719829,5.59,6.2893067,0.0,15.813833,29.755196,46.8272754,2.75,8.7538568,0.0,17.996065,30.336597,47.1043469,2.75,8.7538568,0.0,19.09103,30.458141,45.6567183,2.75,8.7538568,0.0,21.273262000000003,31.8599615,43.1811803,2.75,8.7538568,0.0,23.455494,36.035176,42.9851223,2.75,8.835755,0.0,21.767726000000003,42.72712,25.77699977,1.84,11.10491,0.0,22.929958,49.749374,25.77700029,1.84,11.10491,0.0,24.222189999999998,49.88338,25.777,1.84,10.421586,0.0,26.18,49.88338,25.7769999,1.84,10.421586,1.25,26.17,49.60338,24.9476452,1.33,10.421586,2.5,26.11,48.63338,18.8854555,0.07,10.421586,3.75,25.61,46.203379999999996,19.8159839,0.07,10.421586,3.9972308,24.89,45.766728,16.0732465,0.07,10.421586,5.9972308,23.75,44.520076,12.077847799999999,0.07,10.421586,7.9972308,23.5156119,40.404538,5.1460875999999995,0.07,10.421586,9.9972308,27.115611899999998,40.917277999999996,0.0,0.07,10.421586,11.997231,31.480075900000003,44.190626
111,cap,0.9401889159002745,1.224278245511806,1.1115775492157067,2,optimal,127164.38514932,127164.38514932,1501.007563646,121.622930616,31.61,4.75,0.0,9.43,17.05,99.81959889,31.5,4.75,0.0,9.43,17.05,100.33704058000001,29.810000000000002,4.75,0.0,9.43,17.05,98.57213622,29.21,4.75,0.0,10.57,17.05,96.07919939,28.67,4.75,0.0,12.07,17.05,93.72681937,23.689999999999998,4.75,0.0,13.51,17.05,93.50890722,17.11,4.75,0.0,13.51,19.015273999999998,78.71500011,14.030000000000001,4.75,0.0,15.733155,24.1236769,78.7150001,13.67,4.75,0.0,16.897858,26.0744579,78.71499992999998,12.92,4.75,0.0,16.897858,26.271188900000002,78.71499944,10.690000000000001,4.75,0.0,16.897858,26.3730079,64.87531,5.59,4.75,0.0,16.967661,26.660617900000002,44.2201714,2.75,7.080611,0.0,19.190815999999998,26.8533169,44.421386899999995,2.75,7.080611,0.0,19.713368000000003,27.045156900000002,40.7940743,2.75,7.080611,1.25,19.713368000000003,27.045156900000002,36.9410322,2.75,7.080611,2.5,19.713368000000003,27.1937569,36.067279600000006,2.75,7.080611,3.75,15.843368,27.3815679,25.776999699999998,1.84,7.080611,3.75,17.046523,30.5321582,25.777000200000003,1.84,7.080611,3.75,18.379678,30.4521582,25.7769999,1.84,5.1351103,3.75,20.043796,30.3621582,25.776999699999998,1.84,5.307216,3.75,20.033796000000002,30.5032332,25.777000200000003,1.33,6.0262427,3.75,19.973796,30.4538862,20.91035985,0.07,7.5771762,3.75,19.473796,31.250297200000002,21.19367285,0.07,7.5771762,3.75,20.034171999999998,30.8750292,21.77158685,0.07,7.5771762,3.75,20.680535,29.689762199999997,15.24682885,0.07,7.5771762,5.739209,21.733690000000003,28.1544952,7.15422928,0.07,7.5771762,7.739209,23.956845,28.1544952,0.0,0.07,7.5771762,9.739209,28.4031551,32.0505925
112,cap,1.053606167396524,1.786183276987916,0.9247910177191185,5,optimal,145162.82357813,145162.82357813,1471.457319056,121.622930616,31.61,4.75,0.0,9.43,17.05,99.81959889,31.5,4.75,0.0,9.43,17.05,100.33704058000001,29.810000000000002,4.75,0.0,9.43,17.05,99.29294956000001,29.21,4.75,0.0,10.57,17.05,97.35900639,28.67,4.75,0.0,12.07,17.05,94.10654435000001,23.689999999999998,4.75,0.0,13.51,19.066699,91.63132574000001,17.11,4.75,0.0,15.359582,21.966926100000002,78.71499964,14.030000000000001,4.75,0.0,17.209164,27.978067699999997,78.7149999,13.67,4.75,0.0,18.058066,28.2850527,78.71499979999999,12.92,4.75,0.0,18.810809,28.362459700000002,78.7025028,10.690000000000001,4.75,0.0,20.660390999999997,28.362459700000002,58.24976300000001,5.59,4.75,0.0,22.509973000000002,32.4501013,38.8316714,2.75,6.4853687,0.0,24.359555,36.311076,36.3412829,2.75,6.4853687,0.0,26.18,39.547844,37.4404393,2.75,6.4853687,0.0,26.18,39.861399,38.5023302,2.75,6.7411865,0.0,26.18,40.176431,41.5033722,2.75,7.6382473,0.0,24.159582,40.492177,25.77699979,1.84,7.6382473,1.25,24.989164000000002,41.98583,25.7770005,1.84,7.6382473,2.5,25.948746,41.905829999999995,24.4294201,2.04524201,4.864107,3.75,26.18,41.81583,25.7180375,2.04524201,5.1850219,3.75,26.18,41.535830000000004,23.3472195,1.5352420100000002,5.9674006,3.75,26.18,42.088100999999995,19.2945515,0.27524201,7.5246079,3.75,26.18,42.432474,20.8476187,0.27524201,7.8516939,3.75,26.18,41.496847,17.4023705,0.27524201,7.8516939,5.5379881,25.04,39.751221,12.8553377,0.27524201,7.8516939,7.5379881,24.311646,37.655594,6.123006,0.27524201,7.8516939,9.5379881,26.6216461,39.45358,0.0,0.27524201,7.8516939,11.537988,30.320810100000003,42.227953
113,cap,1.2255591300398048,1.2133587833360755,0.8185734261593657,2,optimal,163816.89795698,163816.89795698,1512.7697427259998,121.622930616,31.61,4.75,0.0,9.43,17.05,99.81959889,31.5,4.75,0.0,9.43,17.05,100.33704058000001,29.810000000000002,4.75,0.0,9.43,17.05,100.42636106,29.21,4.75,0.0,10.57,17.05,99.49310854000001,28.67,4.75,0.0,12.07,17.05,96.71059155,23.689999999999998,4.75,0.0,13.51,19.50572,97.36684972,17.11,4.75,0.0,13.51,22.582730299999998,78.7149999,14.030000000000001,4.75,0.0,15.147147,27.9034573,78.71500040000001,13.67,4.75,0.0,16.784294000000003,32.2162103,78.71500019999999,12.92,4.75,0.0,18.421441,33.1891076,78.7149991,10.690000000000001,4.75,0.0,20.058587,33.6711666,64.5552149,5.59,5.5406009,0.0,21.695734,34.1582346,46.03587639999999,2.75,8.3221294,0.0,23.332881,34.6495096,46.298896899999995,2.75,8.3221294,0.0,24.790526,35.1458006,43.534839299999994,2.75,8.3221294,1.25,24.790526,35.4152426,40.110489400000006,2.75,8.3221294,2.5,24.790526,36.4518832,36.935355400000006,2.75,8.3221294,3.75,22.557673,39.826598,25.776999600000003,1.84,8.3221294,3.75,23.174819,45.077325,25.7770003,1.84,8.3221294,3.75,23.921965999999998,47.368272000000005,25.7770002,1.84,8.2489224,3.75,25.509113,47.318052,25.7769996,1.84,8.5295387,3.75,26.18,48.805102000000005,25.7770003,1.33,9.5332943,3.75,26.18,48.130840000000006,25.77700025,0.07,10.793533,3.932381,26.2290397,48.15656,20.06716539,0.07,10.793533,5.8748681,27.1461865,46.902280000000005,15.34073939,0.07,10.793533,7.8748681,27.6433334,44.838,10.58963048,0.07,10.793533,9.8748681,28.3661862,42.333661,4.00305436,0.07,10.793533,11.874868,31.640479999999997,47.654389,0.0,0.07,10.793533,13.874868,34.914774,52.975116
114,cap,1.0145964097886426,1.7418713681686622,1.3693893985279375,7,optimal,138997.69647389,138997.69647389,1441.5378263259997,121.622930616,31.61,4.75,0.0,9.43,17.05,99.81959889,31.5,4.75,0.0,9.43,17.05,100.33704058000001,29.810000000000002,4.75,0.0,9.43,17.05,99.03333589,29.21,4.75,0.0,10.57,17.05,96.91881739,28.67,4.75,0.0,12.07,17.05,95.00266905000001,23.689999999999998,4.75,0.0,13.51,17.05,94.02641506,17.11,4.75,0.0,13.51,20.600448999999998,78.71500044,14.030000000000001,4.75,0.0,16.248779,28.443276100000002,78.71499969999999,13.67,4.75,0.0,17.135498,28.443276100000002,78.71499979999999,12.92,4.75,0.0,17.760542,28.4822551,78.7150002,10.690000000000001,4.75,0.0,19.502145,28.4822551,55.36805790000001,5.59,4.75,0.0,22.240924,34.046746999999996,34.9344004,2.75,5.9405393,0.0,24.979703,39.11016,34.9005119,2.75,5.9405393,0.0,26.18,39.150333,35.8130783,2.75,6.0607185,0.0,26.18,39.669231,36.3467522,2.75,6.2764319,0.0,26.18,40.570278,37.475909200000004,2.75,6.8592783,0.0,25.048779000000003,42.12731,25.777000199999996,1.84,7.875749,0.0,26.18,47.081434,25.77700019,1.84,8.1289304,0.0,26.18,47.001434,25.7769995,1.84,6.9120945,1.25,26.18,46.911434,24.5953117,1.84,6.9120945,2.5,26.17,46.631434,18.500149500000003,1.33,6.9120945,3.75,26.11,45.661434,15.521972389999998,0.07,6.972354,3.75,26.18,43.231434,16.17113739,0.07,7.2145541,3.75,26.18,43.499652999999995,14.55595338,0.07,7.2145541,4.9825799,25.04,41.663368,11.61520938,0.07,7.2145541,6.9825799,23.869999999999997,36.793368,6.78757518,0.07,7.2145541,8.9825799,24.342695499999998,36.793368,0.0,0.07,7.2145541,10.98258,29.391474300000002,39.661771
115,cap,1.0115071906699056,1.4825059480908833,0.773415585548887,5,optimal,137103.60672539,137103.60672539,1475.386816276,121.622930616,31.61,4.75,0.0,9.43,17.05,99.81959889,31.5,4.75,0.0,9.43,17.05,100.33704058000001,29.810000000000002,4.75,0.0,9.43,17.05,99.01277706,29.21,4.75,0.0,10.57,17.05,96.88395839,28.67,4.75,0.0,12.07,17.05,93.81800615,23.689999999999998,4.75,0.0,13.51,18.509227,92.34524832,17.11,4.75,0.0,14.571335,20.829473,78.71500029,14.030000000000001,4.75,0.0,16.118166000000002,25.8566745,78.7149998,13.67,4.75,0.0,17.664998,27.3986395,78.71499979999999,12.92,4.75,0.0,18.240993,27.4981055,78.71500040000001,10.690000000000001,4.75,0.0,19.787824,27.5548365,59.59277900000001,5.59,4.75,0.0,21.334654999999998,30.675833100000002,40.1692444,2.75,6.5673954,0.0,22.881486000000002,34.1490826,39.6442289,2.75,6.5673954,0.0,23.926426,35.034078,39.9011013,2.75,6.5673954,0.0,24.633169000000002,35.301866000000004,39.445061200000005,2.75,6.5673954,0.0,26.18,35.339213,42.3033402,2.75,7.2089136,0.0,23.856831,35.838521,25.77699989,1.84,7.2089136,1.25,24.383662,37.417038,25.777000100000002,1.84,7.2089136,2.5,25.040494000000002,37.337038,24.2257527,1.84,4.768761,3.75,24.990493999999998,37.247038,25.328145,1.84,5.0231066,3.75,24.980494,36.967038,22.455731800000002,1.33,5.7935581,3.75,24.920493999999998,38.317284,17.62556259,0.07,7.1745993,3.75,25.353169,38.207530999999996,18.642376849999998,0.07,7.2064867,3.75,26.18,36.817778,17.29061685,0.07,7.2064867,4.9480601,25.04,34.6180253,13.125070390000001,0.07,7.2064867,6.9480601,23.869999999999997,32.0682713,5.38424481,0.07,7.2064867,8.9480601,26.180000200000002,34.3885183,0.0,0.07,7.2064867,10.94806,29.2736623,39.41572
116,cap,1.0288338749655743,1.295909995673042,0.9209153289316365,1,optimal,139639.00772844,139639.00772844,1478.4956283960005,121.622930616,31.61,4.75,0.0,9.43,17.05,99.81959889,31.5,4.75,0.0,9.43,17.05,100.33704058000001,29.810000000000002,4.75,0.0,9.43,17.05,99.12808772,29.21,4.75,0.0,10.57,17.05,97.07947439,28.67,4.75,0.0,12.07,17.05,94.52609465,23.689999999999998,4.75,0.0,13.51,17.978813,94.23511096,17.11,4.75,0.0,13.51,20.741559,78.71499978,14.030000000000001,4.75,0.0,15.351831,26.7275087,78.71500047999999,13.67,4.75,0.0,17.193661,28.0098567,78.7149998,12.92,4.75,0.0,18.216379,28.2939097,78.71500021,10.690000000000001,4.75,0.0,18.216379,28.3471287,63.12017470000001,5.59,4.75,0.0,20.058210000000003,28.8634117,43.6725404,2.75,7.0401261,0.0,21.900041,29.1488577,40.2181869,2.75,7.0401261,1.25,21.900041,29.4352697,36.5081403,2.75,7.0401261,2.5,21.900041,29.490844699999997,32.2485263,2.75,7.0401261,3.75,21.900041,29.7784347,33.9580057,2.75,7.0401261,3.75,19.871871,32.0197407,25.776999500000002,1.84,7.0401261,3.75,20.693702000000002,35.9399254,25.776999500000002,1.84,7.0401261,3.75,21.645532000000003,36.1517894,25.7769996,1.84,5.5194038,3.75,23.437362999999998,36.3413154,25.777000199999996,1.84,5.5730637,3.75,24.150858,36.6318524,24.8817972,1.33,6.3634377,3.75,24.090857999999997,37.9507524,20.37237985,0.07,8.0419892,3.75,23.590857999999997,38.2834974,20.987725849999997,0.07,8.0419892,3.75,24.509552,37.3362434,18.78584085,0.07,8.0419892,5.1539722,23.369552,35.5789894,13.095324389999998,0.07,8.0419892,7.1539722,24.041382,33.4717354,5.93064908,0.07,8.0419892,9.1539722,26.1799997,34.126805399999995,0.0,0.07,8.0419892,11.153972,29.8636613,40.112755
117,cap,1.2896537717945953,0.8872267919277239,1.0910228471595342,3,optimal,164522.09317604,164522.09317604,1560.91684728,121.622930616,31.61,4.75,0.0,9.43,17.05,99.810616725,31.5,4.75,0.0,9.43,17.05,100.315977616,29.810000000000002,4.75,0.0,9.43,17.05,100.817210616,29.21,4.75,0.0,10.57,17.05,100.305887616,28.67,4.75,0.0,12.07,17.05,97.33260572500001,23.689999999999998,4.75,0.0,13.51,20.060959,98.17689572500001,17.11,4.75,0.0,13.51,23.334028,78.715,14.030000000000001,4.75,0.0,13.51,25.681544,78.714999628,13.67,4.75,0.0,13.51,26.216210999999998,78.715000168,12.92,5.016877,0.0,13.51,26.757194,78.714999868,10.690000000000001,6.2416374,0.0,13.51,27.303694999999998,67.8457161,5.59,8.7560018,0.0,13.51,27.625473,55.674249100000004,2.75,11.906503,0.0,14.111203,28.414859,55.7986571,2.75,11.906503,0.0,15.923798,28.7731997,54.3070071,2.75,11.906503,0.0,17.611385,33.1619506,47.814435100000004,2.75,11.906503,1.25,19.793430999999998,37.5570456,44.7850361,2.75,11.906503,2.5,18.105476,41.957632000000004,25.777000100000002,1.84,11.906503,3.75,19.267522,48.85904,25.77699976,1.84,11.906503,3.75,20.559568,49.462475,25.77699978,1.84,11.51885,3.75,22.691612999999997,50.585891,25.776999670000002,1.84,11.692671,3.75,24.863659,50.305891,25.776999897,1.33,11.919638,3.9789096,25.786450000000002,50.755891,25.77700028,0.07,11.919638,4.7016169,25.286450000000002,50.695891,19.52939089,0.07,11.919638,6.7016169,26.356890200000002,50.002086,14.15783165,0.07,11.919638,8.7016169,27.3989359,48.755154000000005,9.48670025,0.07,11.919638,10.701617,28.919077,46.749514000000005,3.6137001,0.07,11.919638,12.701617,32.334531,50.568094,0.0,0.07,11.919638,14.701617,36.698623,56.833051
118,cap,0.9154165557935399,0.8008862108472948,0.7679968040093796,6,optimal,116477.89264304,116477.89264304,1490.014673928,121.622930616,31.61,4.75,0.0,9.43,17.05,99.810616725,31.5,4.75,0.0,9.43,17.05,100.315977616,29.810000000000002,4.75,0.0,9.43,17.05,98.40705972500001,29.21,4.75,0.0,10.57,17.05,95.763735725,28.67,4.75,0.0,12.07,17.05,93.259385725,23.689999999999998,4.75,0.0,13.51,17.05,92.659142125,17.11,4.75,0.0,13.51,19.303713,78.715,14.030000000000001,4.75,0.0,13.51,21.607704,78.7150003,13.67,4.75,0.0,13.51,23.911693999999997,78.71500026000001,12.92,4.75,0.0,13.51,24.106289,78.71500036,10.690000000000001,4.75,0.0,13.51,24.276526,58.973413539999996,5.59,5.9372908,0.0,13.6687608,24.445394999999998,45.57547702,2.75,8.2310555,0.0,15.204754,24.612175999999998,44.485157019999995,2.75,8.2310555,0.0,16.740748,24.777587,43.67024002,2.75,8.2310555,0.0,18.276742,24.940911,41.43078102,2.75,8.2310555,0.0,19.812735,28.3383258,41.72041502,2.75,8.2310555,0.0,17.478729,33.3003046,25.777,1.84,10.910068,0.0,17.994722,38.2222844,25.777,1.84,10.910068,1.25,17.104722000000002,38.1422844,25.777,1.84,6.9926339,2.5,17.054721999999998,38.052284400000005,23.6440618,1.84,6.9926339,3.75,17.044722,37.772284400000004,21.198098,1.33,6.9926339,3.75,17.742240000000002,36.802284400000005,17.53375845,0.07,7.3761997,3.75,18.778233999999998,34.4217244,17.9001504,0.07,7.3761997,3.75,19.594227,33.0157144,19.087784961000004,0.07,7.3761997,3.75,19.990221,30.7997054,13.9888174,0.07,7.3761997,5.5920076,20.356215,28.233695400000002,6.7766701000000005,0.07,7.3761997,7.5920076,22.8953289,30.5376854,0.0,0.07,7.3761997,9.5920076,25.967316500000003,32.978113
119,cap,1.19056985569112,1.6548419051921188,0.6395870277093733,8,optimal,163707.59963174,163707.59963174,1471.4846779460001,121.622930616,31.61,4.75,0.0,9.43,17.05,99.81959889,31.5,4.75,0.0,9.43,17.05,100.33704058000001,29.810000000000002,4.75,0.0,9.43,17.05,100.19575006000001,29.21,4.75,0.0,10.57,17.05,98.16918539000001,28.67,4.75,0.0,12.07,17.998085999999997,94.17481434000001,23.689999999999998,4.75,0.0,13.90069,21.493979399999997,93.06799546,17.11,4.75,0.0,15.179864,25.651294999999998,78.71499977999999,14.030000000000001,4.75,0.0,16.459038,29.808610599999998,78.71499993,13.67,4.75,0.0,17.738212,33.9659262,78.7149998,12.92,4.75,0.0,19.017386000000002,34.0580482,78.71499965,10.690000000000001,4.75,0.0,20.29656,36.296603000000005,58.144959,5.59,5.2730248,0.0,21.575733999999997,39.784463,41.5111134,2.75,8.1170205,0.0,22.854908000000002,42.477685,40.4318749,2.75,8.1249733,0.0,24.134082,45.175202,39.1594423,2.75,8.1361437,0.0,25.413257,47.876209,37.8858082,2.75,8.3122253,0.0,26.18,50.912651999999994,39.39406459999999,2.75,9.503944,0.0,23.589174,55.039967000000004,25.776999980000003,1.84,12.165072,0.0,23.848348,59.127283000000006,25.77699969,1.84,12.584383,0.0,24.237522,61.999787999999995,25.776999699999998,1.84,12.099123,0.0,26.049768200000003,61.999787999999995,25.77699948,1.84,12.099123,1.25,26.039768199999997,61.719787999999994,25.7770002,1.33,12.099123,2.5,25.979768200000002,60.749787999999995,20.96814468,0.07,12.099123,3.75,25.479768200000002,58.319788,17.12441768,0.07,12.099123,5.75,26.038942300000002,54.609788,13.32548268,0.07,12.099123,7.75,26.6538983,50.429653,8.8568892,0.07,12.099123,9.75,28.0422464,47.478414,3.5501677600000003,0.07,12.099123,11.75,30.6005944,49.397175000000004,0.0,0.07,12.099123,13.75,33.158942,53.55449
120,cap,1.172575381061069,1.1839301273796063,0.9331359588442795,4,optimal,154693.19290996,154693.19290996,1553.6081554359998,121.622930616,31.61,4.75,0.0,9.43,17.05,99.81959889,31.5,4.75,0.0,9.43,17.05,100.33704058000001,29.810000000000002,4.75,0.0,9.43,17.05,100.07715006000001,29.21,4.75,0.0,10.57,17.05,98.78444995000001,28.67,4.75,0.0,12.07,17.05,95.94508455,23.689999999999998,4.75,0.0,13.51,19.322899,96.461174,17.11,4.75,0.0,13.51,22.122307,78.7149995,14.030000000000001,4.75,0.0,15.376272,28.1876909,78.7150003,13.67,4.75,0.0,15.884374,29.9751017,78.71499999999999,12.92,4.75,0.0,15.884374,30.553247399999997,78.71500030000001,10.690000000000001,4.75,0.0,16.497650999999998,30.9820364,69.7839769,5.59,6.6966411,0.0,16.497650999999998,31.414744399999996,49.72828439999999,2.75,9.3583524,0.0,18.363923,31.850584400000002,49.9798299,2.75,9.3583524,0.0,19.647952,32.2903484,50.232009299999994,2.75,9.3583524,0.0,20.941585000000003,32.7332394,49.0836482,2.75,9.3583524,0.0,22.301527,36.2149862,46.1933882,2.75,9.3583524,1.25,20.297798999999998,39.930904999999996,25.77699947,1.84,9.3583524,2.5,21.144070999999997,45.298442,25.7769995,1.84,9.3583524,3.75,22.120343,45.218442,25.777000299999997,1.84,7.8680116,3.75,23.936615000000003,45.128442,25.7769996,1.84,7.8680116,3.75,25.369061000000002,45.263780000000004,25.777000100000002,1.33,8.6039948,3.75,25.309061,46.260721000000004,25.358054850000002,0.07,10.448988,3.75,24.809061,46.630129,23.004355849999996,0.07,10.448988,5.1544731,24.089061,45.719537,17.18171539,0.07,10.448988,7.1544731,24.6700226,43.998945,11.48993068,0.07,10.448988,9.1544731,26.0346895,41.928353,4.78053405,0.07,10.448988,11.154473,29.7672334,43.551614,0.0,0.07,10.448988,13.154473,33.499777,49.616997999999995
121,cap,1.0233275802142323,1.264814605598127,0.8085797774589731,6,optimal,136120.16846648,136120.16846648,1493.730121586,121.622930616,31.61,4.75,0.0,9.43,17.05,99.81959889,31.5,4.75,0.0,9.43,17.05,100.33704058000001,29.810000000000002,4.75,0.0,9.43,17.05,99.09144342,29.21,4.75,0.0,10.57,17.05,97.01734039,28.67,4.75,0.0,12.07,17.05,93.86902855000001,23.689999999999998,4.75,0.0,13.51,18.704421999999997,93.99070866000001,17.11,4.75,0.0,13.51,21.130160999999998,78.71500049,14.030000000000001,4.75,0.0,15.12716,26.3859292,78.7149997,13.67,4.75,0.0,16.744319,27.5865022,78.7149998,12.92,4.75,0.0,18.322163,27.8651312,78.71499959,10.690000000000001,4.75,0.0,18.349409,27.9128142,61.69641920000001,5.59,4.75,0.0,19.966569,30.7047777,41.675073399999995,2.75,7.0622239,0.0,21.583728,33.971175900000006,41.429429899999995,2.75,7.0622239,0.0,22.945681,34.2517139,40.9748173,2.75,7.0622239,0.0,24.56284,34.5323519,40.5818272,2.75,7.0622239,0.0,26.18,34.5827929,43.0874972,2.75,7.3441119,0.0,23.92716,35.0954349,25.77699965,1.84,9.8803779,0.0,24.524319,39.424699000000004,25.777,1.84,9.8803779,1.25,23.634318999999998,39.344699000000006,25.777000200000003,1.84,6.621281,2.5,23.584319,39.254699,25.7769999,1.84,6.621281,3.75,23.574319000000003,38.974699,23.6218599,1.33,6.621281,3.75,23.514319,40.019628,19.72127785,0.07,8.0984312,3.75,23.014319,40.015368,20.489101849999997,0.07,8.1150693,3.75,23.911479,38.731107,18.51699085,0.07,8.1150693,5.1265278,22.771479,36.636846,13.084548389999998,0.07,8.1150693,7.1265278,23.3161415,34.192586,5.13518811,0.07,8.1150693,9.1265278,26.277503,36.214074,0.0,0.07,8.1150693,11.126528,29.511822600000002,40.340087999999994
122,cap,1.0565616282369634,1.2866587927252273,0.7263048022610105,1,optimal,143298.41918046,143298.41918046,1483.2494316159998,121.622930616,31.61,4.75,0.0,9.43,17.05,99.81959889,31.5,4.75,0.0,9.43,17.05,100.33704058000001,29.810000000000002,4.75,0.0,9.43,17.05,99.31251306000001,29.21,4.75,0.0,10.57,17.05,97.39235539,28.67,4.75,0.0,12.07,17.05,94.03134155000001,23.689999999999998,4.75,0.0,13.51,19.228914,93.13538316,17.11,4.75,0.0,14.451407,21.407829,78.71500040000001,14.030000000000001,4.75,0.0,15.904017,26.1288098,78.7149998,13.67,4.75,0.0,17.356626,28.1669874,78.71499979999999,12.92,4.75,0.0,18.809236,28.4783554,78.71500012,10.690000000000001,4.75,0.0,18.888302,28.5594514,63.28302190000001,5.59,4.75,0.0,20.340911,29.5869385,44.268432399999995,2.75,7.313476,0.0,21.793521,29.9013955,40.8945789,2.75,7.313476,1.25,21.793521,30.2173895,37.351315299999996,2.75,7.313476,2.5,21.793521,30.3031085,33.1902295,2.75,7.313476,3.75,21.793521,30.6214145,35.0186287,2.75,7.313476,3.75,19.37613,33.4825603,25.7769999,1.84,7.313476,3.75,19.80874,38.133542,25.776999500000002,1.84,7.313476,3.75,20.37135,38.813326,25.777000200000003,1.84,6.4539011,3.75,21.773958999999998,38.768446999999995,25.777000100000002,1.84,6.4539011,3.75,23.216569,40.049259,25.777000200000003,1.33,7.1371737,3.75,23.156568999999998,41.258173,21.156789850000003,0.07,8.6281108,3.75,23.399562000000003,41.007087999999996,22.309253849999997,0.07,8.7197371,3.75,24.132171,39.476002,19.020903850000003,0.07,8.7197371,5.5780451,22.992171,37.134916,12.55943109,0.07,8.7197371,7.5780451,24.5895059,34.443830899999995,4.80068301,0.07,8.7197371,9.5780451,27.4947245,37.676561,0.0,0.07,8.7197371,11.578045,30.3999441,42.397543
123,cap,1.068162362088616,1.220022776380971,1.2400031744088147,2,optimal,142817.73685885,142817.73685885,1518.493772316,121.622930616,31.61,4.75,0.0,9.43,17.05,99.81959889,31.5,4.75,0.0,9.43,17.05,100.33704058000001,29.810000000000002,4.75,0.0,9.43,17.05,99.38897306000001,29.21,4.75,0.0,10.57,17.05,97.52325839000001,28.67,4.75,0.0,12.07,17.05,95.91994055,23.689999999999998,4.75,0.0,13.51,17.05,95.13356135000001,17.11,4.75,0.0,13.51,20.730128999999998,78.715,14.030000000000001,4.75,0.0,15.990006,28.7901491,78.71499980000002,13.67,4.75,0.0,17.766103,29.3422241,78.71499938999999,12.92,4.75,0.0,18.201489000000002,29.665019100000002,78.7149998,10.690000000000001,4.75,0.0,18.201489000000002,29.9888291,65.4754959,5.59,5.369024,0.0,18.201489000000002,30.314412100000002,46.3243834,2.75,8.1541527,0.0,19.320833999999998,30.6410071,46.5533149,2.75,8.1541527,0.0,20.262725000000003,30.9693771,43.3236173,2.75,8.1541527,1.25,20.262725000000003,31.0677071,39.9426022,2.75,8.1541527,2.5,20.262725000000003,31.3988641,38.9050292,2.75,8.1541527,3.75,16.392725,32.946381099999996,25.77699975,1.84,8.1541527,3.75,17.852731,37.850999,25.776999699999998,1.84,8.1541527,3.75,19.442738,38.186336000000004,25.776999699999998,1.84,6.6133162,3.75,21.872743999999997,38.522679000000004,25.777000100000002,1.84,6.6133162,3.75,23.034024000000002,38.860803000000004,25.7769998,1.33,7.416967,3.75,22.974024,39.19993,23.089819849999998,0.07,9.137495,3.75,22.474024,40.205383,23.30562585,0.07,9.137495,3.75,23.529987,40.215393,19.144943849999997,0.07,9.137495,5.63608,22.389986999999998,39.415402,12.93639298,0.07,9.137495,7.63608,23.699993999999997,38.2654122,6.0022454100000004,0.07,9.137495,9.63608,26.1800003,38.2654122,0.0,0.07,9.137495,11.63608,31.1400127,41.908818
124,cap,1.1571800455470398,1.3187390731743291,1.2958939149603173,1,optimal,155902.42124991,155902.42124991,1488.8629427990008,121.622930616,31.61,4.75,0.0,9.43,17.05,99.81959889,31.5,4.75,0.0,9.43,17.05,100.33704058000001,29.810000000000002,4.75,0.0,9.43,17.05,99.97568006,29.21,4.75,0.0,10.57,17.05,98.57710518,28.67,4.75,0.0,12.07,17.05,97.04680755000001,23.689999999999998,4.75,0.0,13.51,17.562492,96.63219072,17.11,4.75,0.0,13.51,21.450173999999997,78.71500038,14.030000000000001,4.75,0.0,16.101788,29.873483699999998,78.714999943,13.67,4.75,0.0,18.693576,30.9484774,78.71499979999999,12.92,4.75,0.0,19.934179,30.9484774,78.71500010000001,10.690000000000001,4.75,0.0,20.080215000000003,31.1307374,62.52487080000001,5.59,4.75,0.0,22.672002999999997,32.1338622,43.3026784,2.75,7.1487581,0.0,25.263790999999998,32.5535942,40.2209419,2.75,7.1487581,1.25,25.263790999999998,32.9769342,36.6643953,2.75,7.1487581,2.5,25.263790999999998,33.1720382,32.8608509,2.75,7.1487581,3.75,25.263790999999998,33.6018052,34.6274192,2.75,7.1487581,3.75,22.307805000000002,37.705557,25.777,1.84,7.1487581,3.75,23.879593,42.908022,25.7769999,1.84,7.1487581,3.75,25.581380000000003,43.347428,25.777000299999997,1.84,6.7330704,3.75,26.18,43.789637,25.776999699999998,1.84,7.1438707,3.75,26.18,44.235469,25.777,1.33,8.0581434,3.75,26.18,46.377867,23.897301849999998,0.07,9.7442719,3.75,26.18,45.07636,21.79347285,0.07,9.7442719,4.9184732,25.46,45.254042,17.54071939,0.07,9.7442719,6.9184732,24.32,44.621724,11.95129618,0.07,9.7442719,8.9184732,25.4284172,42.951799,5.7226423099999995,0.07,9.7442719,10.918473,28.0202051,42.951799,0.0,0.07,9.7442719,12.918473,33.203781,48.31489
125,cap,0.941633214071214,1.133097734704509,0.7097519644458226,1,optimal,127411.46611398,127411.46611398,1470.339555946,121.622930616,31.61,4.75,0.0,9.43,17.05,99.81959889,31.5,4.75,0.0,9.43,17.05,100.33704058000001,29.810000000000002,4.75,0.0,9.43,17.05,98.58018922000001,29.21,4.75,0.0,10.57,17.05,96.09549639000001,28.67,4.75,0.0,12.07,17.05,93.75171993000001,23.689999999999998,4.75,0.0,13.51,17.05,93.41367276,17.11,4.75,0.0,13.51,19.179256,78.71499969999999,14.030000000000001,4.75,0.0,14.929504,22.5367949,78.71500010000001,13.67,4.75,0.0,14.929504,24.6660509,78.7149999,12.92,4.75,0.0,14.929504,25.504090899999998,78.715,10.690000000000001,4.75,0.0,14.929504,25.931736899999997,58.893866900000006,5.59,5.153248,0.0,15.736945,25.931736899999997,44.7632194,2.75,7.7063491,0.0,17.156449000000002,26.3217139,40.870666899999996,2.75,7.7063491,1.25,17.156449000000002,26.3217139,37.1764843,2.75,7.7063491,2.5,17.156449000000002,26.4758709,31.7448464,2.75,7.7063491,3.75,18.575953,26.6668649,34.658641200000005,2.75,7.7063491,3.75,16.125457,27.0144779,25.7769999,1.84,7.7063491,3.75,16.524960999999998,31.5578648,25.776999700000005,1.84,7.7063491,3.75,17.054465,31.4778648,25.776999500000002,1.84,5.6388092,3.75,18.423969,31.3878648,25.776999500000002,1.84,5.6388092,3.75,19.833472,31.1864398,23.378796200000004,1.33,5.6544894,3.75,21.192976,32.3456958,18.02162725,0.07,6.8095044,3.75,22.112479999999998,32.0449518,18.74477066,0.07,6.8095044,3.75,22.811984000000002,30.464207799999997,20.17980025,0.07,6.8868225,3.7573938,23.091488,28.0734638,14.7324802,0.07,6.8868225,5.7573938,23.340992,25.3892915,5.5857096,0.07,6.8868225,7.7573938,25.609150300000003,27.5185475,0.0,0.07,6.8868225,9.7573938,28.4481582,32.1319354
126,cap,1.1223924152403466,1.3310076652724732,0.7052748397997521,3,optimal,150969.11629629,150969.11629629,1494.436232876,121.622930616,31.61,4.75,0.0,9.43,17.05,99.81959889,31.5,4.75,0.0,9.43,17.05,100.33704058000001,29.810000000000002,4.75,0.0,9.43,17.05,99.74639806,29.21,4.75,0.0,10.57,17.05,98.13519439000001,28.67,4.75,0.0,12.07,17.05,95.20756955,23.689999999999998,4.75,0.0,13.51,19.165824999999998,93.26014256,17.11,4.75,0.0,14.92055,22.5895516,78.7149999,14.030000000000001,4.75,0.0,16.331099000000002,27.1738386,78.71499990000001,13.67,4.75,0.0,17.741649000000002,30.621676,78.7149998,12.92,4.75,0.0,19.152199,30.784043,78.7149993,10.690000000000001,4.75,0.0,20.562748,30.784043,61.8994653,5.59,4.75,0.0,21.973298,32.3961255,42.5281334,2.75,7.3905371,0.0,23.383848,35.478971,42.6152139,2.75,7.3905371,0.0,24.497343,36.230948,42.8563183,2.75,7.3905371,0.0,25.623413,36.619284,38.7713802,2.75,7.3905371,1.25,26.162219,36.779464000000004,37.2198682,2.75,7.3905371,2.5,23.702768,37.172801,25.7769998,1.84,7.3905371,3.75,24.093318000000004,40.268147,25.7770001,1.84,7.3905371,3.75,24.613867999999997,40.666883999999996,25.7769996,1.84,6.2442137,3.75,25.974417000000003,41.453585,25.7769999,1.84,6.5468554,3.75,26.18,43.289409,25.7769999,1.33,7.4448251,3.75,26.119999999999997,44.435234,22.38966085,0.07,9.2353163,3.75,25.619999999999997,44.121058,22.105448850000002,0.07,9.2353163,4.4728803,25.236217,42.526883,16.58671739,0.07,9.2353163,6.4728803,25.5067667,40.122707,11.29415258,0.07,9.2353163,8.4728803,26.516217400000002,37.368532,4.29600106,0.07,9.2353163,10.47288,29.337316,41.952818,0.0,0.07,9.2353163,12.47288,32.158416,46.537105
127,cap,1.1226157933702445,1.1655001936966052,1.3339854186394464,6,optimal,146883.82648478,146883.82648478,1544.0642801560005,121.622930616,31.61,4.75,0.0,9.43,17.05,99.81959889,31.5,4.75,0.0,9.43,17.05,100.33704058000001,29.810000000000002,4.75,0.0,9.43,17.05,99.74787006000001,29.21,4.75,0.0,10.57,17.05,98.13771439,28.67,4.75,0.0,12.07,17.05,96.85240855,23.689999999999998,4.75,0.0,13.51,17.05,96.14272572,17.11,4.75,0.0,13.51,21.051955999999997,78.71500008,14.030000000000001,4.75,0.0,16.177971,27.8161233,78.71499990000001,13.67,4.75,0.0,16.177971,28.1861453,78.71500019999999,12.92,4.75,0.0,16.177971,28.5661093,78.715,10.690000000000001,4.75,0.0,16.309451,28.9446673,68.6620559,5.59,6.0619665,0.0,17.337059,29.3261183,47.806802399999995,2.75,8.4350039,0.0,20.005029999999998,29.7096863,48.0475269,2.75,8.4350039,0.0,21.125352999999997,30.0961503,47.7290743,2.75,8.4350039,0.0,23.066087000000003,30.2536793,46.225970200000006,2.75,8.4350039,0.0,25.734057999999997,31.660176,46.150331200000004,2.75,8.4350039,0.0,24.532029,36.953763,25.777,1.84,11.313226,0.0,26.18,45.554668,25.777000100000002,1.84,11.313226,1.25,25.371223999999998,45.474668,25.77699999,1.84,7.7118471,2.5,25.321224,45.384668,25.7770004,1.84,7.7118471,3.75,25.311224000000003,45.104668000000004,25.7769998,1.33,7.7118471,3.75,25.251224,44.134668,23.240722849999997,0.07,9.5017502,3.75,24.751224,43.978053,22.930778849999996,0.07,9.5017502,4.346304,24.031224,44.270009,18.30395339,0.07,9.5017502,6.346304,22.891224,43.751965,12.52193768,0.07,9.5017502,8.346304,24.3695226,42.114405000000005,6.03983721,0.07,9.5017502,10.346304,27.0374935,42.114405000000005,0.0,0.07,9.5017502,12.346304,32.373435,45.875014
128,cap,1.2423649177533373,0.9430660801413536,0.7332665412206552,1,optimal,162557.95872161,162557.95872161,1516.2245086560004,121.622930616,31.61,4.75,0.0,9.43,17.05,99.810616725,31.5,4.75,0.0,9.43,17.05,100.315977616,29.810000000000002,4.75,0.0,9.43,17.05,100.50553361600001,29.21,4.75,0.0,10.57,17.05,99.675142616,28.67,4.75,0.0,12.07,17.05,97.15195272500002,23.689999999999998,4.75,0.0,13.51,19.2498,98.54622672500001,17.11,4.75,0.0,13.51,21.449599,78.715,14.030000000000001,4.75,0.0,13.51,25.2605006,78.715000317,13.67,4.75,0.0,13.9603787,27.4602996,78.71499998,12.92,4.75,0.0,15.078537,28.0625216,78.71499955,10.690000000000001,5.3413077,0.0,15.078537,28.5614776,64.95436454,5.59,7.8471239,0.0,15.078537,28.8347376,52.15555902,2.75,10.672437,0.0,16.545070000000003,29.5746466,47.47098002,2.75,10.672437,1.25,18.011603,30.7172289,42.22604802,2.75,10.672437,2.5,19.478136,33.8024238,36.92851902,2.75,10.672437,3.75,20.944668999999998,36.8929867,38.32725002,2.75,10.672437,3.75,18.541202,41.600013000000004,25.77700037,1.84,10.672437,3.75,18.987735,46.296245,25.77699979,1.84,10.672437,3.75,19.564268,47.547333,25.777000479999998,1.84,10.637476,3.75,20.980801999999997,48.956714,25.77699957,1.84,11.226744,3.75,22.437334999999997,49.126714,25.77699958,1.33,11.226744,3.75,24.227789199999997,49.126714,25.483282049999996,0.07,11.226744,4.1036621,25.1943223,48.896513999999996,19.7182419,0.07,11.226744,6.1036621,25.9408554,47.386313,14.115600899999999,0.07,11.226744,8.1036621,27.7339215,45.066113,8.78965868,0.07,11.226744,10.103662,29.496988,44.548802,4.68162421,0.07,11.226744,12.103662,32.430054,49.315035,0.0,0.07,11.226744,14.103662,35.36312,54.081268
129,cap,0.9629007554055082,1.5329269590604837,0.8500136126496909,8,optimal,130636.35890214,130636.35890214,1448.5923239160004,121.622930616,31.61,4.75,0.0,9.43,17.05,99.81959889,31.5,4.75,0.0,9.43,17.05,100.33704058000001,29.810000000000002,4.75,0.0,9.43,17.05,98.69877522000002,29.21,4.75,0.0,10.57,17.05,96.33548039,28.67,4.75,0.0,12.07,17.05,94.11742515,23.689999999999998,4.75,0.0,13.51,17.05,93.1940263,17.11,4.75,0.0,13.7336204,19.600040999999997,78.71500012,14.030000000000001,4.75,0.0,15.433648,25.1251296,78.7149999,13.67,4.75,0.0,16.634204,27.3883746,78.71499979999999,12.92,4.75,0.0,17.082701,27.3883746,78.71499969999999,10.690000000000001,4.75,0.0,18.491902,27.3883746,58.77218070000001,5.59,4.75,0.0,20.19193,30.7989873,39.259454399999996,2.75,6.4342359,0.0,21.891956999999998,34.221547,36.5268459,2.75,6.4342359,0.0,23.591984000000004,37.412665,36.4358583,2.75,6.4342359,0.0,24.479973,37.627611,35.502518200000004,2.75,6.4342359,0.0,26.18,37.842164,36.7338702,2.75,6.5120407,0.0,24.010027,40.362205,25.7770002,1.84,7.6178265,0.0,24.690054000000003,43.637742,25.7769999,1.84,7.6178265,0.0,25.500082,43.826845,25.77700019,1.84,7.3427492,0.0,26.18,43.736845,25.7769995,1.84,7.3427492,1.25,26.17,43.456845,20.552189,1.33,7.3427492,2.5,26.11,42.486845,13.86449538,0.07,7.3427492,3.75,25.61,40.056844999999996,15.39374939,0.07,7.3427492,3.75,24.89,38.896885999999995,15.73363839,0.07,7.3427492,4.3066513,23.75,36.926927,11.907220689999999,0.07,7.3427492,6.3066513,22.779946000000002,34.200141,5.81702691,0.07,7.3427492,8.3066513,24.4952233,34.200141,0.0,0.07,7.3427492,10.306651,27.8952776,36.750181999999995
130,cap,1.0444741386530056,1.309097110564555,1.3407713339386698,6,optimal,138851.43287117,138851.43287117,1495.816483576,121.622930616,31.61,4.75,0.0,9.43,17.05,99.81959889,31.5,4.75,0.0,9.43,17.05,100.33704058000001,29.810000000000002,4.75,0.0,9.43,17.05,99.23217543,29.21,4.75,0.0,10.57,17.05,97.25595939,28.67,4.75,0.0,12.07,17.05,95.51429955,23.689999999999998,4.75,0.0,13.51,17.05,94.72210732,17.11,4.75,0.0,13.51,20.551886999999997,78.71499952,14.030000000000001,4.75,0.0,16.191543,29.2669007,78.71500019999999,13.67,4.75,0.0,17.133626,29.565076700000002,78.71499986,12.92,4.75,0.0,17.537277,29.8645377,78.71500010000001,10.690000000000001,4.75,0.0,17.537277,29.9334817,61.87105520000001,5.59,4.75,0.0,20.21882,31.1206719,40.3639984,2.75,6.8454589,0.0,22.900362,35.719864,40.5741929,2.75,6.8454589,0.0,23.764633000000003,36.022962,40.7844813,2.75,6.8454589,0.0,24.630530999999998,36.326589999999996,40.9141582,2.75,6.8454589,0.0,25.706915000000002,36.400456,42.7337562,2.75,7.4304817,0.0,24.518456999999998,36.936951,25.77700023,1.84,9.3578715,0.0,26.18,39.898568,25.7769996,1.84,9.3578715,1.25,26.18,39.818568,25.777,1.84,6.1966739,2.5,26.130000000000003,39.728567999999996,25.1417236,1.84,6.1966739,3.75,26.119999999999997,39.448568,23.855098599999998,1.33,6.1966739,3.75,26.060000000000002,38.478567999999996,19.695389849999998,0.07,7.7669095,3.75,25.560000000000002,38.61934,20.99711085,0.07,8.2107061,3.75,25.002563000000002,38.931654,18.169577089999997,0.07,8.2107061,5.1610124,23.862563,38.433968,13.77379139,0.07,8.2107061,7.1610124,22.692563,37.5862823,6.24703871,0.07,8.2107061,9.1610124,25.805386300000002,37.5862823,0.0,0.07,8.2107061,11.161012,31.1684719,38.5676823
131,cap,0.964914933760928,1.4922329565259438,0.9155732235395966,0,optimal,133737.06601627,133737.06601627,1434.601320816,121.622930616,31.61,4.75,0.0,9.43,17.05,99.81959889,31.5,4.75,0.0,9.43,17.05,100.33704058000001,29.810000000000002,4.75,0.0,9.43,17.05,98.71000622000001,29.21,4.75,0.0,10.57,17.05,96.35820939,28.67,4.75,0.0,12.07,17.05,94.15191625,23.689999999999998,4.75,0.0,13.51,17.05,93.46561941,17.11,4.75,0.0,13.51,19.796719999999997,78.71499987,14.030000000000001,4.75,0.0,15.341146,25.2721507,78.7149996,13.67,4.75,0.0,16.810079,27.1550617,78.7150008,12.92,4.75,0.0,17.266386,27.1550617,77.8780004,10.690000000000001,4.75,0.0,19.097532,27.1550617,60.6484024,5.59,4.75,0.0,20.928679000000002,27.8257687,37.1410014,2.75,4.9725699,1.25,22.759825,28.0443387,32.6353256,2.75,4.9725699,2.5,22.759825,28.2486437,27.7254507,2.75,4.9725699,3.75,22.759825,28.2486437,28.5808825,2.75,4.9725699,3.75,22.759825,28.4654277,31.7805508,2.75,4.9725699,3.75,20.720972000000003,28.6811307,25.7769999,1.84,4.9725699,3.75,21.532117999999997,30.2940282,25.777,1.84,4.9725699,3.75,22.473264,30.5086602,25.723359600000002,1.84,4.2696417,3.75,24.254410999999998,30.7222132,25.776999600000003,1.84,4.2739469,3.75,24.894879000000003,30.9354112,22.491455200000004,1.33,4.9847938,3.75,24.848854000000003,32.7121312,16.24717085,0.07,6.0399867,3.75,26.18,33.0288502,17.36427385,0.07,6.2403872,3.75,26.18,32.0655702,18.10382585,0.07,6.2950234,4.1203796,25.518853999999997,30.292290199999997,13.726197359999999,0.07,6.2950234,6.1203796,24.348854000000003,28.1690092,6.61410318,0.07,6.2950234,8.1203796,25.2060126,28.1690092,0.0,0.07,6.2950234,10.12038,28.868305,34.1202355
132,cap,1.015124167958719,1.7591852239402956,0.8112227386594237,8,optimal,139580.85305459,139580.85305459,1451.937658856,121.622930616,31.61,4.75,0.0,9.43,17.05,99.81959889,31.5,4.75,0.0,9.43,17.05,100.33704058000001,29.810000000000002,4.75,0.0,9.43,17.05,99.03684844,29.21,4.75,0.0,10.57,17.05,96.92477239,28.67,4.75,0.0,12.07,17.05,93.89655115000001,23.689999999999998,4.75,0.0,13.51,18.487814,91.66043524,17.11,4.75,0.0,15.132445,20.921481999999997,78.71499991,14.030000000000001,4.75,0.0,16.754891,26.1944296,78.7149997,13.67,4.75,0.0,17.655455,27.550789599999998,78.71499979999999,12.92,4.75,0.0,18.287618000000002,27.5814916,78.66505140000001,10.690000000000001,4.75,0.0,19.910063,27.5814916,58.98498140000001,5.59,4.75,0.0,21.532508999999997,31.202268200000002,39.5070304,2.75,6.5136957,0.0,23.154954000000004,34.856156999999996,37.2931959,2.75,6.5136957,0.0,24.7774,37.695436,35.8234613,2.75,6.5136957,0.0,26.18,39.690622,36.3581172,2.75,6.5136957,0.0,26.18,40.566548,37.183362200000005,2.75,7.1921883,0.0,23.932445,43.796971,25.7770001,1.84,8.3672396,0.0,24.534891000000002,48.999919000000006,25.776999800000002,1.84,8.3981624,0.0,25.267336,49.495925,25.777000490000002,1.84,8.158109,0.0,26.18,49.405924999999996,25.7770001,1.84,8.158109,1.25,26.17,49.125925,21.1374989,1.33,8.158109,2.5,26.11,48.155924999999996,14.95436068,0.07,8.158109,3.75,25.61,45.725925000000004,16.85575939,0.07,8.158109,3.75,24.89,44.449593,15.377670389999999,0.07,8.158109,4.9977325,23.75,42.333124999999995,12.10914278,0.07,8.158109,6.9977325,22.935108999999997,37.463125,5.13684971,0.07,8.158109,8.9977325,26.128451499999997,37.463125,0.0,0.07,8.158109,10.997732,29.373342,39.896794
133,cap,1.285690267637022,1.5390426618710813,1.1675312287364092,6,optimal,174221.19376097,174221.19376097,1499.0202126860004,121.622930616,31.61,4.75,0.0,9.43,17.05,99.81959889,31.5,4.75,0.0,9.43,17.05,100.33704058000001,29.810000000000002,4.75,0.0,9.43,17.05,100.82268006000001,29.21,4.75,0.0,10.57,17.05,100.29514554000001,28.67,4.75,0.0,12.07,17.05,97.36762455,23.689999999999998,4.75,0.0,13.51,19.986207,94.40411086,17.11,4.75,0.0,15.845062,23.9286664,78.71499970999999,14.030000000000001,4.75,0.0,18.180125,31.517619699999997,78.71500049000001,13.67,4.75,0.0,20.515186999999997,32.6181953,78.7149998,12.92,4.75,0.0,22.217447,32.6181953,78.71500055000001,10.690000000000001,4.75,0.0,23.591949,32.9296613,59.134830400000006,5.59,4.75,0.0,25.927011999999998,37.564782,41.7387654,2.75,7.9607126,0.0,26.18,42.43638,41.0997179,2.75,8.436685,0.0,26.18,47.083180999999996,41.1459973,2.75,8.9230457,0.0,26.18,50.656645,42.1733782,2.75,9.4546676,0.0,26.18,52.627289,42.532282200000004,2.75,10.426872,0.0,24.645062000000003,57.291184,25.777,1.84,13.563357,0.0,25.960124999999998,64.515597,25.776999699999998,1.84,13.563357,1.25,26.18,64.435597,25.77699986,1.84,9.9562757,2.5,26.18,64.345597,25.7770001,1.84,9.9562757,3.75,26.18,64.065597,25.777000100000002,1.33,10.597543,3.75,26.119999999999997,64.104662,22.61896868,0.07,11.423469,4.695251,25.619999999999997,61.674662,19.28957668,0.07,11.423469,6.695251,25.895871200000002,57.964662,15.13958868,0.07,11.423469,8.695251,27.0909337,53.444662,11.06696398,0.07,11.423469,10.695251,28.2559961,48.574662000000004,4.66601186,0.07,11.423469,12.695251,31.845997,52.077256000000006,0.0,0.07,11.423469,14.695251,36.516121,57.178343999999996
134,cap,1.1892826851070761,1.5857487175140403,0.8169709191359383,4,optimal,162031.60060971,162031.60060971,1486.652080586,121.622930616,31.61,4.75,0.0,9.43,17.05,99.81959889,31.5,4.75,0.0,9.43,17.05,100.33704058000001,29.810000000000002,4.75,0.0,9.43,17.05,100.18726606000001,29.21,4.75,0.0,10.57,17.05,99.00924854,28.67,4.75,0.0,12.07,17.05,96.09311655,23.689999999999998,4.75,0.0,13.51,19.500912999999997,93.38193176,17.11,4.75,0.0,15.143942000000001,24.811224199999998,78.71499967999999,14.030000000000001,4.75,0.0,16.777884,30.1215344,78.71499971,13.67,4.75,0.0,18.411825999999998,32.7058425,78.7150008,12.92,4.75,0.0,19.740638,32.7058425,78.7150003,10.690000000000001,4.75,0.0,21.37458,32.8716615,59.5741583,5.59,4.8496745,0.0,23.008522,36.460677,41.3794754,2.75,7.5828947,0.0,24.642463999999997,39.773395,39.6571809,2.75,7.5828947,0.0,26.18,43.090382,39.6901283,2.75,7.9013646,0.0,26.18,46.037581,41.234137200000006,2.75,8.3191285,0.0,26.18,46.50291,39.8586572,2.75,8.3191285,1.25,23.943942,46.740648,25.7769997,1.84,8.3191285,2.5,24.557884,48.669506,25.776999500000002,1.84,8.3191285,3.75,24.596058,48.589506,25.7769999,1.84,7.4481691,3.75,26.18,48.499506,25.777000400000002,1.84,7.894444,3.75,26.18,49.043026999999995,25.7769996,1.33,8.848873,3.75,26.18,50.523939999999996,23.563855089999997,0.07,10.345108,3.75,26.18,50.544852,19.15200839,0.07,10.345108,5.6589337,26.039002,49.285765,14.21245868,0.07,10.345108,7.6589337,26.5329439,47.17926,10.12470948,0.07,10.345108,9.6589337,26.9968857,44.760172,4.009179059999999,0.07,10.345108,11.658934,30.0268856,47.211085,0.0,0.07,10.345108,13.658934,33.294769,52.521397
135,cap,1.2211543576174269,1.6770526054265158,1.3246673225664465,5,optimal,166375.94567136,166375.94567136,1493.845724026,121.622930616,31.61,4.75,0.0,9.43,17.05,99.81959889,31.5,4.75,0.0,9.43,17.05,100.33704058000001,29.810000000000002,4.75,0.0,9.43,17.05,100.39733006,29.21,4.75,0.0,10.57,17.05,99.43435754000001,28.67,4.75,0.0,12.07,17.05,97.20651555,23.689999999999998,4.75,0.0,13.51,18.769053999999997,93.90199536,17.11,4.75,0.0,15.767955,22.340268,78.71500010999999,14.030000000000001,4.75,0.0,18.41729,30.950605600000003,78.71499969999999,13.67,4.75,0.0,20.093570999999997,30.950605600000003,78.7149998,12.92,4.75,0.0,21.54338,30.950605600000003,78.715,10.690000000000001,4.75,0.0,23.125262,31.197186600000002,57.52795750000001,5.59,4.75,0.0,25.774597,36.54712,39.856126399999994,2.75,7.3939456,0.0,26.18,41.670123,38.9036429,2.75,7.8057295,0.0,26.18,46.397592,39.876455299999996,2.75,8.2367432,0.0,26.18,48.041009,40.794921200000005,2.75,8.6810728,0.0,26.18,49.734843999999995,43.5889342,2.75,9.5121386,0.0,24.959335000000003,50.282029,25.77699988,1.84,9.5121386,1.25,26.18,54.088245,25.7769996,1.84,9.5121386,2.5,26.18,54.008245,25.7770001,1.84,7.7152771,3.75,26.18,53.918245,25.777000400000002,1.84,8.4196133,3.75,26.18,54.030144,25.777,1.33,9.4180284,3.75,26.18,54.088245,24.157619989999997,0.07,10.890333,3.8149785,26.18,53.346624,19.76539188,0.07,10.890333,5.8149785,25.46,53.541939,15.98495468,0.07,10.890333,7.8149785,24.9891351,52.995941,11.44753918,0.07,10.890333,9.8149785,26.4684697,48.125941,5.47741261,0.07,10.890333,11.814979,29.498469,48.554243,0.0,0.07,10.890333,13.814979,34.797139,52.695941000000005
136,cap,1.2615585574349986,0.8073971794113599,0.9011248699023051,6,optimal,160433.47570073,160433.47570073,1499.9240399049997,121.622930616,31.61,4.75,0.0,9.43,17.05,99.810616725,31.5,4.75,0.0,9.43,17.05,100.315977616,29.810000000000002,4.75,0.0,9.43,17.05,100.632037616,29.21,4.75,0.0,10.57,17.05,99.931149616,28.67,4.75,0.0,12.07,17.05,97.26246772500001,23.689999999999998,4.75,0.0,13.51,19.531081,98.38080772500001,17.11,4.75,0.0,13.51,22.234454999999997,78.715,14.030000000000001,4.75,0.0,13.51,24.937829999999998,78.715000308,13.67,4.75,0.0,13.5642518,25.83117,78.715000268,12.92,4.75,0.0,15.366502,28.882696199999998,78.71499999,10.690000000000001,4.75,0.0,17.168751,32.5548873,58.18504358,5.59,6.9570257,0.0,18.971001,36.232825999999996,44.57506806,2.75,9.5844253,0.0,20.773251000000002,39.915704000000005,43.105098059999996,2.75,9.5844253,0.0,22.575501000000003,43.604338,41.596286060000004,2.75,9.5844253,0.0,24.37775,47.297903,39.55201206,2.75,9.5844253,0.0,26.18,50.997232,41.06065806,2.75,10.492283,0.0,24.112250000000003,55.542403,25.777,1.84,13.256409,0.0,25.5882572,61.329715,25.777,1.84,13.256409,1.25,24.6982572,61.249715,25.776999890000003,1.84,10.175545,2.5,24.6482572,61.159715,25.7769998,1.84,10.175545,3.75,24.638257199999998,60.879715000000004,25.777000089999998,1.33,10.530664,3.75,24.5782572,59.909715,23.4339616,0.07,11.856758,4.3671071,24.0782572,57.479715,18.81289755,0.07,11.856758,6.3671071,25.147212800000002,53.769715,14.47507574,0.07,11.856758,8.3671071,26.2282145,49.249714999999995,9.312096239999999,0.07,11.856758,10.367107,28.662714,47.08309,4.11485491,0.07,11.856758,12.367107,32.267213,49.786464,0.0,0.07,11.856758,14.367107,35.871713,55.643776
137,cap,1.2566741615867665,1.1611789813178497,0.8119296826873044,4,optimal,165943.27175725,165943.27175725,1551.242648595,121.622930616,31.61,4.75,0.0,9.43,17.05,99.81959889,31.5,4.75,0.0,9.43,17.05,100.33704058000001,29.810000000000002,4.75,0.0,9.43,17.05,100.63143806000001,29.21,4.75,0.0,10.57,17.05,99.90812554,28.67,4.75,0.0,12.07,17.05,97.25886755,23.689999999999998,4.75,0.0,13.51,19.485789,98.56455572,17.11,4.75,0.0,13.51,21.921578,78.71499999999999,14.030000000000001,4.75,0.0,15.133859,27.1991209,78.71500040000001,13.67,4.75,0.0,16.4024,31.7189568,78.71500029999999,12.92,4.75,0.0,16.4024,32.1193258,78.71500019999999,10.690000000000001,4.75,0.0,16.4024,32.7407958,69.9851969,5.59,6.8908814,0.0,18.02626,33.2597858,50.367704399999994,2.75,9.706393,0.0,19.650119,33.783616800000004,50.5479469,2.75,9.706393,0.0,21.206167999999998,34.5262635,49.6685203,2.75,9.706393,0.0,22.811920999999998,37.671285,48.5743223,2.75,9.706393,0.0,24.43578,41.053021,46.2171863,2.75,9.706393,1.25,22.189639999999997,44.67063,25.77700014,1.84,10.304317,2.5,22.793498999999997,49.878173000000004,25.777000059000002,1.84,10.304317,3.75,23.527358,49.798173,25.77699979,1.84,8.8606048,3.75,25.101218000000003,50.608903,25.776999710000002,1.84,9.3041241,3.75,25.377070000000003,50.328903,25.77700018,1.33,10.517927,3.75,25.31707,50.823684,25.50338685,0.07,10.894798,4.2979245,26.2635126,50.763684,19.57106039,0.07,10.894798,6.2979245,27.1673719,49.489473,14.893316680000002,0.07,10.894798,8.2979245,27.6512313,46.826317,10.16184758,0.07,10.894798,10.297925,29.250302,44.392106,3.86460226,0.07,10.894798,12.297925,32.498020999999994,49.669649,0.0,0.07,10.894798,14.297925,35.745739,54.947192
138,cap,0.9079435092637034,1.0176297055383818,1.2245793477867424,2,optimal,120676.38589803,120676.38589803,1503.8262048790002,121.622930616,31.61,4.75,0.0,9.43,17.05,99.81959889,31.5,4.75,0.0,9.43,17.05,100.33704058000001,29.810000000000002,4.75,0.0,9.43,17.05,98.39233822000001,29.21,4.75,0.0,10.57,17.05,95.71534039000001,28.67,4.75,0.0,12.07,17.05,93.17088862,23.689999999999998,4.75,0.0,13.51,17.05,93.39924649,17.11,4.75,0.0,13.51,18.195013,78.71500019999999,14.030000000000001,4.75,0.0,13.51,21.868751,78.71499990000001,13.67,4.75,0.0,13.51,24.124050999999998,78.71499999999999,12.92,4.75,0.0,13.51,24.124050999999998,78.715,10.690000000000001,4.75,0.0,13.51,24.220691,60.364060900000005,5.59,5.5672941,0.0,13.51,24.381892999999998,47.524203400000005,2.75,8.533765,0.0,13.51,24.540854999999997,48.0019739,2.75,8.6429784,0.0,13.51,24.853493,43.967751299999996,2.75,8.6429784,1.25,13.51,24.853493,38.1930482,2.75,8.6429784,2.5,15.840409,25.007168,35.428741200000005,2.75,8.6429784,3.75,14.419568,25.158607,25.7769999,1.84,8.6429784,3.75,15.848727,30.592097000000003,25.777000100000002,1.84,8.6429784,3.75,16.232450999999998,30.512097,25.777000300000005,1.84,5.6409606,3.75,16.616582,30.422097,25.777000100000002,1.84,5.6409606,3.75,17.102142,30.142097,25.561702699999998,1.33,6.0188865,3.75,17.963708,29.172097,20.183786249999997,0.07,7.1352046,3.75,18.896479,28.064255,20.27929125,0.07,7.1352046,3.75,19.333804999999998,28.027993,20.485467872999997,0.07,7.1352046,3.75,20.002524,27.181732,15.8541782,0.07,7.1352046,5.0491455,21.281683,25.98547,7.5566154,0.07,7.1352046,7.0491455,23.730840999999998,25.98547,0.0,0.07,7.1352046,9.0491455,28.6291587,26.971794
139,cap,0.9659975711793951,1.0420652629312208,1.0256088575076163,0,optimal,129520.3697231,129520.3697231,1486.8086080659998,121.622930616,31.61,4.75,0.0,9.43,17.05,99.81959889,31.5,4.75,0.0,9.43,17.05,100.33704058000001,29.810000000000002,4.75,0.0,9.43,17.05,98.71604222,29.21,4.75,0.0,10.57,17.05,96.37042539000001,28.67,4.75,0.0,12.07,17.05,94.17045555000001,23.689999999999998,4.75,0.0,13.51,17.05,93.59105007000001,17.11,4.75,0.0,13.51,19.671796999999998,78.715,14.030000000000001,4.75,0.0,13.51,22.748623,78.7149998,13.67,4.75,0.0,13.51,24.442245999999997,78.71499965000001,12.92,4.75,0.0,13.51,24.442245999999997,78.715,10.690000000000001,4.75,0.0,13.51,24.875207,61.60331090000001,5.59,6.0218447,0.0,13.51,24.875207,44.2032564,2.75,7.6241182,1.25,13.9985446,25.325958999999997,40.3667019,2.75,7.6241182,2.5,13.9985446,25.325958999999997,36.7324783,2.75,7.6241182,3.75,13.9985446,25.532595999999998,35.7030552,2.75,7.6241182,3.75,16.049762,25.75058,36.513085200000006,2.75,7.6241182,3.75,14.23098,28.882453700000003,25.7770004,1.84,7.6241182,3.75,15.262198,35.4789117,25.7770004,1.84,7.6241182,3.75,15.801597,35.3989117,25.7770004,1.84,6.6364719,3.75,16.344092,35.3089117,25.777000299999997,1.84,6.6427794,3.75,16.990771000000002,35.0289117,25.776999699999998,1.33,7.0482089,3.75,18.016143,34.0589117,20.84519425,0.07,8.0464867,3.75,19.54426,34.204314700000005,21.20532925,0.07,8.0464867,3.75,20.285128999999998,33.5711407,20.7022202,0.07,8.0464867,4.0387394,21.196347000000003,32.1279677,14.5091252,0.07,8.0464867,6.0387394,22.077565,30.3347947,6.0523073,0.07,8.0464867,8.0387394,25.2110164,30.3347947,0.0,0.07,8.0464867,10.038739,29.3134521,33.0231607
140,cap,1.0452173272779255,1.6709036640487425,0.7659821030814915,0,optimal,145315.90228117,145315.90228117,1433.9412601660006,121.622930616,31.61,4.75,0.0,9.43,17.05,99.81959889,31.5,4.75,0.0,9.43,17.05,100.33704058000001,29.810000000000002,4.75,0.0,9.43,17.05,99.23712146000001,29.21,4.75,0.0,10.57,17.05,97.26434539,28.67,4.75,0.0,12.07,17.05,93.49962845,23.689999999999998,4.75,0.0,13.655548,19.347946,91.82076894000001,17.11,4.75,0.0,15.187512,21.645892999999997,78.71499981,14.030000000000001,4.75,0.0,16.719476,26.6247764,78.71499960000001,13.67,4.75,0.0,18.251441,27.6265314,78.7150008,12.92,4.75,0.0,19.093624,27.6265314,78.66088440000001,10.690000000000001,4.75,0.0,20.625588,27.8916564,60.6871469,5.59,4.75,0.0,22.157552000000003,29.990553499999997,37.4988034,2.75,5.3907834,1.25,23.689515999999998,30.597032499999997,32.0190165,2.75,5.3907834,2.5,25.221480999999997,30.597032499999997,27.2184438,2.75,5.3907834,3.75,25.221480999999997,30.670418500000004,27.3403995,2.75,5.3907834,3.75,26.18,30.9761575,30.668768300000004,2.75,5.3907834,3.75,23.841963999999997,31.8285088,25.777,1.84,5.3907834,3.75,24.353928000000003,35.0477032,25.777,1.84,5.3907834,3.75,24.995893000000002,35.8053539,25.777,1.84,4.97623,3.75,26.18,35.979568900000004,25.777000100000002,1.84,5.2427782,3.75,26.18,37.4760159,23.4852988,1.33,6.0337822,3.75,26.18,38.803961900000004,18.740602090000003,0.07,7.5799478,3.75,26.18,39.447506000000004,20.11564285,0.07,7.873261,3.75,26.18,38.854048000000006,17.16922169,0.07,7.873261,5.4239216,25.04,36.631994,12.45066259,0.07,7.873261,7.4239216,24.7228592,34.059940999999995,5.03193471,0.07,7.873261,9.4239216,27.0328594,36.7163556,0.0,0.07,7.873261,11.423922,30.096787600000003,41.695239
141,cap,1.21112700205508,1.7225690520033852,1.2987842186731005,5,optimal,165507.64002325,165507.64002325,1492.521492376,121.622930616,31.61,4.75,0.0,9.43,17.05,99.81959889,31.5,4.75,0.0,9.43,17.05,100.33704058000001,29.810000000000002,4.75,0.0,9.43,17.05,100.33124006000001,29.21,4.75,0.0,10.57,17.05,99.30061154,28.67,4.75,0.0,12.07,17.05,97.18148255000001,23.689999999999998,4.75,0.0,13.51,18.579936999999997,93.76338166000001,17.11,4.75,0.0,15.733517,22.353078999999997,78.71500031,14.030000000000001,4.75,0.0,18.331085,30.7951768,78.7150002,13.67,4.75,0.0,19.968624,30.7951768,78.71499979999999,12.92,4.75,0.0,21.379554,30.7951768,78.71499969999999,10.690000000000001,4.75,0.0,22.922029000000002,31.0316758,57.66322290000001,5.59,4.75,0.0,25.519598000000002,36.280732,39.7174194,2.75,7.3071254,0.0,26.18,41.302651,38.724717899999995,2.75,7.7090045,0.0,26.18,46.028953,39.6791993,2.75,8.130108,0.0,26.18,47.634601,40.5839682,2.75,8.5643798,0.0,26.18,49.281902,43.4189202,2.75,9.4007656,0.0,24.907567999999998,49.775331,25.77699953,1.84,9.4007656,1.25,26.18,53.542563,25.7770002,1.84,9.4007656,2.5,26.18,53.462563,25.7769999,1.84,7.5559942,3.75,26.18,53.372563,25.7770001,1.84,8.2478126,3.75,26.18,53.721263,25.7770003,1.33,9.235108,3.75,26.18,53.721263,23.97843099,0.07,10.761906,3.75,26.18,52.767752,19.83052798,0.07,10.761906,5.6786778,25.46,52.950322,16.001786680000002,0.07,10.761906,7.6786778,24.876582,52.326674999999994,11.37321088,0.07,10.761906,9.6786778,26.3041504,48.169144,5.44880201,0.07,10.761906,11.678678,29.3341508,48.169144,0.0,0.07,10.761906,13.678678,34.529287000000004,52.065497
142,cap,0.9542084014962723,1.5709800876101485,1.140277015598409,7,optimal,129885.07859758,129885.07859758,1432.982818286,121.622930616,31.61,4.75,0.0,9.43,17.05,99.81959889,31.5,4.75,0.0,9.43,17.05,100.33704058000001,29.810000000000002,4.75,0.0,9.43,17.05,98.65030722000002,29.21,4.75,0.0,10.57,17.05,96.23739539,28.67,4.75,0.0,12.07,17.05,93.96852399000001,23.689999999999998,4.75,0.0,13.51,17.05,92.96764603000001,17.11,4.75,0.0,13.51,20.470831,78.71500014,14.030000000000001,4.75,0.0,15.790554,27.421208200000002,78.7150002,13.67,4.75,0.0,16.165081,27.8866672,78.7149998,12.92,4.75,0.0,16.579875,27.8866672,78.6262987,10.690000000000001,4.75,0.0,18.090092,27.8866672,56.743121800000004,5.59,4.75,0.0,20.370646,32.295543699999996,36.64074839999999,2.75,6.117092,0.0,22.651200000000003,36.724931,35.0328489,2.75,6.117092,0.0,24.931753999999998,37.126199,34.7289329,2.75,6.117092,0.0,26.005316999999998,37.331696,35.265723200000004,2.75,6.117092,0.0,26.18,37.53662,37.4830082,2.75,6.2396568,0.0,24.590553999999997,37.740246,25.7770003,1.84,7.1613286,0.0,25.851108000000004,41.091077,25.77699959,1.84,7.250412,0.0,26.18,41.011077,25.776999699999998,1.84,5.9670151,1.25,26.18,40.921077,23.374021500000005,1.84,5.9670151,2.5,26.17,40.641076999999996,16.8209917,1.33,5.9670151,3.75,26.11,39.671077,13.76888739,0.07,5.971988,3.75,25.61,39.028631,14.62071839,0.07,6.2764543,3.75,25.283526000000002,38.739462,14.900455390000001,0.07,6.2764543,4.0020941,25.069446,37.640294,11.40822529,0.07,6.2764543,6.0020941,23.899445999999998,34.219553,6.48939408,0.07,6.2764543,8.0020941,23.899445999999998,34.219553,0.0,0.07,6.2764543,10.002094,28.460554000000002,34.219553
143,cap,0.9102268395849853,0.8847796180537849,1.1995686609856462,3,optimal,118124.60211419,118124.60211419,1517.6169167560001,121.622930616,31.61,4.75,0.0,9.43,17.05,99.81959889,31.5,4.75,0.0,9.43,17.05,100.33704058000001,29.810000000000002,4.75,0.0,9.43,17.05,98.40507022000001,29.21,4.75,0.0,10.57,17.05,95.74110539,28.67,4.75,0.0,12.07,17.05,93.21025467000001,23.689999999999998,4.75,0.0,13.51,17.05,93.40718979,17.11,4.75,0.0,13.51,18.253097,78.7149998,14.030000000000001,4.75,0.0,13.51,21.851803,78.7150001,13.67,4.75,0.0,13.51,24.072732,78.7149997,12.92,4.75,0.0,13.51,24.072732,78.715,10.690000000000001,4.75,0.0,13.51,24.237751,60.08772590000001,5.59,5.6790076,0.0,13.51,24.401296,47.583504399999995,2.75,8.5538443,0.0,13.51,24.562645999999997,48.1261749,2.75,8.6811561,0.0,13.51,24.722521,48.3204563,2.75,8.6811561,0.0,13.9276413,24.880202999999998,42.6179502,2.75,8.6811561,1.25,15.835569,25.036406999999997,39.9016642,2.75,8.6811561,2.5,14.364707,25.190420999999997,25.7769999,1.84,8.6811561,3.75,15.743844,30.941692000000003,25.7770004,1.84,8.6811561,3.75,16.133691,30.861691999999998,25.7770004,1.84,5.7038952,3.75,16.524051,30.771692,25.776999500000002,1.84,5.7038952,3.75,17.015948,30.491692,25.6216047,1.33,6.0831509,3.75,17.883957000000002,29.521692,20.246661249999995,0.07,7.2092583,3.75,18.791902,28.470658,20.432365249999997,0.07,7.2340029,3.75,19.223537999999998,28.270785,20.536847199999997,0.07,7.2340029,3.75,20.152588,27.151415,15.9685202,0.07,7.2340029,5.1058902,21.381725000000003,25.559455,7.6622523000000005,0.07,7.2340029,7.1058902,23.780862999999997,25.559455,0.0,0.07,7.2340029,9.1058902,28.5791373,27.427834999999998
144,cap,0.9336019071107099,1.0439149174868705,0.8041699506212835,6,optimal,122171.11943491,122171.11943491,1496.009298867,121.622930616,31.61,4.75,0.0,9.43,17.05,99.81959889,31.5,4.75,0.0,9.43,17.05,100.33704058000001,29.810000000000002,4.75,0.0,9.43,17.05,98.53540722000001,29.21,4.75,0.0,10.57,17.05,96.00487139,28.67,4.75,0.0,12.07,17.05,93.61325526,23.689999999999998,4.75,0.0,13.51,17.05,93.0153636,17.11,4.75,0.0,13.51,19.439664999999998,78.7150003,14.030000000000001,4.75,0.0,14.507851,21.852175,78.7149998,13.67,4.75,0.0,14.507851,24.264685,78.715,12.92,4.75,0.0,14.507851,24.264685,78.7150004,10.690000000000001,4.75,0.0,14.775409,24.412398,58.930737900000004,5.59,4.9060691,0.0,16.383749,24.599925,44.4463104,2.75,7.3958957,0.0,17.992089,24.970544999999998,43.5264699,2.75,7.3958957,0.0,19.600429,24.970544999999998,42.8136453,2.75,7.3958957,0.0,21.208768,25.153639,41.9904963,2.75,7.3958957,0.0,22.817107999999998,25.335736999999998,42.7720053,2.75,7.3958957,0.0,20.555448,29.134243599999998,25.777,1.84,10.239233,0.0,21.143788,34.2913485,25.7769995,1.84,10.239233,1.25,20.253788,34.2113485,25.777000299999997,1.84,6.2105471,2.5,20.203788000000003,34.1213485,24.7744313,1.84,6.2105471,3.75,20.193787999999998,33.8413485,23.2016002,1.33,6.2105471,3.75,20.133788000000003,32.8713485,18.64216725,0.07,6.9184863,3.75,21.242128,31.1205975,19.049511021999997,0.07,6.9184863,3.75,22.05664,29.8231075,20.211426739000004,0.07,6.9184863,3.75,22.52498,27.7156165,14.5038882,0.07,6.9184863,5.75,22.963320000000003,25.2581265,6.0071412,0.07,6.9184863,7.75,24.577564799999998,27.6706365,0.0,0.07,6.9184863,9.75,27.7942447,32.8695939
145,cap,1.0436239316705271,0.795907065087627,0.8963536814528932,6,optimal,131281.7167477,131281.7167477,1431.2652563550002,121.622930616,31.61,4.75,0.0,9.43,17.05,99.810616725,31.5,4.75,0.0,9.43,17.05,100.315977616,29.810000000000002,4.75,0.0,9.43,17.05,90.547595016,29.21,4.75,0.0,10.57,17.05,89.71276402500001,28.67,4.75,0.0,12.07,17.05,88.980527225,23.689999999999998,4.75,0.0,13.51,17.05,88.908715525,17.11,4.75,0.0,13.51,19.739061,78.7149999,14.030000000000001,4.75,0.0,13.51,22.428122,78.7150002,13.67,4.75,0.0,13.51,24.636667,78.714999597,12.92,4.75,0.0,13.51,24.935291,76.50449908,10.690000000000001,4.75,0.0,13.5466861,25.234429,56.33180506,5.59,6.4262548,0.0,15.339393,25.534836,41.21232134,2.75,8.8002873,0.0,17.132101,25.835756999999997,39.87338774,2.75,8.8002873,0.0,18.924808,26.137947999999998,37.06740944,2.75,8.8002873,0.0,20.717516000000003,29.5778889,33.55169234,2.75,8.8002873,0.0,22.510223000000003,34.5563538,35.029056839999996,2.75,8.8377088,0.0,20.43293,40.352653000000004,25.777,1.84,11.698152,0.0,21.205638,46.108952,25.7770004,1.84,11.698152,1.25,20.315638,46.028952000000004,25.153254649999997,1.84,8.1009439,2.5,20.265638000000003,45.938952,21.449085819999997,1.84,8.1009439,3.75,20.255637999999998,45.658952,19.808520299999998,1.33,8.1009439,3.75,20.195638000000002,44.688952,21.242554549999998,0.07,9.4461504,3.75,20.246463,42.258952,21.91399744,0.07,9.4461504,3.75,21.319170999999997,41.03581,17.3936545,0.07,9.4461504,5.4023036,21.971877999999997,39.204872,11.956406999999999,0.07,9.4461504,7.4023036,22.883329,37.023933,5.17948341,0.07,9.4461504,9.4023036,26.468744400000002,38.911704,0.0,0.07,9.4461504,11.402304,30.054158700000002,41.600764999999996
146,cap,1.0307319506874728,1.4887235040513371,0.8560977761589503,7,optimal,139154.86158138,139154.86158138,1466.244306266,121.622930616,31.61,4.75,0.0,9.43,17.05,99.81959889,31.5,4.75,0.0,9.43,17.05,100.33704058000001,29.810000000000002,4.75,0.0,9.43,17.05,99.14072009,29.21,4.75,0.0,10.57,17.05,97.10089239,28.67,4.75,0.0,12.07,17.05,93.96030085000001,23.689999999999998,4.75,0.0,13.51,18.750221,92.73117823,17.11,4.75,0.0,14.425819,21.318514,78.7149998,14.030000000000001,4.75,0.0,16.138014,26.8831492,78.7149999,13.67,4.75,0.0,17.85021,27.7933982,78.7149998,12.92,4.75,0.0,18.386468999999998,28.0793222,78.71500060000001,10.690000000000001,4.75,0.0,19.989995,28.1344492,59.256070900000005,5.59,4.75,0.0,21.702191,31.4179714,39.8285594,2.75,6.5736846,0.0,23.414386,34.932796,38.2005849,2.75,6.5736846,0.0,24.183687999999997,38.217575,38.4130363,2.75,6.5736846,0.0,25.003700000000002,38.506263000000004,38.236105200000004,2.75,6.5736846,0.0,26.18,38.795956000000004,39.7926762,2.75,7.3791389,0.0,24.022196,41.334249,25.77699957,1.84,8.7401411,0.0,24.714391,44.569558,25.77700019,1.84,8.9373151,0.0,25.536586999999997,44.489558,25.776999699999998,1.84,7.1855954,1.25,26.18,44.399558,25.777000299999997,1.84,7.1855954,2.5,26.17,44.119558,20.1470673,1.33,7.1855954,3.75,26.11,43.149558,16.99333039,0.07,7.451775,3.75,25.61,42.611896,18.61026649,0.07,7.9163415,3.75,25.065609000000002,41.470189,16.37897839,0.07,7.9163415,5.2273755,23.925609,39.518482,12.58597658,0.07,7.9163415,7.2273755,22.860502800000003,37.216776,5.1209927099999994,0.07,7.9163415,9.2273755,26.2848933,38.265376,0.0,0.07,7.9163415,11.227376,29.7092849,40.833669
147,cap,1.1154377813735037,1.6765061115969186,1.18669213835487,6,optimal,152045.62341958,152045.62341958,1473.0679330359999,121.622930616,31.61,4.75,0.0,9.43,17.05,99.81959889,31.5,4.75,0.0,9.43,17.05,100.33704058000001,29.810000000000002,4.75,0.0,9.43,17.05,99.70056106000001,29.21,4.75,0.0,10.57,17.05,98.05671739,28.67,4.75,0.0,12.07,17.05,96.34673555,23.689999999999998,4.75,0.0,13.51,17.543503,92.87319217,17.11,4.75,0.0,15.456191,21.103579,78.71500034,14.030000000000001,4.75,0.0,17.829575,28.8170775,78.7149999,13.67,4.75,0.0,18.733519,29.4147525,78.7149998,12.92,4.75,0.0,19.547063,29.7841185,78.71500069999999,10.690000000000001,4.75,0.0,20.752051,29.9244105,57.996137600000004,5.59,4.75,0.0,23.125435000000003,34.682969,38.1870174,2.75,6.6758884,0.0,25.498818999999997,39.212449,37.0172739,2.75,6.7859755,0.0,26.18,42.511106,37.7968153,2.75,7.112508,0.0,26.18,43.756325000000004,38.518343200000004,2.75,7.4503751,0.0,26.18,45.044409,40.6467182,2.75,8.2498692,0.0,24.683383999999997,46.302487,25.776999890000003,1.84,9.7931452,0.0,26.036769,49.792563,25.7769998,1.84,9.7931452,1.25,26.18,49.712563,25.7770005,1.84,7.2783355,2.5,26.18,49.622563,25.2510819,1.84,7.2783355,3.75,26.17,49.342563,23.2482331,1.33,7.3006447,3.75,26.11,48.372563,19.79498039,0.07,8.912686,3.75,26.18,47.944449,19.568197389999998,0.07,8.912686,4.3787402,25.46,47.794526000000005,16.24349738,0.07,8.912686,6.3787402,24.32,45.300875000000005,12.21822428,0.07,8.912686,8.3787402,24.1952396,41.683937,5.6336358099999995,0.07,8.912686,10.37874,27.2252399,42.594713999999996,0.0,0.07,8.912686,12.37874,31.9720082,46.154791
148,cap,1.0631674970145546,1.2334004700182888,0.9771086078922693,1,optimal,143266.1461742,143266.1461742,1491.910837146,121.622930616,31.61,4.75,0.0,9.43,17.05,99.81959889,31.5,4.75,0.0,9.43,17.05,100.33704058000001,29.810000000000002,4.75,0.0,9.43,17.05,99.35605206000001,29.21,4.75,0.0,10.57,17.05,97.46689639,28.67,4.75,0.0,12.07,17.05,95.02990895,23.689999999999998,4.75,0.0,13.51,18.087272,94.78554359,17.11,4.75,0.0,13.51,21.018597999999997,78.71499967999999,14.030000000000001,4.75,0.0,15.464217,27.3698031,78.7150002,13.67,4.75,0.0,17.418433999999998,28.3947161,78.7149998,12.92,4.75,0.0,18.842016,28.712591099999997,78.71499994,10.690000000000001,4.75,0.0,18.842016,28.894949099999998,64.168354,5.59,4.826018,0.0,19.896482,29.351837099999997,44.5193964,2.75,7.3558696,0.0,21.850699,29.673206099999998,41.272447899999996,2.75,7.3558696,1.25,21.850699,29.765197099999998,37.7511573,2.75,7.3558696,2.5,21.850699,30.089147099999998,33.5856386,2.75,7.3558696,3.75,21.850699,30.4147711,36.66097620000001,2.75,7.3558696,3.75,17.980699,33.616731,25.777000299999997,1.84,7.3558696,3.75,18.914917000000003,37.595482,25.776999600000003,1.84,7.3558696,3.75,19.979134000000002,37.92498,25.7769999,1.84,6.5307682,3.75,21.883350999999998,38.255382,25.7770004,1.84,6.5307682,3.75,23.636639000000002,38.587462,25.776999600000003,1.33,7.1414058,3.75,23.576639,39.698021,22.075942849999997,0.07,8.7928864,3.75,23.296529999999997,40.199347,22.64372985,0.07,8.7928864,3.75,24.347015,39.420673,18.720065849999997,0.07,8.7928864,5.6677923,23.207015,37.831998999999996,12.65251109,0.07,8.7928864,7.6677923,24.479271899999997,35.8933241,5.6976466100000005,0.07,8.7928864,9.6677923,26.668040100000002,36.4552931,0.0,0.07,8.7928864,11.667792,30.576474400000002,42.806499
149,cap,0.9552144686850184,1.1666530136713658,1.0279296459850322,7,optimal,125964.77448357,125964.77448357,1512.2170457260004,121.622930616,31.61,4.75,0.0,9.43,17.05,99.81959889,31.5,4.75,0.0,9.43,17.05,100.33704058000001,29.810000000000002,4.75,0.0,9.43,17.05,98.65591722,29.21,4.75,0.0,10.57,17.05,96.24874839,28.67,4.75,0.0,12.07,17.05,93.98580405000001,23.689999999999998,4.75,0.0,13.51,17.05,93.55833113,17.11,4.75,0.0,13.51,19.397495,78.71499990000001,14.030000000000001,4.75,0.0,15.565859,24.2250911,78.7150001,13.67,4.75,0.0,15.565859,25.8959011,78.71500029999999,12.92,4.75,0.0,15.565859,26.1074331,78.71500040000001,10.690000000000001,4.75,0.0,15.565859,26.5487331,65.3155559,5.59,4.8604928,0.0,16.992006,26.7584341,44.7405574,2.75,7.2557781,0.0,19.047865,26.9668551,44.9496019,2.75,7.2557781,0.0,19.62798,27.1502651,44.4624543,2.75,7.2557781,0.0,21.156536000000003,27.1502651,43.39671920000001,2.75,7.2557781,0.0,23.212395,27.3563041,44.9610762,2.75,7.2557781,0.0,21.398254,28.6512747,25.776999800000002,1.84,9.7173636,0.0,22.434114,35.2628174,25.77699957,1.84,9.7173636,0.0,23.268558,35.1828174,25.776999500000002,1.84,6.9057168,1.25,23.218558,35.0928174,25.776999600000003,1.84,6.9057168,2.5,23.208558000000004,34.8128174,22.7722663,1.33,6.9057168,3.75,23.148558,33.8428174,18.16622485,0.07,6.9057168,3.75,22.648558,33.882976400000004,19.67719985,0.07,7.331238,3.75,21.928558000000002,33.2567654,20.319056850000003,0.07,7.331238,3.9164489,22.010016999999998,31.8205544,14.752367849999999,0.07,7.331238,5.9164489,22.068281,30.034343399999997,6.507595080000001,0.07,7.331238,7.9164489,24.8090739,30.034343399999997,0.0,0.07,7.331238,9.9164489,28.9207922,32.651753400000004
0,price,1.1047286498801028,1.745510065958529,0.715327690175707,7,optimal,202745.8628841,163952.14210792954,998.9768189729998,121.622930616,31.61,4.75,0.0,9.43,17.05,100.458996725,31.5,4.75,0.0,11.43,20.55,95.680905134,29.810000000000002,4.75,0.0,13.43,24.05,74.39310580200001,29.21,4.75,0.0,16.000655,28.69963,63.368309207,28.67,4.75,0.0,18.931311,33.34926,52.308744,23.689999999999998,4.75,0.0,21.801966,37.99889,46.941717,17.11,4.75,0.0,23.232622,42.576038,44.488008124,14.030000000000001,4.75,0.0,24.663277,45.079685,42.189429597,13.67,4.75,0.0,26.093932000000002,47.038489999999996,41.5316356,12.92,4.75,0.0,26.18,48.254519,26.29629,10.690000000000001,4.75,0.0,26.18,49.503821,21.529332926,5.59,6.6420762,0.0,26.18,50.76187,18.386106197,2.75,8.4483596,0.0,26.18,52.025998,19.011712977000002,2.75,8.7382911,0.0,26.18,53.298884,18.624435897,2.75,9.7470398,0.0,26.18,54.577839999999995,19.288944172,2.75,10.027074,0.0,26.18,55.865562,21.525169572,2.75,10.698712,0.0,23.740654999999997,58.695228,21.247531512,1.84,11.593324,0.0,24.151311,59.737859,21.587060512,1.84,11.776547,0.0,24.691966,60.666017999999994,21.236495696000002,1.84,8.6360275,1.25,26.072622000000003,60.576018,16.930321707,1.84,8.6360275,2.5,26.18,62.374099,13.768293,1.33,8.6360275,3.75,26.18,63.550082,13.78235,0.07,8.6360275,4.1098516,26.18,63.266065,13.938576,0.07,8.6360275,4.4941677,26.18,61.702048,14.22898,0.07,8.6360275,4.8754615,26.18,59.328032,11.660908,0.07,8.6360275,6.480028,26.18,56.604015000000004,12.375151,0.07,8.6360275,6.6001629,25.610655,57.753645000000006,10.575378,0.07,8.6360275,7.2364845,26.4719664,58.903274999999994
1,price,1.0247325808041943,1.1656590938698332,1.2621620750563534,8,optimal,179277.50970734,153761.6986082617,762.6274934597001,121.622930616,31.61,4.75,0.0,9.43,17.05,99.810616725,31.5,4.75,0.0,9.43,17.05,94.523140134,29.810000000000002,4.75,0.0,11.43,20.55,45.759012,29.21,4.75,0.0,15.094324,28.7540533,30.566792,28.67,5.0256823,0.0,19.118648,36.820174,19.7005193,23.689999999999998,5.7386836,0.0,23.082971999999998,41.237741,16.8448216,17.11,5.7386836,0.0,25.607297000000003,43.899254,14.7794175,14.030000000000001,6.7398246,0.0,26.18,44.525017000000005,14.226906419999999,13.67,7.5973997,0.0,26.18,45.49215,14.65613235,12.92,7.8519598,0.0,26.18,46.462329,15.08555943,10.690000000000001,8.1066392,0.0,26.18,47.432963,15.5154613641,5.59,8.3621186,0.0,26.18,48.406645999999995,15.9464375901,2.75,8.6177168,0.0,26.18,49.380781,16.383072,2.75,8.8741155,0.0,26.18,50.357969,16.843467,2.75,9.1306324,0.0,26.18,51.335606,17.3053,2.75,9.3879505,0.0,26.18,52.316296,18.608126882,2.75,9.9032807,0.0,24.834324000000002,54.036545000000004,18.230213,1.84,9.9032807,0.0,26.18,54.18252,19.02169,1.84,10.167415,0.0,26.18,54.107986,20.901046407000003,1.84,9.4330073,0.0,26.18,54.017986,17.1661751415,1.84,9.4330073,1.25,26.18,53.73798600000001,14.7826,1.33,9.4330073,2.5,26.18,53.792639,12.371027,0.07,9.4330073,3.75,26.18,54.119453,12.971287,0.07,9.4330073,3.75,26.18,54.195938999999996,13.694986,0.07,9.1573251,3.75,26.18,53.462426,14.466727,0.07,8.4443237,3.75,26.18,52.378912,14.88438,0.07,8.5665303,3.75,26.18,53.669491,15.959649,0.07,8.8504273,3.75,26.18,50.458605
2,price,1.0636796545476646,1.3045530564403656,0.6220472905944546,7,optimal,189371.71786918,158323.0865339275,866.9073666770997,121.622930616,31.61,4.75,0.0,9.43,17.05,100.458996725,31.5,4.75,0.0,11.43,20.55,95.425726134,29.810000000000002,4.75,0.0,13.43,24.740876,72.2906105,29.21,4.75,0.0,15.814095,28.784184000000003,63.53534335,28.67,4.75,0.0,18.558189,32.827491,29.07577,23.689999999999998,4.75,0.0,21.242283999999998,36.870799000000005,26.613889999999998,17.11,4.75,0.0,22.486378000000002,40.914106000000004,22.5169207,14.030000000000001,5.5640979,0.0,23.730473000000003,43.181850999999995,16.7397797,13.67,7.438426,0.0,24.974567,45.359016,15.0421643,12.92,8.0809033,0.0,26.18,47.334879,15.531616583,10.690000000000001,8.3711813,0.0,26.18,48.441186,16.0227696231,5.59,8.6629871,0.0,26.18,49.553315999999995,16.529375,2.75,8.9556305,0.0,26.18,50.668638,17.057355,2.75,9.2498034,0.0,26.18,51.789789999999996,17.586835,2.75,9.5448122,0.0,26.18,52.914127,18.119064,2.75,9.8413522,0.0,26.18,54.044301000000004,19.999966,2.75,10.918231,0.0,23.554094999999997,56.742943999999994,20.420846,1.84,11.150265,0.0,23.778188999999998,57.692921,21.088141,1.84,11.3504,0.0,24.132284,57.612921,19.259331446,1.84,8.8436955,1.25,25.326378,57.522921,14.947437,1.84,8.8436955,2.5,26.18,59.010932999999994,12.549385,1.33,8.8436955,3.75,26.18,59.907075,13.352758,0.07,8.8436955,3.75,26.18,59.343216999999996,14.354727,0.07,8.8436955,3.75,26.18,57.499358,15.481864,0.07,8.8829597,3.75,26.18,54.8455,16.346798,0.07,9.2018699,3.75,26.18,54.018808,17.432277,0.07,9.7404431,3.75,25.424095,54.562115,17.504689,0.07,9.7369006,3.75,25.9122836,54.414547
3,price,1.1152573252877114,1.0627048881490013,1.2307429627427235,6,optimal,189589.39709926,162213.99887070485,795.409093502,121.622930616,31.61,4.75,0.0,9.43,17.05,99.810616725,31.5,4.75,0.0,9.43,17.05,94.523140134,29.810000000000002,4.75,0.0,11.43,20.55,46.749950999999996,29.21,4.75,0.0,15.031486000000001,28.5498294,28.829927,28.67,6.0087135,0.0,18.992972,35.732409,20.8423232,23.689999999999998,6.0087135,0.0,22.894458,40.040009,15.5621923,17.11,6.9851696,0.0,25.355944,44.347609,14.42574629,14.030000000000001,7.7153251,0.0,26.18,45.941587,14.9874693,13.67,8.0484651,0.0,26.18,47.21125000000001,15.553388269000001,12.92,8.3840936,0.0,26.18,48.490397,16.122329974,10.690000000000001,8.7215148,0.0,26.18,49.776377,16.719259,5.59,9.0614277,0.0,26.18,51.071852,17.332545,2.75,9.4031302,0.0,26.18,52.374149,17.950308,2.75,9.7473274,0.0,26.18,53.685953,18.571278,2.75,10.093311,0.0,26.18,54.938903999999994,19.292364,2.75,10.443382,0.0,26.18,55.905271,21.396352831999998,2.75,11.160271,0.0,24.771486000000003,55.875271,21.409025,1.84,11.160271,0.0,26.18,55.805271,18.784611,1.84,11.160271,1.25,26.18,55.725271,17.058417862,1.84,8.8881657,2.5,26.18,55.774485,14.45332,1.84,8.8881657,3.75,26.18,56.169591999999994,15.241394,1.33,8.8881657,3.75,26.18,56.566653,15.995856,0.07,9.2328453,3.75,26.18,57.216014,16.856722,0.07,9.6276191,3.75,26.18,57.198243000000005,17.845045,0.07,10.006836,3.75,26.18,56.370472,18.728014,0.07,10.384035,3.75,26.18,56.290562,19.107722,0.07,10.745676,3.75,26.18,59.605453,19.636845,0.07,11.09253,3.75,26.18,61.941845
4,price,1.021277931716658,1.1988476784287165,0.7072333577977318,3,optimal,181432.25626583,155662.510027975,774.0923045600998,121.622930616,31.61,4.75,0.0,9.43,17.05,100.458996725,31.5,4.75,0.0,11.43,20.55,95.680905134,29.810000000000002,4.75,0.0,13.43,24.05,71.9788333,29.21,4.75,0.0,15.984467,28.647016999999998,34.870976999999996,28.67,4.75,0.0,18.898933,33.244034,26.926898,23.689999999999998,4.75,0.0,21.7534,37.84105,20.6382613,17.11,5.9617194,0.0,23.167867,40.316367,15.9874132,14.030000000000001,7.1302115,0.0,24.582334000000003,44.121821999999995,14.27847358,13.67,7.6345691,0.0,25.9968,45.541892,14.62189107,12.92,7.8316522,0.0,26.18,46.384933000000004,15.04599351,10.690000000000001,8.083174,0.0,26.18,47.295798,15.4960844191,5.59,8.3358532,0.0,26.18,48.130837,16.635731277,2.75,8.3358532,0.0,26.18,48.130837,17.779456202,2.75,8.3358532,0.0,26.18,48.130837,18.823985227,2.75,8.3358532,0.0,26.18,48.130837,14.836424,2.75,8.3358532,1.25,26.18,48.130837,13.946112,2.75,8.3358532,2.5,23.724466999999997,48.100837,11.289785,1.84,8.3358532,3.75,24.118933,48.380551999999994,11.530184,1.84,8.3358532,3.75,24.6434,48.661077,11.263978,1.84,6.7256156,3.75,26.007866999999997,48.941660999999996,11.499745,1.84,6.9032608,3.75,26.18,50.643997,11.924301,1.33,7.1579193,3.75,26.18,51.795697000000004,12.574864,0.07,7.4211577,3.75,26.18,51.487398,13.422198,0.07,7.7136714,3.75,26.18,49.899098,14.213093,0.07,7.9825487,3.75,26.18,48.755253999999994,14.876969,0.07,8.2470411,3.75,26.18,48.48227,15.656765,0.07,8.6792822,3.75,25.594467,49.579287,16.211056,0.07,9.0015206,3.75,25.2606538,50.676304
5,price,0.9813820962704599,0.9885446744860344,1.2002917381040419,3,optimal,170617.33434013,149386.2294823361,687.2097850191999,121.622930616,31.61,4.75,0.0,9.43,17.05,99.810616725,31.5,4.75,0.0,9.43,17.05,94.523140134,29.810000000000002,4.75,0.0,11.43,20.55,34.421204,29.21,7.1704373,0.0,14.970583000000001,28.3518961,24.1837952,28.67,7.1704373,0.0,18.871167,34.724531,16.9794053,23.689999999999998,7.1704373,0.0,22.711750000000002,38.925551999999996,14.49773645,17.11,7.1704373,0.0,25.112333999999997,41.42163,13.78982292,14.030000000000001,7.1704373,0.0,26.18,42.88839,14.331185979999999,13.67,7.3891096,0.0,26.18,43.12571,14.872524539999999,12.92,7.6077721,0.0,26.18,43.363020000000006,15.41215078,10.690000000000001,7.8257435,0.0,26.18,43.599579000000006,15.9508785351,5.59,8.0437046,0.0,26.18,43.836128,16.488770955099998,2.75,8.260975,0.0,26.18,44.071926000000005,17.208993877,2.75,8.260975,0.0,26.18,44.811005,18.175562406999997,2.75,8.260975,0.0,26.18,44.811005,14.375012,2.75,8.260975,1.25,26.18,44.811005,12.643923,2.75,8.260975,2.5,24.710583,44.781005,9.301794,1.84,8.260975,3.75,26.091167,45.014902000000006,9.7124126,1.84,8.260975,3.75,26.18,45.248787,10.175135,1.84,6.0466742,3.75,26.18,45.481923,10.63783,1.84,6.2614789,3.75,26.18,45.715046,11.099042,1.33,6.4755952,3.75,26.18,45.947422,11.497683,0.07,6.6651561,3.75,26.18,46.581573,12.008691,0.07,6.8803619,3.75,26.18,46.472448,12.641215,0.07,7.1221558,3.75,26.18,45.553323,13.265811,0.07,7.3406775,3.75,26.18,44.661848000000006,13.564628,0.07,7.5475058,3.75,26.18,45.921976,14.01789,0.07,7.7373513,3.75,26.18,46.163975
6,price,1.012163503194416,1.2337100718747984,1.3845897598409909,6,optimal,179010.77771378,153112.67563460473,772.8120009904002,121.622930616,31.61,4.75,0.0,9.43,17.05,99.810616725,31.5,4.75,0.0,9.43,17.05,94.523140134,29.810000000000002,4.75,0.0,11.43,20.55,71.7287686,29.21,4.75,0.0,15.33918,29.5498332,30.141804,28.67,4.75,0.0,19.608359,37.620399,21.154595999999998,23.689999999999998,4.75,0.0,23.817539000000004,42.466463000000005,18.744414499999998,17.11,4.75,0.0,26.18,43.383984999999996,17.9303094,14.030000000000001,5.3626487,0.0,26.18,44.328331,15.142628,13.67,6.9057452,0.0,26.18,45.253457999999995,14.53155117,12.92,7.7780747,0.0,26.18,46.180738,14.94160667,10.690000000000001,8.0212657,0.0,26.18,47.107588,15.3517410981,5.59,8.2650218,0.0,26.18,48.036590000000004,15.7625594211,2.75,8.5086646,0.0,26.18,48.965162,16.1743306672,2.75,8.7528728,0.0,26.18,49.895889,16.603566,2.75,8.9969674,0.0,26.18,50.779857,17.042681,2.75,9.2416278,0.0,26.18,51.665873,18.635656882,2.75,9.7410111,0.0,25.07918,51.635873000000004,18.526484,1.84,9.7410111,0.0,26.18,51.565872999999996,15.825289,1.84,9.7410111,1.25,26.18,51.485873,14.228607107,1.84,7.0131487,2.5,26.18,51.395872999999995,11.02343,1.84,7.0131487,3.75,26.18,51.550692,11.559796,1.33,7.0131487,3.75,26.18,51.820933,12.105996,0.07,7.2630296,3.75,26.18,52.031798,12.624047,0.07,7.4897951,3.75,26.18,52.420129,13.25644,0.07,7.765133,3.75,26.18,52.053898000000004,13.936333,0.07,8.0199953,3.75,26.18,51.337666999999996,14.474015,0.07,8.2701062,3.75,26.18,51.616617000000005,15.408663,0.07,8.5122435,3.75,26.18,49.117244
7,price,1.1899159763094134,1.2953495411021776,0.8215129632362966,8,optimal,206433.97691527,171573.87310279455,933.4463525495,121.622930616,31.61,4.75,0.0,9.43,17.05,100.629178725,31.5,4.75,0.0,11.073026,20.55,95.851087134,29.810000000000002,4.75,0.0,13.073026,24.05,72.2425998,29.21,4.75,0.0,15.856052,29.389834,61.985222840000006,28.67,4.75,0.0,18.999078,34.729669,27.943747000000002,23.689999999999998,4.75,0.0,22.082104,40.069503,25.884909999999998,17.11,4.75,0.0,23.72513,44.170727,20.1585215,14.030000000000001,6.0953417,0.0,25.368156,47.046023000000005,16.8257415,13.67,7.6746193,0.0,26.18,48.629046,16.2933835535,12.92,8.8229613,0.0,26.18,50.163009,17.10141652,10.690000000000001,9.1522339,0.0,26.18,51.709064999999995,17.921819932,5.59,9.480758,0.0,26.18,53.269932999999995,18.495133,2.75,10.050886,0.0,26.18,54.842873999999995,19.242859,2.75,10.467493,0.0,26.18,56.430649,19.99626,2.75,10.887263,0.0,26.18,58.030474999999996,20.756655,2.75,11.31093,0.0,26.18,59.645155,22.66523,2.75,12.398836,0.0,23.953026,62.674037,23.117988,1.84,12.64424,0.0,24.576051999999997,63.921912000000006,23.511059,1.84,12.854958,0.0,25.329078000000003,65.05359200000001,25.374228467000002,1.84,11.689779,0.0,26.18,65.658235,22.484360962,1.84,11.689779,1.25,26.18,65.378235,19.883445,1.33,11.689779,2.5,26.18,66.87277399999999,17.958823,0.07,11.689779,3.75,26.18,66.907313,19.211772,0.07,11.689779,3.75,26.18,65.661851,20.518727,0.07,11.689779,3.75,26.18,64.14220399999999,21.545653,0.07,12.07326,3.75,26.18,64.612039,22.342646,0.07,12.534224,3.75,26.18,66.451873,21.880954,0.07,12.383354,3.75,27.4660519,68.291707
8,price,0.9642608035100507,1.7669179545377458,1.012854868438303,2,optimal,180408.00649699,150693.73930475544,840.9871584690001,121.622930616,31.61,4.75,0.0,9.43,17.05,100.458996725,31.5,4.75,0.0,11.43,20.55,95.680905134,29.810000000000002,4.75,0.0,13.43,24.05,69.624532202,29.21,4.75,0.0,16.59571,30.633557,53.492477822,28.67,4.75,0.0,20.121419,37.217113,42.325521,23.689999999999998,4.75,0.0,23.587128999999997,40.762105000000005,37.812221,17.11,4.75,0.0,25.612839,43.233239,37.812711,14.030000000000001,4.75,0.0,26.18,44.086981,39.053714,13.67,4.75,0.0,26.18,44.357422,39.052578697,12.92,4.75,0.0,26.18,45.107552,21.677304,10.690000000000001,4.75,0.0,26.18,45.867531,21.393178839999997,5.59,5.029433,0.0,26.18,46.58847,19.03470484,2.75,5.8686463,0.0,26.18,47.305797,20.07724804,2.75,5.8686463,0.0,26.18,47.305797,15.330193346,2.75,5.8686463,1.25,26.18,47.305797,10.976005757000001,2.75,5.8686463,2.5,26.18,47.305797,9.0277933,2.75,5.8686463,3.75,24.33571,47.275797,8.8901031,1.84,5.8686463,3.75,25.341419000000002,47.205797000000004,8.816919,1.84,5.8686463,3.75,26.18,47.366422,8.306359456,1.84,5.3231949,4.1535034,26.18,47.579197,8.346330638,1.84,5.3231949,4.3227873,26.18,47.791603,8.386096232,1.33,5.3231949,4.4912007,26.18,48.002918,8.174707911999999,0.07,5.3231949,4.7385876,26.18,48.435,8.147205311999999,0.07,5.3231949,4.9590082,26.18,47.763564,7.6061004,0.07,5.3231949,5.465556,26.18,46.282129,6.9702847,0.07,5.3231949,6.0343659,26.18,44.450694,6.847966,0.07,5.3231949,6.2865138,26.18,43.989258,6.0420694,0.07,5.3231949,6.9590648,26.18,41.526324
9,price,1.1493959022150002,1.5543514257765279,1.0904026408424323,1,optimal,205709.33678824,173690.63718934383,880.4757111079999,121.622930616,31.61,4.75,0.0,9.43,17.05,98.71791602500001,31.5,4.75,0.0,11.376779,19.0735716,93.939824134,29.810000000000002,4.75,0.0,13.376779,22.5735716,71.931666502,29.21,4.75,0.0,16.697584,29.661189,56.074430062,28.67,4.75,0.0,20.378389000000002,36.748806,44.748205,23.689999999999998,4.75,0.0,23.999195,41.309895,40.083644,17.11,4.75,0.0,26.18,45.126305,22.420659,14.030000000000001,4.75,0.0,26.18,46.475803,24.191757,13.67,4.75,0.0,26.18,47.859555,25.978099999999998,12.92,4.75,0.0,26.18,49.255219999999994,21.5337387,10.690000000000001,6.6218417,0.0,26.18,50.637016,19.715366346,5.59,7.9783799,0.0,26.18,51.983293,21.138751346,2.75,7.9783799,0.0,26.18,51.983293,17.148170377,2.75,7.9783799,1.25,26.18,51.983293,13.906879,2.75,7.9783799,2.5,26.18,51.983293,11.804807,2.75,7.9783799,3.75,26.18,52.173387,13.664935,2.75,8.0372869,3.75,24.490805,52.597183,13.811885,1.84,8.082352,3.75,25.651611000000003,53.024029999999996,14.347196,1.84,8.3203284,3.75,26.18,53.454336,15.206505,1.84,8.7192597,3.75,26.18,53.887287,15.295583,1.84,8.7947066,4.0766749,26.18,54.323701,15.213291,1.33,8.7947066,4.4571762,26.18,55.078024,15.064715,0.07,8.7947066,4.8627606,26.18,55.919232,15.043097,0.07,8.7947066,5.3000118,26.18,55.48044,15.185898,0.07,8.7947066,5.7223626,26.18,54.231648,15.04768,0.07,8.7947066,6.1364647,26.18,55.104034999999996,14.385015,0.07,8.7947066,6.5334422,26.18,59.708667,13.253066,0.07,8.7947066,6.5334422,28.360805300000003,60.654720999999995
10,price,1.2669190819163612,0.7435521643306231,1.0228714106080172,7,optimal,200628.9849949,167639.65864759195,896.507979608,121.622930616,31.61,4.75,0.0,9.43,17.05,99.810616725,31.5,4.75,0.0,9.43,17.05,99.506878725,29.810000000000002,4.75,0.0,9.43,17.9088752,36.8830142,29.21,9.2545022,0.0,12.615743,21.4889251,29.4912738,28.67,9.2545022,0.0,16.161486,26.953324099999996,23.437277390000002,23.689999999999998,9.2545022,0.0,19.647228,33.601989,20.181424,17.11,9.2545022,0.0,21.692971,40.250653,18.332215,14.030000000000001,9.2545022,0.0,23.738714,44.337989,18.666464,13.67,9.2545022,0.0,24.834494999999997,45.243128,17.800224,12.92,9.2871872,0.0,26.18,49.572815,17.965877,10.690000000000001,9.7517839,0.0,26.18,53.676508999999996,18.822034,5.59,10.233024,0.0,26.18,55.537039,19.69423,2.75,10.718982,0.0,26.18,57.389123,20.575998,2.75,11.210274,0.0,26.18,59.261533,21.465989,2.75,11.706147,0.0,26.18,61.151405000000004,22.774378,2.75,12.214155,0.0,26.18,61.702735000000004,25.376163,2.75,13.274077,0.0,24.355742999999997,62.259097000000004,25.988894,1.84,13.484021,0.0,25.381486000000002,62.82091,26.681478,1.84,13.766,0.0,26.18,63.678368000000006,24.985248151999997,1.84,12.352023,1.25,26.18,63.961328,22.279971,1.84,12.352023,2.5,26.18,64.308892,20.464795,1.33,12.352023,3.75,26.18,64.892517,21.651847,0.07,12.352023,3.75,26.18,65.367649,22.937563,0.07,12.735089,3.75,26.18,65.309099,23.928059,0.07,13.281326,3.75,26.18,67.43776299999999,25.044206,0.07,13.833861,3.75,26.18,69.21642700000001,25.401859,0.07,14.36926,3.75,26.18,75.190634,24.737072,0.07,14.36926,3.75,27.9458781,77.911809
11,price,0.9249398316599503,1.4054609860533125,1.2821062707845252,4,optimal,169952.33620725,145126.48832397512,756.3102084311001,121.622930616,31.61,4.75,0.0,9.43,17.05,99.10846772500001,31.5,4.75,0.0,9.43,18.6242831,94.330375334,29.810000000000002,4.75,0.0,11.43,22.1242831,70.56189960200001,29.21,4.75,0.0,15.134213,30.457974,53.571717392000004,28.67,4.75,0.0,19.198425,38.083356,40.667192,23.689999999999998,4.75,0.0,23.202638,42.570728,17.9790676,17.11,4.75,0.0,25.766849999999998,42.570728,18.219799899999998,14.030000000000001,4.75,0.0,26.18,42.963417,17.5141349,13.67,5.2172195,0.0,26.18,43.597047,14.6306353,12.92,6.6718585,0.0,26.18,44.226625999999996,14.9412735,10.690000000000001,6.813763,0.0,26.18,44.847618,14.215601595099999,5.59,7.5912137,0.0,26.18,45.435741,14.499431687000001,2.75,7.742892,0.0,26.18,46.017624,15.181196647,2.75,7.742892,0.0,26.18,46.137719000000004,15.895427237,2.75,7.742892,0.0,26.18,46.137719000000004,16.590202696000002,2.75,7.742892,0.0,26.18,46.137719000000004,13.650034,2.75,7.742892,1.25,24.874212999999997,46.107719,10.261204,1.84,7.742892,2.5,26.18,46.037718999999996,7.7148875,1.84,7.742892,3.75,26.18,45.957719,7.9859936,1.84,5.1314388,3.75,26.18,46.140579,8.3131423,1.84,5.2833165,3.75,26.18,46.305408,8.6365487,1.33,5.4334569,3.75,26.18,46.468351999999996,8.9439248,0.07,5.5680348,3.75,26.18,46.714721,9.2636871,0.07,5.7070692,3.75,26.18,46.85104,9.7024607,0.07,5.8799714,3.75,26.18,46.177358,10.184983,0.07,6.0304378,3.75,26.18,45.153677,10.658359,0.07,6.1792787,3.75,26.18,44.126486,11.46563,0.07,6.338759,3.75,26.18,40.780574
12,price,1.1371764072417136,0.9861071925109455,1.271905216825127,5,optimal,190793.5919247,164267.87470031227,778.8244950870003,121.622930616,31.61,4.75,0.0,9.43,17.05,99.810616725,31.5,4.75,0.0,9.43,17.05,94.532154134,29.810000000000002,4.75,0.0,11.43,20.5237578,33.988958,29.21,7.3493625,0.0,15.11381,28.791142100000002,24.311511300000003,28.67,7.3493625,0.0,19.157621,35.589972,17.5482892,23.689999999999998,7.3493625,0.0,23.141430999999997,40.041641,14.64014578,17.11,7.3493625,0.0,25.685242000000002,45.306686,14.5774957,14.030000000000001,7.8053228,0.0,26.18,46.284587,15.17162687,13.67,8.1576831,0.0,26.18,47.627502,15.77064395,12.92,8.5129411,0.0,26.18,48.98146,16.376398,10.690000000000001,8.8703968,0.0,26.18,50.343796,17.023165,5.59,9.2307539,0.0,26.18,51.717188,17.67387,2.75,9.5933051,0.0,26.18,53.098943000000006,18.627873,2.75,9.9637155,0.0,26.18,53.500941,19.071501,2.75,10.327769,0.0,26.18,55.500754,20.17067,2.75,10.705539,0.0,26.18,55.500754,22.835825812,2.75,10.886522,0.0,24.853810000000003,55.470754,18.718839,1.84,10.886522,1.25,26.18,55.400754,16.63075,1.84,10.886522,2.5,26.18,55.320754,14.487678,1.84,8.5125689,3.75,26.18,55.739173,15.324514,1.84,8.9010673,3.75,26.18,56.160802000000004,16.166104,1.33,9.2917728,3.75,26.18,56.584826,16.980893,0.07,9.6619218,3.75,26.18,57.223247,17.882321,0.07,10.076309,3.75,26.18,57.328962000000004,18.912179,0.07,10.486646,3.75,26.18,56.624678,19.622327,0.07,10.882316,3.75,26.18,58.17101,19.844061,0.07,11.263329,3.75,26.18,63.040901,20.501154,0.07,11.639923,3.75,26.18,64.97029599999999
13,price,1.1043555537866132,1.5283332284723956,0.7183376286279652,4,optimal,199318.4898525,165431.64522501966,917.5660767630001,121.622930616,31.61,4.75,0.0,9.43,17.05,100.458996725,31.5,4.75,0.0,11.43,20.55,95.680905134,29.810000000000002,4.75,0.0,13.43,24.05,74.352546602,29.21,4.75,0.0,16.006675,28.719195,62.664709407,28.67,4.75,0.0,18.943351,33.388389,52.181096,23.689999999999998,4.75,0.0,21.820026,38.057584,46.848323,17.11,4.75,0.0,23.256701,42.615764,24.191892,14.030000000000001,4.75,0.0,24.693376,45.129946000000004,23.165542000000002,13.67,4.75,0.0,26.130052,47.00869,23.477373,12.92,5.0801874,0.0,26.18,48.24616,17.2570998,10.690000000000001,7.871671,0.0,26.18,49.494162,17.881134307,5.59,8.1579208,0.0,26.18,50.750885,17.260138582,2.75,9.216344,0.0,26.18,52.013662,17.929844202,2.75,9.4839646,0.0,26.18,53.285168999999996,19.037762907,2.75,9.4843867,0.0,26.18,54.499100999999996,20.424273767000003,2.75,9.4843867,0.0,26.18,54.642208999999994,19.102075201999998,2.75,9.4843867,1.25,23.746675000000003,54.612209,16.020125,1.84,9.4843867,2.5,24.163351,54.542209,13.466359,1.84,9.4843867,3.75,24.710026,54.919859,13.347261,1.84,7.9858673,3.75,26.096701000000003,55.530294,13.825013,1.84,8.3047569,3.75,26.18,57.405307,14.463018,1.33,8.6539523,3.75,26.18,58.59032,15.330712,0.07,9.0133228,3.75,26.18,58.315332999999995,15.50323,0.07,9.018215,4.1264557,26.18,56.760346,15.501889,0.07,9.018215,4.4989028,26.18,56.561696999999995,15.519591,0.07,9.018215,4.8640297,26.18,56.360892,15.679656512,0.07,9.1837501,5.2172802,25.616675,57.530086,15.372579,0.07,9.1837501,5.2172802,26.4900263,58.699281
14,price,1.2278506876477109,1.4516155966035829,1.2296775532438406,7,optimal,214776.31798652,177939.19203606833,963.0083930339999,121.622930616,31.61,4.75,0.0,9.43,17.05,98.10098792500001,31.5,4.75,0.0,10.26258,17.4761745,93.172567734,29.810000000000002,4.75,0.0,12.26258,20.9761745,72.84840850200001,29.21,4.75,0.0,15.861935,28.9690789,57.916874517,28.67,4.75,0.0,19.82129,36.961982,46.489456,23.689999999999998,4.75,0.0,23.720644999999998,41.769802,21.922728,17.11,4.75,0.0,26.18,46.073673,23.992013,14.030000000000001,4.75,0.0,26.18,47.703496,24.217371,13.67,5.2637165,0.0,26.18,49.349441999999996,18.0143525,12.92,8.2175963,0.0,26.18,51.012879,18.851126,10.690000000000001,8.5998485,0.0,26.18,52.69108,18.510074242,5.59,9.7158301,0.0,26.18,54.386797,19.410976432,2.75,10.075839,0.0,26.18,56.097255000000004,20.321116651999997,2.75,10.439539,0.0,26.18,57.825252000000006,20.720305,2.75,11.290677,0.0,26.18,59.567966,21.549266,2.75,11.752547,0.0,26.18,61.328243,23.108855,2.75,12.637024,0.0,24.769354999999997,63.991398000000004,23.228621,1.84,12.688227,0.0,26.18,64.86729,24.384228,1.84,13.167849,0.0,26.18,65.646625,23.137418212,1.84,11.471551,1.25,26.18,65.556625,20.666155701999998,1.84,11.471551,2.5,26.18,65.856917,18.597059,1.33,11.471551,3.75,26.18,66.392483,19.573653,0.07,11.471551,3.75,26.18,67.55527699999999,20.741089,0.07,11.890711,3.75,26.18,67.53431,22.04098,0.07,12.42664,3.75,26.18,66.703343,22.91837,0.07,12.929513,3.75,26.18,68.867671,23.462262,0.07,13.424712,3.75,26.18,73.36730299999999,23.489148,0.07,13.424712,3.75,27.3587439,74.171175
15,price,1.220945664453812,0.9104563186629203,0.6652420938908101,1,optimal,202505.36233557,173718.59910927562,815.8692667989999,121.622930616,31.61,4.75,0.0,9.43,17.05,98.025911925,31.5,4.75,0.0,10.760484,17.05,92.965070234,29.810000000000002,4.75,0.0,12.760484,20.55,32.004822399999995,29.21,8.6318279,0.0,15.230968,24.8740733,26.565219,28.67,8.6318279,0.0,18.061453,29.1981477,22.2445649,23.689999999999998,8.6318279,0.0,20.831937000000003,33.522221,20.57825968,17.11,8.7302072,0.0,22.162421000000002,37.846294,19.07761735,14.030000000000001,8.7988812,0.0,23.492905,41.923636,18.27208,13.67,9.0065476,0.0,24.823389,44.251982999999996,17.91333,12.92,9.0344146,0.0,26.153874000000002,46.580330000000004,18.658351,10.690000000000001,9.4603402,0.0,26.18,48.321659,20.271464487,5.59,9.5544754,0.0,26.18,48.803994,21.786349207,2.75,9.5544754,0.0,26.18,50.020189,18.343353,2.75,9.5544754,1.25,26.18,50.020189,15.968,2.75,9.5544754,2.5,26.18,50.046238,13.987647,2.75,9.5544754,3.75,26.18,50.546641,16.520908,2.75,9.5544754,3.75,23.640484,51.051145000000005,17.2715,1.84,9.5746887,3.75,23.950968000000003,52.048058999999995,17.884106,1.84,9.911164,3.75,24.391453,53.551438000000005,18.072439,1.84,10.002003,3.75,25.671937,54.540104,18.359559,1.84,10.315967,3.75,26.18,58.110835,18.995276,1.33,10.7873,3.75,26.18,61.464909,19.865849,0.07,11.271047,3.75,26.18,63.358982,20.941793,0.07,11.787797,3.75,26.18,63.973056,22.149884,0.07,12.291022,3.75,26.18,63.77713,23.068265,0.07,12.485211,3.75,26.894719300000002,63.231202999999994,22.102669,0.07,12.386832,3.75,28.2252035,67.55527599999999,22.352048,0.07,12.51141,3.75,28.8861717,68.379351
16,price,1.2420907897148281,1.6474118457954354,1.3012296771332643,2,optimal,220723.85784227,184721.87559574557,948.9574378820005,121.622930616,31.61,4.75,0.0,9.43,17.05,99.37245072500001,31.5,4.75,0.0,9.6901626,17.05,94.146860334,29.810000000000002,4.75,0.0,11.690163,20.55,76.088271602,29.21,4.75,0.0,15.432622,29.007992899999998,58.658177307,28.67,4.75,0.0,19.535081,37.465986,46.742968,23.689999999999998,4.75,0.0,23.577540999999997,42.145795,41.640789,17.11,4.75,0.0,26.18,46.249926,43.560032007,14.030000000000001,4.75,0.0,26.18,47.926331000000005,26.444821,13.67,4.75,0.0,26.18,49.619866,28.6361,12.92,4.75,0.0,26.18,51.331906000000004,30.847561,10.690000000000001,4.75,0.0,26.18,53.059714,22.899563446000002,5.59,7.8522238,0.0,26.18,54.80605,21.197791546,2.75,9.1956038,0.0,26.18,56.480385,23.296756346,2.75,9.1956038,0.0,26.18,56.870841,19.713588147000003,2.75,9.1956038,1.25,26.18,56.870841,16.893787982,2.75,9.1956038,2.5,26.18,56.870841,15.504201,2.75,9.1956038,3.75,24.912459,57.168147000000005,15.798047,1.84,9.1956038,3.75,26.18,57.701446000000004,16.867189,1.84,9.6919493,3.75,26.18,58.240119,17.058519311999998,1.84,8.65935,4.4144687,26.18,58.783311,14.184664,1.84,8.65935,5.7885748,26.18,59.331883000000005,14.070099,1.33,8.65935,6.2981981,26.18,59.884966,13.977116,0.07,8.65935,6.7960707,26.18,60.550005,13.873235,0.07,8.65935,7.332872,26.18,60.743694000000005,13.918802,0.07,8.65935,7.8627956,26.18,60.127383,14.629866,0.07,9.172337,7.8627956,26.18,63.715376,14.287138511999999,0.07,9.2342686,7.8627956,27.1817625,68.462302,13.026112,0.07,9.2342686,7.8627956,29.7842218,69.516606
17,price,1.0096193554454873,0.7078010114634828,1.1165767164599583,4,optimal,167291.29584136,142682.61207631827,751.1834202087001,121.622930616,31.61,4.75,0.0,9.43,17.05,99.810616725,31.5,4.75,0.0,9.43,17.05,99.420457725,29.810000000000002,4.75,0.0,9.43,18.0286887,38.594529,29.21,8.2743416,0.0,12.803153,21.9367072,29.8405993,28.67,8.2743416,0.0,16.536307,25.844726,22.68487867,23.689999999999998,8.2743416,0.0,20.20946,30.189014999999998,17.991004,17.11,8.2743416,0.0,22.442614,37.446764,16.811695,14.030000000000001,8.2743416,0.0,23.003836,40.796493999999996,16.868741,13.67,8.2743416,0.0,23.816398,41.061051000000006,16.868683,12.92,8.2743416,0.0,24.712176,41.326177,16.39163,10.690000000000001,8.2743416,0.0,26.18,41.822176,17.077808235099997,5.59,8.2743416,0.0,26.18,42.166983,17.529997795099998,2.75,8.6091117,0.0,26.18,42.746596999999994,17.947232,2.75,8.8116092,0.0,26.18,43.660906,18.6498301255,2.75,9.0032524,0.0,26.18,43.978581,19.873914017,2.75,9.0032524,0.0,26.18,43.978581,17.453311,2.75,9.0032524,1.25,24.543152999999997,43.948581000000004,13.638909,1.84,9.0032524,2.5,25.756307,43.878581,10.896705,1.84,9.0032524,3.75,26.18,43.798581,11.42608,1.84,6.509989,3.75,26.18,44.065298999999996,11.956587,1.84,6.7562751,3.75,26.18,44.332588,12.486742,1.33,7.0023977,3.75,26.18,44.599699,12.916933,0.07,7.2231584,3.75,26.18,45.51943,13.543392,0.07,7.4765358,3.75,26.18,45.15916,13.980796,0.07,7.7390438,3.75,26.18,46.165379,14.750361,0.07,7.9881145,3.75,26.18,46.049347,14.855345,0.07,8.2263131,3.75,26.18,47.959681,15.293712,0.07,8.448197,3.75,26.18,48.87315
18,price,1.1879637534034773,1.6191261381503015,0.8255022618916337,4,optimal,212969.48812617,176806.72020587363,954.727104925,121.622930616,31.61,4.75,0.0,9.43,17.05,100.458996725,31.5,4.75,0.0,11.43,20.55,95.66786613400001,29.810000000000002,4.75,0.0,13.43,24.085303,73.57234540200001,29.21,4.75,0.0,16.221004999999998,29.451068,61.760431407000006,28.67,4.75,0.0,19.372009000000002,34.816833,49.946367,23.689999999999998,4.75,0.0,22.463014,40.182597,45.864393,17.11,4.75,0.0,24.114018,44.404309,43.191063822000004,14.030000000000001,4.75,0.0,25.765023,47.293566999999996,25.129195,13.67,4.75,0.0,26.18,48.57779,27.084022,12.92,4.75,0.0,26.18,50.119273,25.766131,10.690000000000001,5.6478292,0.0,26.18,51.658528000000004,19.108507207,5.59,8.7186049,0.0,26.18,53.212456,19.175380507,2.75,9.5149478,0.0,26.18,54.778321000000005,19.548774112,2.75,10.130904,0.0,26.18,56.358878000000004,20.813250677000003,2.75,10.17375,0.0,26.18,57.885552000000004,22.375223896999998,2.75,10.17375,0.0,26.18,58.513662,21.205760827000002,2.75,10.17375,1.25,23.961005,58.483662,17.88779,1.84,10.17375,2.5,24.592008999999997,58.413662,15.434326,1.84,10.17375,3.75,25.353014,58.658006,16.330882592,1.84,8.7593267,3.75,26.18,59.136826,14.481686,1.84,8.7593267,4.728348,26.18,59.850955,14.236823,1.33,8.7593267,5.1711358,26.18,61.357462,14.197331,0.07,8.7593267,5.6257042,26.18,61.403969000000004,14.284746,0.07,8.7593267,6.1126593,26.18,60.170476,14.156951,0.07,8.7593267,6.5710094,26.18,61.016240999999994,14.072737,0.07,8.7593267,7.0341855,26.18,61.512005,13.915478,0.07,8.7593267,7.0341855,27.1108197,63.37777,13.437715,0.07,8.7593267,7.0341855,28.4128283,65.20823200000001
19,price,1.155732552026635,1.5855603164595107,1.3709366982759765,1,optimal,206706.95175749,173588.0523046021,901.2859099281001,121.622930616,31.61,4.75,0.0,9.43,17.05,99.810616725,31.5,4.75,0.0,9.43,17.05,94.523140134,29.810000000000002,4.75,0.0,11.43,20.55,75.141692902,29.21,4.75,0.0,15.311873,29.4610884,56.117240217,28.67,4.75,0.0,19.553747,38.372177,43.737822,23.689999999999998,4.75,0.0,23.735619999999997,43.170455000000004,40.190091,17.11,4.75,0.0,26.18,45.135796,42.0700514411,14.030000000000001,4.75,0.0,26.18,46.559988000000004,24.345777,13.67,4.75,0.0,26.18,47.97989,26.159802,12.92,4.75,0.0,26.18,49.397183,21.627091800000002,10.690000000000001,6.6544635,0.0,26.18,50.800649,19.981782946,5.59,7.9497659,0.0,26.18,52.168329,21.387364945999998,2.75,7.9497659,0.0,26.18,52.168329,17.368317597,2.75,7.9497659,1.25,26.18,52.168329,14.139935861999998,2.75,7.9497659,2.5,26.18,52.168329,11.94997,2.75,7.9497659,3.75,26.18,52.365442,13.485825,2.75,7.9497659,3.75,25.051873,52.796386,13.666931,1.84,8.01134,3.75,26.18,53.230509999999995,14.535692,1.84,8.4146591,3.75,26.18,53.668224,15.554179741999999,1.84,8.5725519,3.75,26.18,54.339760999999996,14.728064,1.84,8.5725519,4.4071689,26.18,54.552793,14.635503,1.33,8.5725519,4.8189073,26.18,54.999643,14.570632,0.07,8.5725519,5.2106593,26.18,55.621142,14.482786,0.07,8.5725519,5.6284904,26.18,56.023951999999994,14.45297,0.07,8.5725519,6.0762623,26.18,55.616761999999994,14.519968,0.07,8.5725519,6.5058998,26.18,54.859572,13.737216,0.07,8.5725519,6.9061524,26.18,60.520736,12.742516,0.07,8.5725519,6.9061524,28.1017444,62.281763999999995
20,price,0.9602099321684711,1.2304336270192702,1.3157726897569386,7,optimal,171630.62209235,147200.48872817084,745.3712744365,121.622930616,31.61,4.75,0.0,9.43,17.05,98.854209025,31.5,4.75,0.0,9.43,18.3759503,94.067674434,29.810000000000002,4.75,0.0,11.43,21.8759503,70.6570225,29.21,4.75,0.0,15.201545000000001,30.428473,29.719271,28.67,4.75,0.0,19.333091,38.229984,20.859589,23.689999999999998,4.7530306,0.0,23.404636000000004,42.835189,18.1503677,17.11,4.7530306,0.0,26.036181999999997,42.835189,14.2759781,14.030000000000001,6.5098453,0.0,26.18,43.515339,14.6506863,13.67,6.6810183,0.0,26.18,44.26684,14.01660185,12.92,7.4726747,0.0,26.18,45.016798,14.34658808,10.690000000000001,7.6683789,0.0,26.18,45.762666,14.6750157751,5.59,7.8636773,0.0,26.18,46.506986999999995,15.002509915100001,2.75,8.0579035,0.0,26.18,47.247222,15.3293177471,2.75,8.2517228,0.0,26.18,47.985906,15.6543197941,2.75,8.4444709,0.0,26.18,48.720507999999995,15.9786337101,2.75,8.6368112,0.0,26.18,49.417051,17.215687582,2.75,9.0373115,0.0,24.941544999999998,50.496652,16.763095,1.84,9.0373115,0.0,26.18,50.426652000000004,17.352928,1.84,9.214872,0.0,26.18,50.346652,16.252788646,1.84,6.9702154,1.25,26.18,50.256652,12.263890661999998,1.84,6.9702154,2.5,26.18,49.976652,9.629605,1.33,6.9702154,3.75,26.18,49.951934,10.046822,0.07,6.9702154,3.75,26.18,50.097812000000005,10.446905,0.07,6.9702154,3.75,26.18,50.33513,10.967564,0.07,6.9702154,3.75,26.18,49.762448,11.533489,0.07,6.9671848,3.75,26.18,48.839766,12.067897,0.07,7.0200791,3.75,26.18,48.086164,12.969887,0.07,7.2235324,3.75,26.18,44.787975
21,price,1.1358008248336193,0.7269397452426994,1.138767909722351,3,optimal,184283.1589622,156576.20662792996,805.914857523,121.622930616,31.61,4.75,0.0,9.43,17.05,99.810616725,31.5,4.75,0.0,9.43,17.05,99.73505061600001,29.810000000000002,4.75,0.0,9.43,17.6087829,38.2570178,29.21,8.5637967,0.0,12.847536,21.5944706,30.203711400000003,28.67,8.5637967,0.0,16.625072,25.688814,22.20394828,23.689999999999998,8.5637967,0.0,20.342607,33.090805,17.858473,17.11,8.5637967,0.0,22.620143,40.492797,17.410778,14.030000000000001,8.5637967,0.0,23.700190999999997,42.227203,17.498069,13.67,8.5637967,0.0,24.902731000000003,42.566014,17.546640844000002,12.92,8.5637967,0.0,26.18,43.002894,17.499334517999998,10.690000000000001,8.8798572,0.0,26.18,46.547433,18.428366,5.59,9.2437988,0.0,26.18,46.942411,19.371369,2.75,9.6099387,0.0,26.18,47.339775,20.269763322,2.75,9.7858661,0.0,26.18,48.523663,21.890499402,2.75,9.7858661,0.0,26.18,48.987763,18.396876,2.75,9.7858661,1.25,26.18,48.987763,16.923637,2.75,9.7858661,2.5,24.587536,48.957763,13.815603,1.84,9.7858661,3.75,25.845072000000002,49.137947,14.436073,1.84,9.7858661,3.75,26.18,49.552358999999996,15.263292,1.84,8.5191937,3.75,26.18,49.969142000000005,16.074105,1.84,8.8910936,3.75,26.18,50.536584000000005,16.763202,1.33,9.2669474,3.75,26.18,51.926995000000005,17.457495,0.07,9.6537847,3.75,26.18,53.354583000000005,18.155645,0.07,10.042771,3.75,26.18,54.883119,18.858999,0.07,10.457015,3.75,26.18,56.461332,19.566203,0.07,10.851046,3.75,26.18,58.031337,20.150247,0.07,11.243141,3.75,26.18,60.36562,20.446912,0.07,11.60557,3.75,26.18,64.780238
22,price,1.267635447853529,1.6095078625123933,1.3084162133679573,0,optimal,224159.96186804,188377.4382940209,946.673251318,121.622930616,31.61,4.75,0.0,9.43,17.05,99.469279725,31.5,4.75,0.0,9.6326703,17.05,94.23001283400001,29.810000000000002,4.75,0.0,11.63267,20.55,76.30954300200001,29.21,4.75,0.0,15.389503000000001,29.0547057,58.995803407,28.67,4.75,0.0,19.506335,37.55941,47.147376,23.689999999999998,4.75,0.0,23.563167999999997,42.312507,42.069903,17.11,4.75,0.0,26.18,46.566098,43.943657867000006,14.030000000000001,4.75,0.0,26.18,48.326066,27.065715,13.67,4.75,0.0,26.18,50.104969999999994,29.368584999999996,12.92,4.75,0.0,26.18,51.904195,27.149475,10.690000000000001,5.9909161,0.0,26.18,53.630518,23.654686246,5.59,8.0567669,0.0,26.18,54.035275,19.335710746,2.75,8.0567669,1.25,26.18,54.035275,16.216252297,2.75,8.0567669,2.5,26.18,54.035275,13.540063,2.75,8.0567669,3.75,26.18,54.35046,15.141705041999998,2.75,8.0567669,3.75,26.18,54.902584000000004,16.505676512,2.75,9.4094403,3.75,24.926831999999997,55.459754000000004,16.858458,1.84,9.5609153,3.75,26.18,56.022389000000004,17.986873,1.84,10.084778,3.75,26.18,56.590925999999996,16.377936511999998,1.84,9.4460198,4.9082595,26.18,57.164497,16.228534,1.84,9.4460198,5.4512056,26.18,57.743977,16.10746,1.33,9.4460198,5.9897832,26.18,58.328484,16.002866,0.07,9.4460198,6.5344865,26.18,58.789373999999995,15.978092,0.07,9.4460198,7.0868916,26.18,58.679373999999996,15.416813,0.07,9.4460198,7.6243837,26.18,62.66408,15.429582512,0.07,9.6567125,7.9484943,26.18,66.298784,14.85799,0.07,9.6567125,7.9484943,27.501638,71.027744,13.662271,0.07,9.6567125,7.9484943,30.1184704,72.107201
23,price,0.998220906897271,1.5453686987858797,0.7693397940860084,5,optimal,183499.64324626,153052.2094033768,856.9922451954002,121.622930616,31.61,4.75,0.0,9.43,17.05,100.458996725,31.5,4.75,0.0,11.43,20.55,95.680905134,29.810000000000002,4.75,0.0,13.43,24.05,72.93354160199999,29.21,4.75,0.0,16.10868,29.050708,59.962263682,28.67,4.75,0.0,19.147359,34.051418,47.5896,23.689999999999998,4.75,0.0,22.126039,39.052126,43.569487,17.11,4.75,0.0,23.664718,42.136056999999994,20.81413,14.030000000000001,4.75,0.0,25.203398,44.725049,20.630989,13.67,4.75,0.0,26.18,44.988684,21.678311,12.92,4.75,0.0,26.18,45.868376,19.30658,10.690000000000001,5.843577,0.0,26.18,46.746656,16.323073207,5.59,7.4461724,0.0,26.18,47.626096000000004,15.5585869661,2.75,8.3876954,0.0,26.18,48.504124000000004,15.9475570851,2.75,8.6183809,0.0,26.18,49.383313,16.3385326672,2.75,8.847471,0.0,26.18,50.251490000000004,16.799992821,2.75,9.0324653,0.0,26.18,51.086658,20.32369969,2.75,9.0324653,0.0,23.84868,51.056658,15.970015,1.84,9.0324653,1.25,24.367359,50.986658000000006,13.159833,1.84,9.0324653,2.5,25.016039,50.906658,9.986617,1.84,6.2903507,3.75,26.18,51.159821,10.404122,1.84,6.4985808,3.75,26.18,51.969161,10.73931,1.33,6.7259505,3.75,26.18,53.30718,11.299485,0.07,6.9614574,3.75,26.18,53.185199999999995,11.426588,0.07,6.9614574,4.0143518,26.18,51.783219,11.718316,0.07,6.9614574,4.260896,26.18,49.571238,12.053876,0.07,6.9614574,4.50873,26.18,47.009258,12.057436,0.07,6.9614574,4.8842291,25.71868,46.293925,12.63747,0.07,7.3261864,4.8842291,25.257359,47.794634
24,price,1.2325099338657846,0.7689897148278451,1.2603902507148446,4,optimal,197642.09786461,167170.07040074954,854.3643961290002,121.622930616,31.61,4.75,0.0,9.43,17.05,99.810616725,31.5,4.75,0.0,9.43,17.05,100.315977616,29.810000000000002,4.75,0.0,9.43,17.05,37.9245942,29.21,8.706382,0.0,13.090781,21.4613659,29.835863099999997,28.67,8.706382,0.0,17.111561,25.977998,21.80279857,23.689999999999998,8.706382,0.0,21.072342,34.170535,17.476898,17.11,8.706382,0.0,23.410607,42.363072,17.72393,14.030000000000001,8.706382,0.0,24.568519000000002,43.043009,16.917524,13.67,8.706382,0.0,26.18,46.221204,16.740643,12.92,9.0733424,0.0,26.18,51.117262,17.61149,10.690000000000001,9.5191468,0.0,26.18,52.569398,18.784298,5.59,9.974513,0.0,26.18,53.063597,19.967428,2.75,10.433887,0.0,26.18,53.562145,21.162799,2.75,10.898013,0.0,26.18,54.065850999999995,22.368474,2.75,11.36614,0.0,26.18,54.573899999999995,23.703238302,2.75,11.469062,0.0,26.18,55.934391,21.962386,2.75,11.469062,1.25,24.830781,55.904391000000004,18.722766,1.84,11.469062,2.5,26.18,55.895909,16.796139,1.84,11.469062,3.75,26.18,56.423381,17.851634,1.84,10.0468,3.75,26.18,56.955178000000004,18.917414,1.84,10.541585,3.75,26.18,57.492157,19.90023,1.33,11.014795,3.75,26.18,58.654966,20.791902,0.07,11.511605,3.75,26.18,60.528801,21.690609,0.07,12.022896,3.75,26.18,62.465002999999996,22.597794,0.07,12.540147,3.75,26.18,64.45798500000001,23.512002,0.07,13.049513,3.75,26.18,66.449646,24.021101,0.07,13.548788,3.75,26.18,71.29867,23.830916,0.07,13.676127,3.75,27.041620700000003,75.710035
25,price,1.0500587985986567,1.0484119832126608,1.1530696282221928,1,optimal,181890.49884111,158450.25852988343,727.5296481179998,121.622930616,31.61,4.75,0.0,9.43,17.05,99.810616725,31.5,4.75,0.0,9.43,17.05,94.523140134,29.810000000000002,4.75,0.0,11.43,20.55,41.822233999999995,29.21,5.7038719,0.0,14.876139,28.0449527,25.7027738,28.67,6.8373172,0.0,18.682279,35.539905000000005,18.3643021,23.689999999999998,6.9717045,0.0,22.428418,39.749363,16.0455272,17.11,6.9717045,0.0,24.734557000000002,41.98386,14.72732132,14.030000000000001,7.460027,0.0,26.18,42.441152,15.41979248,13.67,7.7397368,0.0,26.18,42.744715,16.30655,12.92,7.9030424,0.0,26.18,43.049677,17.4609002,10.690000000000001,7.9030424,0.0,26.18,43.355284999999995,18.384895407,5.59,7.9030424,0.0,26.18,44.357653,19.615071136,2.75,7.9030424,0.0,26.18,44.357653,15.201971,2.75,7.9030424,1.25,26.18,44.357653,12.52906,2.75,7.9030424,2.5,26.18,44.357653,10.172989,2.75,7.9030424,3.75,26.18,44.668756,11.735113,2.75,7.9030424,3.75,24.616138999999997,44.9805,11.580033,1.84,7.9030424,3.75,25.902279,45.293267,12.03606,1.84,7.9030424,3.75,26.18,45.607439,12.66089,1.84,7.1540875,3.75,26.18,45.922252,13.288512,1.84,7.4454592,3.75,26.18,46.238471,13.881808,1.33,7.7138171,3.75,26.18,46.786378,14.403323,0.07,8.00323,3.75,26.18,47.815587,15.021556,0.07,8.2965607,3.75,26.18,48.271807,15.544194,0.07,8.6101167,3.75,26.18,49.454708,16.067868,0.07,8.9018904,3.75,26.18,50.623298,16.525039,0.07,9.1922144,3.75,26.18,52.125814,17.075177,0.07,9.4646268,3.75,26.18,53.07187999999999
26,price,0.9714287512697488,1.135881778438685,0.6046596760863847,5,optimal,173048.60846027,149503.63141953095,731.1815871714996,121.622930616,31.61,4.75,0.0,9.43,17.05,100.458996725,31.5,4.75,0.0,11.43,20.55,95.680905134,29.810000000000002,4.75,0.0,13.43,24.05,44.834019,29.21,4.75,0.0,15.779319000000001,27.980288,36.015995,28.67,4.75,0.0,18.488639,31.910576,22.9092783,23.689999999999998,6.220724,0.0,21.137957999999998,35.840864,17.9620117,17.11,7.2236716,0.0,22.347277,39.771151,16.7635042,14.030000000000001,7.2236716,0.0,23.556597000000004,41.887460000000004,14.94610925,13.67,7.5994073,0.0,24.765915999999997,44.397372000000004,14.21787806,12.92,7.5994073,0.0,25.975234999999998,45.397064,14.47507576,10.690000000000001,7.744581,0.0,26.18,46.053087000000005,14.8211474951,5.59,7.9503434,0.0,26.18,46.837289,15.1666342251,2.75,8.1552405,0.0,26.18,47.596089,15.5117887091,2.75,8.3599408,0.0,26.18,48.337393000000006,16.0364109411,2.75,8.5667564,0.0,26.18,48.521330000000006,16.6205104771,2.75,8.7743595,0.0,26.18,48.521330000000006,20.290874967,2.75,8.8391036,0.0,23.519319000000003,48.491330000000005,15.876127,1.84,8.8391036,1.25,23.708638999999998,48.42133,13.186667,1.84,8.8391036,2.5,24.027957999999998,48.412529,9.960969711999999,1.84,6.1589145,3.75,25.187277,48.633828,9.5916397,1.84,6.1589145,3.75,26.18,50.161683,9.9324452,1.33,6.2439006,3.75,26.18,51.005662,10.497049,0.07,6.4510036,3.75,26.18,50.389641,11.256276,0.07,6.6864515,3.75,26.18,48.49362,12.136578,0.07,6.9035766,3.75,26.18,45.787599,12.759425,0.07,7.1109105,3.75,26.18,44.847887,13.619768,0.07,7.5465938,3.75,25.389319,45.278175000000005,14.030572,0.07,7.7932962,3.9387747,24.598639,45.708462999999995
27,price,1.068475525691582,0.8165133603780569,1.1065279568292463,2,optimal,178438.82349885,154231.67883129124,740.0378458801001,121.622930616,31.61,4.75,0.0,9.43,17.05,99.810616725,31.5,4.75,0.0,9.43,17.05,95.350735725,29.810000000000002,4.75,0.0,11.03472,19.923955,33.4031976,29.21,7.9708544,0.0,14.387776,27.1163868,25.084425,28.67,7.9708544,0.0,18.100832,32.590685,19.04798744,23.689999999999998,7.9708544,0.0,21.753888000000003,36.463533,16.305743,17.11,7.9708544,0.0,23.966943999999998,39.888014,14.836256,14.030000000000001,7.9708544,0.0,26.18,42.291978,15.645389246,13.67,7.9708544,0.0,26.18,42.613305,16.4576448,12.92,8.1316246,0.0,26.18,42.936409,17.197021015,10.690000000000001,8.4302805,0.0,26.18,43.260534,17.9292007391,5.59,8.7304049,0.0,26.18,43.618238,18.895166807000003,2.75,8.7304049,0.0,26.18,44.742323,20.263167167000002,2.75,8.7304049,0.0,26.18,44.991207,16.407858,2.75,8.7304049,1.25,26.18,44.991207,13.598758,2.75,8.7304049,2.5,26.18,44.991207,12.333864,2.75,8.7304049,3.75,24.523055999999997,45.004757999999995,12.276914,1.84,8.7304049,3.75,25.716112000000003,45.338674999999995,12.663372,1.84,8.7304049,3.75,26.18,45.674378000000004,13.331673,1.84,7.4512038,3.75,26.18,46.011093,14.003523,1.84,7.7631082,3.75,26.18,46.349596,14.579319,1.33,8.0501609,3.75,26.18,47.325636,15.136205,0.07,8.3604391,3.75,26.18,48.462383,15.694734,0.07,8.6716332,3.75,26.18,49.695277000000004,16.256189,0.07,9.0068163,3.75,26.18,50.972904,16.819283,0.07,9.320554,3.75,26.18,52.237531000000004,17.287038,0.07,9.6321559,3.75,26.18,54.012,17.799634,0.07,9.9244932,3.75,26.18,55.590244999999996
28,price,1.0521697079546128,1.4978233318838627,1.1230928088547154,1,optimal,190434.42076527,160652.1882826324,841.0647546990002,121.622930616,31.61,4.75,0.0,9.43,17.05,97.73995262500002,31.5,4.75,0.0,11.115258,17.9762027,92.920432534,29.810000000000002,4.75,0.0,13.115258,21.4762027,71.098709302,29.21,4.75,0.0,16.501443,28.7763056,55.769712132,28.67,4.75,0.0,20.247629,36.076409,44.044513,23.689999999999998,4.75,0.0,23.933813999999998,40.007234,38.45038,17.11,4.75,0.0,26.18,43.938058999999996,20.590131,14.030000000000001,4.75,0.0,26.18,44.954366,21.850721,13.67,4.75,0.0,26.18,46.013192000000004,19.494588999999998,12.92,5.9092752,0.0,26.18,47.077016,18.2621729,10.690000000000001,6.8755529,0.0,26.18,48.090135000000004,19.552795546000002,5.59,6.8755529,0.0,26.18,48.627086,20.279071846,2.75,6.8755529,0.0,26.18,48.627086,15.869175746,2.75,6.8755529,1.25,26.18,48.627086,12.036601051999998,2.75,6.8755529,2.5,26.18,48.627086,9.6516024,2.75,6.8755529,3.75,26.18,48.709477,11.254619,2.75,6.8755529,3.75,24.556185999999997,49.023602,11.140516,1.84,6.8755529,3.75,25.782370999999998,49.338792999999995,11.529109,1.84,6.8755529,3.75,26.18,49.655434,12.158921,1.84,7.1679411,3.75,26.18,49.972756000000004,12.791613,1.84,7.4616663,3.75,26.18,50.291529999999995,13.409483,1.33,7.7452943,3.75,26.18,50.71597,13.9505,0.07,8.0254381,3.75,26.18,51.655248,14.689618,0.07,8.325274,3.75,26.18,51.314527,14.88492,0.07,8.3720497,4.0310094,26.18,50.163804999999996,15.065901,0.07,8.3720497,4.33873,26.18,48.663083,15.202936,0.07,8.6535976,4.33873,26.18,52.404503,15.753128,0.07,8.9284459,4.33873,26.18,53.392617
29,price,1.2469282022568797,1.3953486292501838,1.2482194816850392,3,optimal,216697.05790543,181142.16053231913,942.7132824039999,121.622930616,31.61,4.75,0.0,9.43,17.05,98.41689342500001,31.5,4.75,0.0,10.114244,17.3845632,93.418577634,29.810000000000002,4.75,0.0,12.114244,20.884563200000002,73.09352970200001,29.21,4.75,0.0,15.750683,28.9979894,58.124536717,28.67,4.75,0.0,19.747122,37.111417,46.804314,23.689999999999998,4.75,0.0,23.683560999999997,41.941032,22.208189,17.11,4.75,0.0,26.18,46.309799999999996,22.508468999999998,14.030000000000001,5.297232,0.0,26.18,48.002029,20.9940085,13.67,6.4332367,0.0,26.18,49.711731,18.2274605,12.92,8.3149479,0.0,26.18,51.440281,17.878763579999998,10.690000000000001,9.462869,0.0,26.18,53.184939,18.805909902,5.59,9.8340488,0.0,26.18,54.948471999999995,19.743237981999997,2.75,10.208614,0.0,26.18,56.726007,20.937073497,2.75,10.421696,0.0,26.18,58.434962,22.949954077,2.75,10.421696,0.0,26.18,58.434962,19.852164272,2.75,10.421696,1.25,26.18,58.434962,18.483841,2.75,10.421696,2.5,24.806438999999997,58.573111,15.75122,1.84,10.421696,3.75,26.18,59.111966,16.831586,1.84,10.421696,3.75,26.18,59.656294,17.921114,1.84,10.263507,3.75,26.18,60.205239000000006,19.02152,1.84,10.774367,3.75,26.18,60.759664,20.131074,1.33,11.289473,3.75,26.18,61.318698,21.225703,0.07,11.787118,3.75,26.18,62.046598,22.217634,0.07,12.328334,3.75,26.18,63.608436999999995,23.155207,0.07,12.850719,3.75,26.18,65.670099,24.100277,0.07,13.377281,3.75,26.18,67.731466,24.693247,0.07,13.895851,3.75,26.18,72.276354,23.594847,0.07,13.348619,3.75,28.6560876,73.145123
30,price,1.0367178895760452,1.2980362186353012,0.7570375080918027,6,optimal,184878.96379215,155825.69383988593,832.2785707651999,121.622930616,31.61,4.75,0.0,9.43,17.05,100.458996725,31.5,4.75,0.0,11.43,20.55,95.680905134,29.810000000000002,4.75,0.0,13.43,24.05,71.5210252,29.21,4.75,0.0,16.084075,28.970744000000003,60.78903469,28.67,4.75,0.0,19.09815,33.891488,26.113965999999998,23.689999999999998,4.75,0.0,22.052225,38.812232,23.662706,17.11,4.75,0.0,23.5663,42.42839,18.917065700000002,14.030000000000001,5.6693589,0.0,25.080374999999997,45.078021,15.375130200000001,13.67,7.011956,0.0,26.18,45.719756000000004,14.77492747,12.92,7.9224133,0.0,26.18,46.730841,15.222825910000001,10.690000000000001,8.1880476,0.0,26.18,47.743226,15.671576934099999,5.59,8.4547059,0.0,26.18,48.759515,16.1217754471,2.75,8.721704,0.0,26.18,49.777097999999995,16.590571,2.75,8.9897272,0.0,26.18,50.798587,17.072226,2.75,9.2580892,0.0,26.18,51.821369000000004,17.555722,2.75,9.5274773,0.0,26.18,52.796935,19.813345,2.75,10.505952,0.0,23.824075,53.407115000000005,20.393802032,1.84,10.505952,0.0,24.318150000000003,53.337115,17.167332,1.84,10.505952,1.25,24.942225,53.257115,14.830241706999999,1.84,7.4228126,2.5,26.18,53.167114999999995,11.577332,1.84,7.4228126,3.75,26.18,54.409019,12.019493,1.33,7.4228126,3.75,26.18,55.710131000000004,12.688347,0.07,7.7031471,3.75,26.18,55.551244,13.554635,0.07,8.0130452,3.75,26.18,54.112356000000005,14.544896,0.07,8.305876,3.75,26.18,51.863469,15.52355,0.07,8.5986144,3.75,26.18,49.684509,16.239262,0.07,9.0183627,3.75,25.694074999999998,51.105254,16.77495,0.07,9.3502374,3.75,25.410253700000002,52.525997000000004
31,price,0.9972861857225309,0.982554213949813,0.6585520579127727,8,optimal,172286.82650031,148067.11013486542,740.1059919620602,121.622930616,31.61,4.75,0.0,9.43,17.05,100.62389572500001,31.5,4.75,0.0,10.747104,20.415717100000002,95.845804134,29.810000000000002,4.75,0.0,12.747104,23.915717100000002,32.204195999999996,29.21,7.6293605,0.0,15.204208000000001,28.196305,25.539006299999997,28.67,7.6496912,0.0,18.021311999999998,32.476894,19.7424964,23.689999999999998,7.6496912,0.0,20.778416,36.757483,17.5943552,17.11,7.6496912,0.0,22.095520999999998,40.446525,16.04570592,14.030000000000001,7.894031,0.0,23.412625,42.751457,14.808868612000001,13.67,7.894031,0.0,24.729729,45.309049,14.352673679,12.92,7.894031,0.0,26.046833,45.931281,14.77121843,10.690000000000001,7.9202137,0.0,26.18,46.722459,15.1579555551,5.59,8.1500936,0.0,26.18,47.598576,15.5449132631,2.75,8.3795855,0.0,26.18,48.473216,15.9323542151,2.75,8.6093645,0.0,26.18,49.34895,16.31994370576,2.75,8.8387557,0.0,26.18,50.223205,16.731833,2.75,9.0684338,0.0,26.18,51.098554,18.629042,2.75,10.05848,0.0,23.627104000000003,52.879827000000006,19.122973,1.84,10.203429,0.0,23.924208,52.809827,19.529671,1.84,10.309723,0.0,24.351312,52.729827,20.402016207000003,1.84,9.1928635,0.0,25.618416000000003,52.639827,16.261632,1.84,9.1928635,1.25,26.18,52.359827,13.672025,1.33,9.1928635,2.5,26.18,53.365483,11.307362,0.07,9.1928635,3.75,26.18,52.911139,12.111974,0.07,7.2099383,3.75,26.18,51.176795999999996,13.038808,0.07,7.4571504,3.75,26.18,48.632452,13.914709,0.07,7.7022218,3.75,26.18,46.420693,14.300593,0.07,7.9301448,3.75,26.18,47.335564,14.977036,0.07,8.3044993,3.8094006,25.497104,48.116152
32,price,1.0031212475986946,1.5394413857984586,1.1583148565464652,6,optimal,183276.15510806,153872.14016161274,837.9788640158,121.622930616,31.61,4.75,0.0,9.43,17.05,100.74337872500001,31.5,4.75,0.0,10.833481,20.55,95.965286134,29.810000000000002,4.75,0.0,12.833481,24.05,69.371274102,29.21,4.75,0.0,16.290111,31.579047000000003,51.563921008,28.67,4.75,0.0,20.106741,39.108093,40.428262,23.689999999999998,4.75,0.0,23.863370000000003,43.162195,37.626434,17.11,4.75,0.0,26.18,43.30188,19.676344,14.030000000000001,4.75,0.0,26.18,44.186834000000005,20.741781000000003,13.67,4.75,0.0,26.18,45.081742,21.809015000000002,12.92,4.75,0.0,26.18,45.97816,15.9504082,10.690000000000001,7.2747524,0.0,26.18,46.873511,16.395010207,5.59,7.4790346,0.0,26.18,47.770371,15.6302761811,2.75,8.4302119,0.0,26.18,48.666163,16.0272605471,2.75,8.6656502,0.0,26.18,49.563466,16.441662982599997,2.75,8.8892736,0.0,26.18,50.459699,16.861711512,2.75,9.1273625,0.0,26.18,51.357444,18.405952872,2.75,9.521247,0.0,24.62663,53.132397,18.013522022,1.84,9.521247,0.0,25.923259,53.062397000000004,15.293722,1.84,9.521247,1.25,26.18,52.982397,13.694222907,1.84,6.8413588,2.5,26.18,52.892397,10.512447,1.84,6.8413588,3.75,26.18,52.612397,11.026736,1.33,6.8413588,3.75,26.18,52.871515,11.491285,0.07,7.056392,3.75,26.18,53.45537,12.08079,0.07,7.3202424,3.75,26.18,53.220314,12.207257,0.07,7.3202424,3.9961371,26.18,52.175259,12.37755,0.07,7.3202424,4.2436552,26.18,50.780203,12.561957,0.07,7.3202424,4.4917697,26.18,49.108806,13.458466,0.07,7.5506227,4.4917697,26.18,46.693909000000005
33,price,1.0504954005712377,1.1630135340792092,1.1319873970895684,1,optimal,184420.80622232,160209.57113411624,742.1913336740001,121.622930616,31.61,4.75,0.0,9.43,17.05,99.334312725,31.5,4.75,0.0,9.43,17.710340600000002,94.296312134,29.810000000000002,4.75,0.0,11.43,21.210340600000002,46.715391999999994,29.21,4.75,0.0,14.833975,28.5682585,33.806154,28.67,4.75,0.0,18.59795,35.926176,25.320869000000002,23.689999999999998,4.75,0.0,22.301924,39.888132,18.9575114,17.11,5.6301785,0.0,24.565899,43.850088,14.980432200000001,14.030000000000001,6.8316515,0.0,26.18,44.915684,14.44335844,13.67,7.7257703,0.0,26.18,45.916468,15.22322154,12.92,7.8635043,0.0,26.18,46.669508,16.4818085,10.690000000000001,7.8635043,0.0,26.18,46.669508,17.743607307,5.59,7.8635043,0.0,26.18,46.669508,18.980261096,2.75,7.8635043,0.0,26.18,46.669508,14.551806616,2.75,7.8635043,1.25,26.18,46.669508,12.208711,2.75,7.8635043,2.5,26.18,46.669508,9.8536001,2.75,7.8635043,3.75,26.18,46.981094999999996,11.442137,2.75,7.8635043,3.75,24.573974999999997,47.293331,11.313487,1.84,7.8635043,3.75,25.817950000000003,47.6066,11.719657,1.84,7.8635043,3.75,26.18,47.921283,12.345517,1.84,7.1495699,3.75,26.18,48.236614,12.974188,1.84,7.4414284,3.75,26.18,48.553362,13.596842,1.33,7.7290415,3.75,26.18,48.918152000000006,14.129269,0.07,8.0015276,3.75,26.18,49.884114,14.859725,0.07,8.2992477,3.75,26.18,49.570076,15.561073,0.07,8.6195212,3.75,26.18,49.51878,16.085682,0.07,8.9118156,3.75,26.18,50.694159,16.551116,0.07,9.2029236,3.75,26.18,52.114604,17.092352,0.07,9.4755288,3.75,26.18,53.131584000000004
34,price,1.0823715852174995,1.3451701595080845,1.271747682887154,6,optimal,191313.82216165,161309.32626179306,846.5039414243997,121.622930616,31.61,4.75,0.0,9.43,17.05,99.65868072500001,31.5,4.75,0.0,9.43,17.2606409,94.450784134,29.810000000000002,4.75,0.0,11.43,20.7606409,73.136441102,29.21,4.75,0.0,15.113495,29.027000800000003,56.79135686,28.67,4.75,0.0,19.156991,37.293361,23.651389,23.689999999999998,4.75,0.0,23.140486000000003,41.744478,20.403236,17.11,4.75,0.0,25.683981000000003,44.565169,21.152801,14.030000000000001,4.75,0.0,26.18,45.426976999999994,15.8074185,13.67,7.2094325,0.0,26.18,46.586737,16.3892531,12.92,7.4752243,0.0,26.18,47.753643,15.745692947,10.690000000000001,8.4981434,0.0,26.18,48.925064,16.2664425874,5.59,8.8073834,0.0,26.18,50.103639,16.828406512,2.75,9.108806,0.0,26.18,51.286722,17.380964,2.75,9.4301079,0.0,26.18,52.476966,17.943601,2.75,9.7435901,0.0,26.18,53.671709,18.509614,2.75,10.058954,0.0,26.18,54.813773,20.192756252,2.75,10.69274,0.0,24.853495000000002,55.661865,20.148309512,1.84,10.69274,0.0,26.18,55.591865,17.674334,1.84,10.69274,1.25,26.18,55.511865,15.966851577,1.84,8.2858073,2.5,26.18,55.421865,13.237458,1.84,8.2858073,3.75,26.18,55.546132,13.94524,1.33,8.2858073,3.75,26.18,55.902738,14.630149,0.07,8.5930059,3.75,26.18,56.432473,15.382667,0.07,8.9400267,3.75,26.18,56.537716,16.261183,0.07,9.2875655,3.75,26.18,55.832959,17.190218,0.07,9.6296086,3.75,26.18,54.778202,17.789502,0.07,9.9615772,3.75,26.18,55.941166,18.346261,0.07,10.271478,3.75,26.18,57.490437
35,price,1.0460029054034237,1.1932359402789328,0.8941596557520053,6,optimal,183658.9350473,156485.84198428201,797.3472806515,121.622930616,31.61,4.75,0.0,9.43,17.05,100.588476725,31.5,4.75,0.0,11.158403,20.55,95.810385134,29.810000000000002,4.75,0.0,13.158403,24.05,70.5034417,29.21,4.75,0.0,16.086723,29.862038,32.483044,28.67,4.75,0.0,19.375042,35.674076,24.887155,23.689999999999998,4.75,0.0,22.603361,39.623203000000004,19.330671,17.11,5.6900355,0.0,24.391681,42.752762000000004,14.945379599999999,14.030000000000001,6.8156388,0.0,26.18,44.857865000000004,14.40561382,13.67,7.7033852,0.0,26.18,45.896080999999995,14.86695753,12.92,7.9769937,0.0,26.18,46.938857999999996,15.329165968,10.690000000000001,8.2511147,0.0,26.18,47.983588,15.7925201251,5.59,8.5264332,0.0,26.18,49.032881,16.2577101314,2.75,8.802263,0.0,26.18,50.084124,16.751321,2.75,9.0792915,0.0,26.18,51.139935,17.249446,2.75,9.3568301,0.0,26.18,52.154725,17.749724,2.75,9.6355686,0.0,26.18,53.164153,20.050036,2.75,10.544918,0.0,24.098319000000004,53.134153,20.408842104999998,1.84,10.544918,0.0,24.866639,53.064153000000005,17.032074,1.84,10.544918,1.25,25.764958,52.984153000000006,14.830548197,1.84,7.8902625,2.5,26.18,52.894153,12.129386,1.84,7.8902625,3.75,26.18,53.205465000000004,12.628781,1.33,7.8902625,3.75,26.18,54.293635,13.259103,0.07,7.8902625,3.75,26.18,54.546114,14.08726,0.07,8.2088862,3.75,26.18,53.518592999999996,15.039801,0.07,8.5106213,3.75,26.18,51.681072,15.902385,0.07,8.8096887,3.75,26.18,50.463148000000004,16.41891,0.07,9.0974793,3.75,26.18,51.381896999999995,16.986212,0.07,9.424862,3.75,25.968319,52.915912
36,price,0.9438938656026787,0.9235656984961362,0.8270451911553048,1,optimal,165441.14303805,145190.9757231905,670.4889196809999,121.622930616,31.61,4.75,0.0,9.43,17.05,99.39569972500001,31.5,4.75,0.0,9.6763583,17.05,94.166825734,29.810000000000002,4.75,0.0,11.676358,20.55,35.242339,29.21,7.5476906,0.0,14.470449,25.925794200000002,26.512537799999997,28.67,7.5476906,0.0,17.624539,31.301586999999998,19.3158928,23.689999999999998,7.5476906,0.0,20.718629,36.677382,17.279807599999998,17.11,7.5476906,0.0,22.37272,38.7709,16.167271630000002,14.030000000000001,7.5476906,0.0,24.026809999999998,38.7709,15.335707632,13.67,7.5476906,0.0,25.680901,38.7709,15.5537715,12.92,7.5476906,0.0,26.18,38.798969,16.13057315,10.690000000000001,7.5476906,0.0,26.18,39.063926,16.714315927,5.59,7.5476906,0.0,26.18,39.745024,17.604755267,2.75,7.5476906,0.0,26.18,39.745024,13.575687,2.75,7.5476906,1.25,26.18,39.745024,10.545025,2.75,7.5476906,2.5,26.18,39.745024,7.9853448,2.75,7.5476906,3.75,26.18,39.745024,9.7031271,2.75,7.5476906,3.75,23.96409,39.937014,9.699402,1.84,7.5476906,3.75,24.598180999999997,40.127859,9.6156927,1.84,7.5476906,3.75,25.362271,40.317917,9.4966396,1.84,5.4658512,3.75,26.18,40.506469,9.8612511,1.84,5.6335191,3.75,26.18,40.746523,10.026834,1.33,5.7807211,3.75,26.18,42.257659,10.414995,0.07,5.9523163,3.75,26.18,42.308794,10.996593,0.07,6.1517424,3.75,26.18,41.079930000000004,11.439835,0.07,6.3233049,3.75,26.18,40.843326000000005,11.809485,0.07,6.4896825,3.75,26.18,41.34912,11.775029,0.07,6.6436575,3.75,26.18,43.830255,12.501551,0.07,6.8963051,3.75,25.834090000000003,42.785026
37,price,1.0252191435279752,1.3343696878782474,1.3773519804958037,2,optimal,183485.83137635,157203.18570053417,782.8991853130001,121.622930616,31.61,4.75,0.0,9.43,17.05,99.810616725,31.5,4.75,0.0,9.43,17.05,94.523140134,29.810000000000002,4.75,0.0,11.43,20.55,71.90341100200001,29.21,4.75,0.0,15.324704,29.5027879,54.36902016,28.67,4.75,0.0,19.579408,37.908304,21.310049,23.689999999999998,4.75,0.0,23.774112000000002,42.729036,18.936799200000003,17.11,4.75,0.0,26.18,43.523605,20.0880339,14.030000000000001,4.75,0.0,26.18,44.511586,15.2662499,13.67,6.9622178,0.0,26.18,45.50139,15.750822,12.92,7.1835784,0.0,26.18,46.44587,15.488691529999999,10.690000000000001,7.8650899,0.0,26.18,47.369780000000006,16.508020407,5.59,7.8650899,0.0,26.18,47.775023000000004,17.556408607,2.75,7.8650899,0.0,26.18,47.775023000000004,18.803968346,2.75,7.8650899,0.0,26.18,47.775023000000004,14.428773785999999,2.75,7.8650899,1.25,26.18,47.775023000000004,12.022107,2.75,7.8650899,2.5,26.18,47.775023000000004,10.320083,2.75,7.8650899,3.75,25.064704,47.827698,10.211444,1.84,7.8650899,3.75,26.18,48.111939,10.777368,1.84,7.8650899,3.75,26.18,48.397072,11.343565,1.84,6.7389508,3.75,26.18,48.682343,11.911535,1.84,7.002629,3.75,26.18,48.968507,12.479777,1.33,7.2664335,3.75,26.18,49.254808,13.05839,0.07,7.5313619,3.75,26.18,49.482004,13.606737,0.07,7.7729905,3.75,26.18,49.90406,14.278545,0.07,8.0644098,3.75,26.18,49.516116,14.998415,0.07,8.3352622,3.75,26.18,48.778172,15.525738,0.07,8.5774741,3.75,26.18,49.365851,15.998546,0.07,8.8409067,3.75,26.18,50.369845
38,price,1.209865653969493,1.5702473429900858,1.207414800431664,6,optimal,214561.9032952,176543.66477209813,981.5660785920002,121.622930616,31.61,4.75,0.0,9.43,17.05,97.78190632500001,31.5,4.75,0.0,10.440682,17.629496500000002,92.935757134,29.810000000000002,4.75,0.0,12.440682,21.129496500000002,74.698108902,29.21,4.75,0.0,15.995511,28.977692400000002,58.166384277,28.67,4.75,0.0,19.910341,36.825889000000004,46.158752,23.689999999999998,4.75,0.0,23.765169999999998,41.625117,41.099451,17.11,4.75,0.0,26.18,45.851068999999995,43.064050852,14.030000000000001,4.75,0.0,26.18,47.422059000000004,25.661549,13.67,4.75,0.0,26.18,49.007898999999995,27.712053,12.92,4.75,0.0,26.18,50.609952,22.4245984,10.690000000000001,6.9331463,0.0,26.18,52.225502,19.430027807000002,5.59,8.865481,0.0,26.18,53.857287,19.111481757,2.75,9.9416678,0.0,26.18,55.502547,19.972867392,2.75,10.300376,0.0,26.18,57.164063,20.855078561999996,2.75,10.652915,0.0,26.18,58.839034,21.181445512,2.75,11.534174,0.0,26.18,60.530283,23.401972152,2.75,11.74901,0.0,24.724829999999997,63.02005200000001,23.675509492,1.84,11.74901,0.0,26.119659,62.950052,21.027598,1.84,11.74901,1.25,26.18,62.870052,19.752433412,1.84,10.122505,2.5,26.18,62.780052000000005,17.221201,1.84,10.122505,3.75,26.18,63.058583,18.240264,1.33,10.595602,3.75,26.18,63.572025000000004,18.090767,0.07,10.595602,4.2014571,26.18,64.761008,18.067688,0.07,10.595602,4.6856922,26.18,64.673253,18.102565,0.07,10.595602,5.200909,26.18,63.775497,18.198016,0.07,10.595602,5.697624,26.18,62.803036,17.520759,0.07,10.595602,6.1689134,26.18,67.60315,16.390863,0.07,10.595602,6.1689134,28.5948296,68.329102
39,price,1.2670769028683653,1.4585931709917892,1.0002851445894967,5,optimal,221323.8129683,183974.32775547495,976.6824706589999,121.622930616,31.61,4.75,0.0,9.43,17.05,100.458996725,31.5,4.75,0.0,11.43,20.55,95.680905134,29.810000000000002,4.75,0.0,13.43,24.05,70.178757502,29.21,4.75,0.0,16.57057,30.551853,57.977046437,28.67,4.75,0.0,20.071141,37.053707,46.229138,23.689999999999998,4.75,0.0,23.511711,43.41536,23.443722,17.11,4.75,0.0,25.512281,46.916358,24.777666,14.030000000000001,4.75,0.0,26.18,48.292276,24.717008,13.67,5.3876329,0.0,26.18,50.094362000000004,22.2346202,12.92,6.8667601,0.0,26.18,51.891682,19.357443099999998,10.690000000000001,8.8311422,0.0,26.18,53.706529,19.118357242,5.59,9.9589054,0.0,26.18,55.541686,20.094155882,2.75,10.348844,0.0,26.18,57.394341999999995,21.080665512,2.75,10.743062,0.0,26.18,59.267336,21.476961512,2.75,11.698825,0.0,26.18,61.157802000000004,22.368862,2.75,12.209198,0.0,26.18,63.068632,25.764988797,2.75,12.256498,0.0,24.31057,64.257166,22.151552,1.84,12.256498,1.25,25.291141000000003,64.187166,19.804531,1.84,12.256498,2.5,26.18,64.524,17.968081,1.84,10.564593,3.75,26.18,65.096907,19.116874,1.84,11.097916,3.75,26.18,65.675711,20.275621,1.33,11.635861,3.75,26.18,66.259531,21.463579,0.07,12.179857,3.75,26.18,66.731525,22.34208,0.07,12.71732,3.75,26.18,69.52337800000001,23.354776,0.07,13.264506,3.75,26.18,71.505232,24.425937,0.07,13.817992,3.75,26.18,73.137085,24.84185,0.07,14.13116,3.75,26.7237,75.735517,24.355365,0.07,14.13116,3.75,28.7242703,75.736515
40,price,0.9308335234002155,1.2372941497940761,0.7702647962722674,2,optimal,169554.4833088,147196.50793990705,715.0524920549998,121.622930616,31.61,4.75,0.0,9.43,17.05,100.574152725,31.5,4.75,0.0,11.18845,20.55,95.796060134,29.810000000000002,4.75,0.0,13.18845,24.05,71.16294509999999,29.21,4.75,0.0,15.86898,29.056721,33.115479,28.67,4.75,0.0,18.909509,34.063443,24.457693,23.689999999999998,4.75,0.0,21.890039,39.070163,20.9939535,17.11,4.9790893,0.0,23.430569,42.033218,17.9908114,14.030000000000001,5.3554845,0.0,24.971097999999998,43.70897,14.3725257,13.67,6.5539497,0.0,26.18,43.70897,13.96411756,12.92,7.1529855,0.0,26.18,44.326312,14.5652329,10.690000000000001,7.1529855,0.0,26.18,44.811764,15.322153407,5.59,7.1529855,0.0,26.18,44.811764,15.986503637000002,2.75,7.1529855,0.0,26.18,44.811764,16.788998076,2.75,7.1529855,0.0,26.18,44.811764,12.467136,2.75,7.1529855,1.25,26.18,44.811764,9.8765122,2.75,7.1529855,2.5,26.18,44.811764,8.6680347,2.75,7.1529855,3.75,23.85053,44.937004,8.703045,1.84,7.1529855,3.75,24.371059000000002,45.11285,8.6575355,1.84,7.1529855,3.75,25.021589,45.287639,8.3021411,1.84,5.2300633,3.75,26.18,45.460659,8.6434436,1.84,5.3885118,3.75,26.18,45.63262,8.8009055,1.33,5.5166793,3.75,26.18,46.973414000000005,9.180367,0.07,5.6740495,3.75,26.18,46.854209,9.7527027,0.07,5.8590069,3.75,26.18,45.455003,10.444311,0.07,6.0248608,3.75,26.18,43.245798,11.179922,0.07,6.1907484,3.75,26.18,40.686592,11.581363,0.07,6.4045584,3.75,25.962079000000003,41.063523,12.081516,0.07,6.6812363,3.75,25.502609,41.752595
41,price,1.1024259690117493,1.563593821856655,0.8360051542444156,1,optimal,199398.76722176,166520.3261377357,900.1812099430001,121.622930616,31.61,4.75,0.0,9.43,17.05,100.571525725,31.5,4.75,0.0,11.193959,20.55,95.793434134,29.810000000000002,4.75,0.0,13.193959,24.05,73.370113102,29.21,4.75,0.0,16.005969,29.484032999999997,60.220831667,28.67,4.75,0.0,19.177979,34.918067,48.056607,23.689999999999998,4.75,0.0,22.289990000000003,40.3521,44.612724,17.11,4.75,0.0,23.962000000000003,43.540009999999995,41.757073,14.030000000000001,4.75,0.0,25.634010000000004,46.084568000000004,23.050094,13.67,4.75,0.0,26.18,46.967577000000006,24.631251,12.92,4.75,0.0,26.18,48.20293,20.8417629,10.690000000000001,6.3800356,0.0,26.18,49.424105999999995,19.437062746,5.59,7.494758,0.0,26.18,50.611731,20.555748046,2.75,7.494758,0.0,26.18,50.611731,16.355200007,2.75,7.494758,1.25,26.18,50.611731,12.934145,2.75,7.494758,2.5,26.18,50.611731,10.728804,2.75,7.494758,3.75,26.18,50.749793,12.790699,2.75,7.5910051,3.75,23.982010000000002,51.120608,13.137514,1.84,7.7390062,3.75,24.634020999999997,51.493514,13.410844,1.84,7.8502996,3.75,25.416030999999997,51.868908,13.698427,1.84,7.9685692,3.75,26.18,52.245999,14.364545,1.84,8.2929195,3.75,26.18,53.192042,14.122163,1.33,8.2929195,4.0950976,26.18,54.730058,14.085268,0.07,8.2929195,4.4503333,26.18,54.808073,14.175395,0.07,8.2929195,4.8363591,26.18,53.606089,14.379385,0.07,8.2929195,5.2046547,26.18,51.979398,14.293283,0.07,8.2929195,5.5634786,26.18,52.543431999999996,13.978441,0.07,8.2929195,5.9435116,26.088051999999998,54.477464999999995,13.205939,0.07,8.2929195,5.9435116,27.4320723,56.411499
42,price,1.2075087039636667,1.2781924754784795,0.71923841869657,0,optimal,210360.69344435,179016.1967288786,873.2523870180003,121.622930616,31.61,4.75,0.0,9.43,17.05,100.726694725,31.5,4.75,0.0,10.868477,20.55,95.948603134,29.810000000000002,4.75,0.0,12.868477,24.05,73.7837364,29.21,4.75,0.0,15.446954,28.725049000000002,38.105771000000004,28.67,4.75,0.0,18.385431,33.400099999999995,30.868397,23.689999999999998,4.75,0.0,21.263907000000003,38.075148999999996,27.979799,17.11,4.8968032,0.0,22.702384000000002,42.750199,21.4014823,14.030000000000001,6.434976,0.0,24.140861,46.72100399999999,17.3083966,13.67,7.8971008,0.0,25.579338,49.238338999999996,17.171592,12.92,8.4928907,0.0,26.18,50.439550999999994,18.972282200000002,10.690000000000001,8.4928907,0.0,26.18,50.759074999999996,21.210066246,5.59,8.4928907,0.0,26.18,50.759074999999996,17.106585797,2.75,8.4928907,1.25,26.18,50.759074999999996,14.505584,2.75,8.4928907,2.5,26.18,50.759074999999996,12.522053,2.75,8.4928907,3.75,26.18,51.008893,13.485695,2.75,8.4928907,3.75,26.18,51.494411,15.923728,2.75,9.0131914,3.75,23.748477,51.983759,16.650939,1.84,9.3424488,3.75,24.166953999999997,52.477344,17.308975,1.84,9.6369989,3.75,24.715431000000002,52.975588,17.467872,1.84,9.6830688,3.75,26.103907,53.477650999999994,17.936581,1.84,10.087653,3.75,26.18,57.334182999999996,18.484914,1.33,10.541851,3.75,26.18,61.039232,19.267507,0.07,11.008205,3.75,26.18,63.284282,20.254893,0.07,11.50731,3.75,26.18,64.249332,21.37383,0.07,11.992633,3.75,26.18,64.404382,22.191173,0.07,12.308906,3.75,26.5760003,64.209431,21.838241,0.07,12.162102,3.75,28.0144771,65.384481,21.834065,0.07,12.188099,3.75,28.8914309,66.55953099999999
43,price,1.060654489555407,1.0247576812289654,1.2775986965069837,8,optimal,180828.30292509,154998.2977158618,766.7060378020999,121.622930616,31.61,4.75,0.0,9.43,17.05,99.810616725,31.5,4.75,0.0,9.43,17.05,94.523140134,29.810000000000002,4.75,0.0,11.43,20.55,38.099183999999994,29.21,6.3098553,0.0,15.125197,28.8543914,25.6496865,28.67,6.7666255,0.0,19.180395,34.851095,18.1892095,23.689999999999998,6.7666255,0.0,23.175592,39.32269,15.1141819,17.11,6.7666255,0.0,25.73079,43.096205,14.03544207,14.030000000000001,7.5134907,0.0,26.18,45.10453,14.52871232,13.67,7.7763909,0.0,26.18,46.174321,15.012179979999999,12.92,8.0631204,0.0,26.18,47.267105,15.496969303,10.690000000000001,8.3506333,0.0,26.18,48.362873,15.9833647951,5.59,8.6396175,0.0,26.18,49.46425,16.482266,2.75,8.9293835,0.0,26.18,50.568606,17.004981,2.75,9.2206223,0.0,26.18,51.678574999999995,17.529095,2.75,9.5126413,0.0,26.18,52.791517999999996,18.055856,2.75,9.8061348,0.0,26.18,53.867518000000004,19.437350152,2.75,10.399134,0.0,24.865197000000002,55.453701,19.314514,1.84,10.399134,0.0,26.18,55.383701,20.221006,1.84,10.70222,0.0,26.18,55.303701000000004,22.105033806999998,1.84,10.062609,0.0,26.18,55.213701,18.407867,1.84,10.062609,1.25,26.18,54.933701,16.124681,1.33,10.062609,2.5,26.18,55.032543000000004,13.802391,0.07,10.062609,3.75,26.18,55.403637,14.493168,0.07,8.5027538,3.75,26.18,55.526433,15.308979,0.07,8.8158451,3.75,26.18,54.839229,16.174376,0.07,9.1313897,3.75,26.18,53.802025,16.686877,0.07,9.435674,3.75,26.18,55.141368,17.491979,0.07,9.7292016,3.75,26.18,54.520770999999996
44,price,0.9497841330061919,1.5069495071810737,0.7502597940523746,8,optimal,175807.75754568,145396.5592981403,856.3980116289998,121.622930616,31.61,4.75,0.0,9.43,17.05,100.458996725,31.5,4.75,0.0,11.43,20.55,95.680905134,29.810000000000002,4.75,0.0,13.43,24.05,72.818197402,29.21,4.75,0.0,16.07052,28.926688,59.744959762,28.67,4.75,0.0,19.071039,33.803377999999995,47.162709,23.689999999999998,4.75,0.0,22.011559,38.680066,42.969297,17.11,4.75,0.0,23.512078000000002,41.650175000000004,20.1518654,14.030000000000001,4.75,0.0,25.012597999999997,44.087223,19.5568728,13.67,4.75,0.0,26.18,44.087223,18.1891896,12.92,5.4531126,0.0,26.18,44.783224,15.261953499999999,10.690000000000001,6.9602551,0.0,26.18,45.492773,15.612018907,5.59,7.1213511,0.0,26.18,46.200033000000005,14.8499868651,2.75,7.9674469,0.0,26.18,46.902474,15.159744075099999,2.75,8.1511544,0.0,26.18,47.602619000000004,15.467372466099999,2.75,8.3335985,0.0,26.18,48.29795,15.7739822391,2.75,8.5154394,0.0,26.18,48.990982,17.279046,2.75,9.3994029,0.0,23.810519999999997,51.032396,17.3568214846,1.84,9.4342932,0.0,24.291038999999998,51.4016,17.367859,1.84,9.4342932,0.0,24.901559,51.677711,19.818095046,1.84,7.5263344,0.0,26.18,51.587711,15.239748607000001,1.84,7.5263344,1.25,26.18,51.307711,11.916805,1.33,7.5263344,2.5,26.18,51.542957,9.386824,0.07,7.5263344,3.75,26.18,51.363736,10.015771,0.07,7.5263344,3.75,26.18,49.904516,10.768982,0.07,7.5263344,3.75,26.18,47.635295,11.56701,0.07,7.5263344,3.75,26.18,45.016074,12.425924,0.07,7.5263344,3.75,25.68052,43.766854,12.774144,0.07,7.5263344,3.9277828,25.181039,43.120275
45,price,0.9927599513848554,1.6253507919616257,0.9120596415518893,3,optimal,183454.69938429,154271.60974614433,834.3385057480001,121.622930616,31.61,4.75,0.0,9.43,17.05,100.542845725,31.5,4.75,0.0,11.254119,20.55,95.764754134,29.810000000000002,4.75,0.0,13.254119,24.05,71.480337002,29.21,4.75,0.0,16.218239,29.978388,56.949436111999994,28.67,4.75,0.0,19.542358,35.906774999999996,44.278842,23.689999999999998,4.75,0.0,22.806477,40.917262,39.753064,17.11,4.75,0.0,24.630595999999997,44.109471,38.585661,14.030000000000001,4.75,0.0,26.18,44.109471,20.507522,13.67,4.75,0.0,26.18,44.884978000000004,21.532653,12.92,4.75,0.0,26.18,45.746032,22.3768,10.690000000000001,4.8072311,0.0,26.18,46.605288,16.242905507,5.59,7.4095508,0.0,26.18,47.465317,16.566399677,2.75,7.6050344,0.0,26.18,48.301738,17.382630516,2.75,7.6050344,0.0,26.18,49.117965,18.476138346000003,2.75,7.6050344,0.0,26.18,49.117965,14.173361877,2.75,7.6050344,1.25,26.18,49.117965,12.708562,2.75,7.6050344,2.5,24.134119,49.087965,9.7889428,1.84,7.6050344,3.75,24.938239000000003,49.017965000000004,9.7160518,1.84,7.6050344,3.75,25.872358,49.265151,10.078424912,1.84,5.9538858,3.7962881,26.18,49.511819,9.3588054,1.84,5.9538858,4.2339616,26.18,49.758708999999996,9.250437011999999,1.33,5.9538858,4.4242905,26.18,50.995393,9.190347412,0.07,5.9538858,4.6511646,26.18,51.301572,9.228055,0.07,5.9538858,4.9157816,26.18,50.327751,9.4597643,0.07,5.9538858,5.1534862,26.18,48.54393,9.7353134,0.07,5.9538858,5.3923786,26.18,46.410109,9.7924226,0.07,5.9538858,5.62282,26.18,45.646288,9.7950976,0.07,5.9538858,5.8805143,26.004119000000003,45.683979
46,price,1.2898771251529157,1.3877876328566174,1.154898267762332,5,optimal,222787.52915295,185132.85777389287,978.1863932290001,121.622930616,31.61,4.75,0.0,9.43,17.05,98.278184925,31.5,4.75,0.0,10.860814,18.5004452,93.500093034,29.810000000000002,4.75,0.0,12.860814,22.0004452,71.884993302,29.21,4.75,0.0,16.31061,29.507284,58.152867156999996,28.67,4.75,0.0,20.120407,37.014123,46.556407,23.689999999999998,4.75,0.0,23.870203000000004,42.759429999999995,22.888582,17.11,4.75,0.0,26.18,46.801574,23.710677,14.030000000000001,5.1685718,0.0,26.18,48.674112,21.4581766,13.67,6.5954371,0.0,26.18,50.527348,18.7072292,12.92,8.5341139,0.0,26.18,52.402485999999996,18.464360929999998,10.690000000000001,9.6968792,0.0,26.18,54.296758,19.471920292,5.59,10.100193,0.0,26.18,56.212963,20.491252472,2.75,10.507527,0.0,26.18,58.148273,20.981425511999998,2.75,11.42273,0.0,26.18,60.105546000000004,21.90418,2.75,11.950293,0.0,26.18,62.081893,22.933347152,2.75,12.391046,0.0,26.18,63.980722,26.574517037,2.75,12.391046,0.0,24.619797,63.950722,22.553596,1.84,12.391046,1.25,25.909593,63.880722000000006,20.640508,1.84,12.391046,2.5,26.18,64.192581,18.857877,1.84,10.934499,3.75,26.18,64.792603,20.061425,1.84,11.493242,3.75,26.18,65.398995,21.27584,1.33,12.05703,3.75,26.18,66.010862,22.594625,0.07,12.629896,3.75,26.18,66.029579,23.420695,0.07,13.190224,3.75,26.18,69.585102,24.347398,0.07,13.759506,3.75,26.18,72.571941,25.333547,0.07,14.335514,3.75,26.18,75.208779,26.148464,0.07,14.910591,3.75,26.18,79.006394,25.371274,0.07,14.492019,3.75,28.4897965,79.54853700000001
47,price,1.0235872796302365,1.1351120631576717,1.3527473501295213,4,optimal,179015.35894181,155408.40295805075,730.4221272295699,121.622930616,31.61,4.75,0.0,9.43,17.05,99.810616725,31.5,4.75,0.0,9.43,17.05,94.523140134,29.810000000000002,4.75,0.0,11.43,20.55,44.753656,29.21,4.75,0.0,15.275495000000001,29.342857699999996,30.636134000000002,28.67,4.75,0.0,19.480989,37.449096999999995,21.0121025,23.689999999999998,4.9546045,0.0,23.626483999999998,42.183713,14.290996100000001,17.11,6.5167058,0.0,26.18,43.524568,14.7704807,14.030000000000001,6.7357424,0.0,26.18,44.507095,14.2172839,13.67,7.591693,0.0,26.18,45.4704,14.64478048,12.92,7.8452273,0.0,26.18,46.43667,15.07244273,10.690000000000001,8.0988599,0.0,26.18,47.403315,15.500543392099999,5.59,8.3532711,0.0,26.18,48.324642999999995,15.9296818661,2.75,8.6077799,0.0,26.18,49.246325,16.62641168337,2.75,8.8674394,0.0,26.18,49.357717,17.430725426,2.75,9.0825477,0.0,26.18,49.357717,18.588635977,2.75,9.0825477,0.0,26.18,49.357717,16.028481,2.75,9.0825477,1.25,25.015495,49.327717,12.967182,1.84,9.0825477,2.5,26.18,49.257717,10.573941,1.84,9.0825477,3.75,26.18,49.423062,11.136286,1.84,6.7074643,3.75,26.18,49.706393,11.700337,1.84,6.9693232,3.75,26.18,49.990582,12.264595,1.33,7.2312781,3.75,26.18,50.274876,12.830212,0.07,7.4883942,3.75,26.18,50.558096,13.385493,0.07,7.7341167,3.75,26.18,50.906338000000005,14.064164,0.07,8.0239791,3.75,26.18,50.44458,14.790826,0.07,8.2932443,3.75,26.18,49.632822000000004,15.325234,0.07,8.5562105,3.75,26.18,50.144331,15.924814,0.07,8.7998261,3.75,26.18,50.213278
48,price,0.9804812802898658,1.7870407913422335,1.2066446896030547,7,optimal,183058.19239654,150074.17256019812,895.101231357,121.622930616,31.61,4.75,0.0,9.43,17.05,99.778105725,31.5,4.75,0.0,10.446842,19.5891497,95.000013134,29.810000000000002,4.75,0.0,12.446842,23.0891497,70.611364202,29.21,4.75,0.0,16.000132,30.93234,52.171197012,28.67,4.75,0.0,19.913421,38.770843,40.285054,23.689999999999998,4.75,0.0,23.766711,42.994099000000006,37.246114,17.11,4.75,0.0,26.18,42.994099000000006,38.359886,14.030000000000001,4.75,0.0,26.18,43.832554,39.471783,13.67,4.75,0.0,26.18,44.6518,39.39491262599999,12.92,4.75,0.0,26.18,45.470946999999995,22.179557000000003,10.690000000000001,4.75,0.0,26.18,46.287431,21.618416340000003,5.59,5.1382089,0.0,26.18,47.103811,17.414216846,2.75,6.9935539,0.0,26.18,47.917531,16.766729347000002,2.75,7.6978751,0.0,26.18,48.731145999999995,16.853675497,2.75,8.1410451,0.0,26.18,49.542103,16.390029939999998,2.75,8.8637997,0.0,26.18,50.352954,17.766862802000002,2.75,9.2753799,0.0,24.723289,52.057104,17.206492504999996,1.84,9.2753799,0.0,26.116579,52.007892,17.529117512,1.84,9.4992189,0.0,26.18,52.737287,18.111409046000002,1.84,6.6247806,1.25,26.18,52.647287000000006,13.525146907,1.84,6.6247806,2.5,26.18,52.473771,10.092775,1.33,6.6247806,3.75,26.18,52.705039,10.524725,0.07,6.6247806,3.75,26.18,53.107324,10.38521,0.07,6.6247806,4.0211996,26.18,53.017258,9.8865755,0.07,6.6247806,4.4944298,26.18,52.117192,8.899835,0.07,6.6247806,5.1922422,26.18,50.867126,8.5346004,0.07,6.6247806,5.612302,26.18,49.756977,7.4744964,0.07,6.6247806,6.4600015,26.18,46.486216999999996
49,price,1.1566054358022413,1.1190796932223963,0.9051943461119359,3,optimal,197920.40110205,170062.5731360835,804.79324256,121.622930616,31.61,4.75,0.0,9.43,17.05,99.46996572500001,31.5,4.75,0.0,11.048057,19.5711626,94.691874134,29.810000000000002,4.75,0.0,13.048057,23.0711626,44.641908,29.21,4.75,0.0,15.998445,28.954926,34.588785,28.67,4.75,0.0,19.308834,34.838689,21.2503049,23.689999999999998,6.149259,0.0,22.559223000000003,40.60634,17.5093988,17.11,7.0718384,0.0,24.369611,43.774519999999995,15.8083574,14.030000000000001,7.2098614,0.0,26.18,46.588620000000006,15.334863753999999,13.67,8.2544938,0.0,26.18,47.996467,15.963218956,12.92,8.6271512,0.0,26.18,49.416737999999995,16.613254,10.690000000000001,9.0023656,0.0,26.18,50.846755,17.292546,5.59,9.3808443,0.0,26.18,52.240466,18.078139411,2.75,9.6962943,0.0,26.18,53.520224999999996,19.752402117000003,2.75,9.6962943,0.0,26.18,53.520224999999996,21.408138747,2.75,9.6962943,0.0,26.18,53.520224999999996,17.750407,2.75,9.6962943,1.25,26.18,53.520224999999996,16.947748,2.75,9.6962943,2.5,24.120389000000003,53.490225,14.361043,1.84,9.6962943,3.75,24.910777000000003,53.925352000000004,14.676614,1.84,9.6962943,3.75,25.831166000000003,54.364086,15.34251,1.84,8.8311531,3.75,26.18,54.805611999999996,16.203353,1.84,9.2262926,3.75,26.18,55.397788000000006,16.892472,1.33,9.6239137,3.75,26.18,57.143372,17.813596,0.07,10.040843,3.75,26.18,57.428955,18.864196,0.07,10.487022,3.75,26.18,56.944925999999995,19.66331,0.07,10.905151,3.75,26.18,58.308689,20.627321,0.07,11.32752,3.75,26.18,59.322452,20.997339,0.07,11.739646,3.75,26.18,62.685052999999996,20.627246,0.07,11.601623,3.75,27.401480499999998,64.02883
50,price,1.1015211800778117,0.7183951037989147,0.9948572479547169,5,optimal,179054.99504317,151132.71984396505,809.0019920990001,121.622930616,31.61,4.75,0.0,9.43,17.05,99.810616725,31.5,4.75,0.0,9.43,17.05,99.69836672500001,29.810000000000002,4.75,0.0,9.43,17.6433983,38.4038026,29.21,8.6945481,0.0,12.559714000000001,21.1253986,30.9041938,28.67,8.6945481,0.0,16.049429,24.707511,23.52589603,23.689999999999998,8.6945481,0.0,19.479143,31.174082,19.801615729999998,17.11,8.6945481,0.0,21.468857999999997,37.640654999999995,17.566084,14.030000000000001,8.6945481,0.0,22.782058999999997,42.478643,17.645904,13.67,8.6945481,0.0,23.881659999999997,42.788450999999995,17.726278,12.92,8.6945481,0.0,24.988906,43.100414,16.661928,10.690000000000001,8.6945481,0.0,26.18,47.026849999999996,17.404861,5.59,8.9698751,0.0,26.18,47.755443,18.262749,2.75,9.3029672,0.0,26.18,48.116941,19.126479,2.75,9.6383274,0.0,26.18,48.480900000000005,19.994211,2.75,9.9752416,0.0,26.18,48.846546000000004,20.654742,2.75,10.310886,0.0,26.18,49.873261,23.683314873,2.75,10.651004,0.0,24.299714,50.480653000000004,19.41748,1.84,10.651004,1.25,25.269429000000002,50.410652999999996,16.110129,1.84,10.651004,2.5,26.18,50.330653,13.918488,1.84,7.9628024,3.75,26.18,50.475618,14.669698,1.84,8.3115491,3.75,26.18,50.854106,15.305952,1.33,8.6353525,3.75,26.18,52.002075000000005,16.038267,0.07,8.9869772,3.75,26.18,52.556647,16.902637,0.07,9.3669959,3.75,26.18,52.307050000000004,17.533741,0.07,9.7186257,3.75,26.18,53.761004,18.71047,0.07,10.080797,3.75,26.18,53.399710999999996,18.801611,0.07,10.426696,3.75,26.18,56.384282999999996,19.099546,0.07,10.749644,3.75,26.18,60.109016
51,price,1.0141860915142313,1.5230397549842734,0.954231112056396,8,optimal,185014.42351907,153270.00571782875,878.7905789339,121.622930616,31.61,4.75,0.0,9.43,17.05,100.502636725,31.5,4.75,0.0,11.338462,20.55,95.724544134,29.810000000000002,4.75,0.0,13.338462,24.05,70.92513350200001,29.21,4.75,0.0,16.386924,30.252502,55.773397142,28.67,4.75,0.0,19.795387,36.455005,44.150356,23.689999999999998,4.75,0.0,23.143849000000003,40.826535,39.479676,17.11,4.75,0.0,25.052311000000003,44.166344,19.8720889,14.030000000000001,4.75,0.0,26.18,44.565593,20.991947000000003,13.67,4.75,0.0,26.18,45.291867999999994,22.104142,12.92,4.75,0.0,26.18,46.226051,16.0932285,10.690000000000001,7.3399952,0.0,26.18,47.159947,16.557442107,5.59,7.5532364,0.0,26.18,48.096139,15.7921487561,2.75,8.526213,0.0,26.18,49.032042000000004,16.2072276228,2.75,8.7723829,0.0,26.18,49.970246,16.677866499,2.75,8.9836627,0.0,26.18,50.908157,17.084941,2.75,9.2651737,0.0,26.18,51.848369000000005,18.609241391999998,2.75,10.022378,0.0,24.218462000000002,54.023331999999996,18.565743685,1.84,10.022378,0.0,25.106924,54.404853,18.44289,1.84,10.022378,0.0,26.125387000000003,54.704744000000005,21.355101946,1.84,8.5903334,0.0,26.18,55.568742,17.186865407000003,1.84,8.5903334,1.25,26.18,55.288742,14.003751,1.33,8.5903334,2.5,26.18,56.055048,11.547651,0.07,8.5903334,3.75,26.18,56.487741,12.261554,0.07,8.5903334,3.75,26.18,55.640434,13.098429,0.07,8.5903334,3.75,26.18,53.983127999999994,13.98289,0.07,8.5903334,3.75,26.18,51.975820999999996,14.629745,0.07,8.5903334,3.75,26.18,51.338514,15.54701,0.07,8.5903334,3.75,26.088462,49.368933
52,price,0.9837124170471142,1.6955028278999427,0.6134618277441704,7,optimal,184087.16347386,149016.36936725292,936.4963692906998,121.622930616,31.61,4.75,0.0,9.43,17.05,100.458996725,31.5,4.75,0.0,11.43,20.55,95.680905134,29.810000000000002,4.75,0.0,13.43,24.05,74.785954402,29.21,4.75,0.0,15.796924,28.037501,64.132802727,28.67,4.75,0.0,18.523847,32.025003999999996,53.377126,23.689999999999998,4.75,0.0,21.190770999999998,36.012505,47.540271,17.11,4.75,0.0,22.417695000000002,40.000007999999994,44.271194,14.030000000000001,4.75,0.0,23.644618,42.99237,41.585600047,13.67,4.75,0.0,24.871541999999998,45.139486000000005,21.393945000000002,12.92,4.75,0.0,26.098466000000002,45.558705,22.286616000000002,10.690000000000001,4.75,0.0,26.18,46.353089,19.548724179,5.59,5.9335223,0.0,26.18,47.198941000000005,16.419359337,2.75,7.5368902,0.0,26.18,48.024373999999995,16.542367165,2.75,7.9594304,0.0,26.18,48.849934000000005,16.0757471581,2.75,8.6944064,0.0,26.18,49.673061000000004,16.4609471836,2.75,8.8969798,0.0,26.18,50.496313,18.627394192,2.75,9.5024237,0.0,23.536924,52.86286,18.478560511999998,1.84,10.055031,0.0,23.743847000000002,53.520547,18.683809,1.84,10.179115,0.0,24.080771,54.102228,18.456745045999998,1.84,6.946161,1.25,25.257695,54.012228,13.101218867,1.84,6.946161,2.5,26.18,53.732228,10.003499,1.33,6.946161,3.75,26.18,54.602613000000005,10.525515,0.07,6.946161,3.75,26.18,54.012999,11.314066,0.07,6.946161,3.75,26.18,52.143384,11.728266,0.07,6.946161,3.9584939,26.18,49.46377,10.657743,0.07,6.946161,4.8105805,26.18,46.434155000000004,10.929876,0.07,6.946161,5.0833407,25.406924000000004,46.60938,11.80619,0.07,6.946161,5.0833407,24.633847000000003,47.096881999999994
53,price,1.299610352929575,0.9883614758089885,1.2792356174874175,2,optimal,213880.82576451,183397.62424134806,848.807210215,121.622930616,31.61,4.75,0.0,9.43,17.05,99.810616725,31.5,4.75,0.0,9.43,17.05,94.755245134,29.810000000000002,4.75,0.0,11.43,19.8742959,34.003515,29.21,7.6596713,0.0,15.128471000000001,28.1893276,24.5426962,28.67,7.6596713,0.0,19.186942000000002,36.504359,18.2808232,23.689999999999998,7.6596713,0.0,23.185414,41.444632,16.213946,17.11,7.6596713,0.0,25.743885,45.921957,15.702052139,14.030000000000001,8.4722613,0.0,26.18,48.826421999999994,16.549882,13.67,8.9670566,0.0,26.18,50.712186,17.448579,12.92,9.4677804,0.0,26.18,52.620543999999995,18.540842,10.690000000000001,9.9767667,0.0,26.18,53.936335,19.877026,5.59,10.495567,0.0,26.18,54.499376999999996,21.665957832,2.75,10.609288,0.0,26.18,55.068130999999994,23.408717527,2.75,10.609288,0.0,26.18,56.580914,20.391261842,2.75,10.609288,1.25,26.18,56.580914,18.240324,2.75,10.609288,2.5,26.18,56.580914,17.235392,2.75,10.609288,3.75,24.868471,57.174150999999995,17.63381,1.84,10.609288,3.75,26.18,57.773508,18.836417,1.84,10.609288,3.75,26.18,58.379425999999995,20.050299,1.84,11.120768,3.75,26.18,58.991023999999996,21.058931,1.84,11.660385,3.75,26.18,61.115437,22.076818,1.33,12.249876,3.75,26.18,63.302921999999995,23.105439,0.07,12.82299,3.75,26.18,65.53462300000001,24.1433,0.07,13.401252,3.75,26.18,67.78637,25.161894,0.07,13.984455,3.75,26.18,70.291446,26.055542,0.07,14.568115,3.75,26.18,73.736478,26.763813,0.07,15.15052,3.75,26.18,78.538388,25.63114,0.07,14.629183,3.75,28.7384712,80.191417
54,price,1.1422732594622818,1.586639278279836,1.1042542043547825,3,optimal,204955.58214054,171262.64686515986,908.4853319670001,121.622930616,31.61,4.75,0.0,9.43,17.05,98.66405592500001,31.5,4.75,0.0,11.265966,18.9843999,93.885964034,29.810000000000002,4.75,0.0,13.265966,22.4843999,72.054244502,29.21,4.75,0.0,16.614475,29.662053,56.226947812,28.67,4.75,0.0,20.322983,36.839704,44.777808,23.689999999999998,4.75,0.0,23.971491999999998,41.184978,39.963994,17.11,4.75,0.0,26.18,45.049868000000004,41.796079,14.030000000000001,4.75,0.0,26.18,46.364345,24.018631999999997,13.67,4.75,0.0,26.18,47.724293,25.773861,12.92,4.75,0.0,26.18,49.095648,21.4288056,10.690000000000001,6.5851736,0.0,26.18,50.475738,18.437769007,5.59,8.4122004,0.0,26.18,51.867249,18.506956107,2.75,9.1185266,0.0,26.18,53.242262999999994,19.566957417,2.75,9.1548057,0.0,26.18,54.583633,21.294366046,2.75,9.1548057,0.0,26.18,54.583633,17.597703209,2.75,9.1548057,1.25,26.18,54.583633,16.127777,2.75,9.1548057,2.5,24.518507999999997,54.553633,13.303836,1.84,9.1548057,3.75,25.707017,54.741251,13.856044,1.84,9.1548057,3.75,26.18,55.16323,14.69854,1.84,8.5956765,3.75,26.18,55.58771,15.394031691999999,1.84,8.5956765,3.8975997,26.18,56.015506,14.539849,1.33,8.5956765,4.5187833,26.18,56.659994999999995,14.389869,0.07,8.5956765,4.914256,26.18,57.542758,14.362978,0.07,8.5956765,5.3428936,26.18,57.145521,14.500514,0.07,8.5956765,5.7564938,26.18,55.938283,14.681693,0.07,8.5956765,6.1740685,26.18,54.381046,14.017269,0.07,8.5956765,6.5621606,26.18,59.012187999999995,12.995857,0.07,8.5956765,6.5621606,28.175823,60.194320000000005
55,price,1.204315513833393,0.7291330037943695,0.9574503613875615,3,optimal,193350.72477447,163602.3785847506,840.2042155250001,121.622930616,31.61,4.75,0.0,9.43,17.05,99.810616725,31.5,4.75,0.0,9.43,17.05,98.798378725,29.810000000000002,4.75,0.0,9.43,18.8911303,36.4321062,29.21,9.2051139,0.0,12.484901,22.2422066,29.0451637,28.67,9.2051139,0.0,15.899801,27.646518999999998,23.12834416,23.689999999999998,9.2051139,0.0,19.254702,33.869946,19.973177,17.11,9.2051139,0.0,21.169603000000002,40.093373,18.169688,14.030000000000001,9.2051139,0.0,23.084504000000003,43.89263,18.543,13.67,9.2051139,0.0,23.871491,44.834832,18.356949,12.92,9.2051139,0.0,25.786392,45.0607,18.090881,10.690000000000001,9.3413205,0.0,26.18,49.103527,18.983181,5.59,9.7665118,0.0,26.18,50.273027,20.096305,2.75,10.198704,0.0,26.18,50.742076,21.562674372,2.75,10.314873,0.0,26.18,51.215703,22.989175027,2.75,10.314873,0.0,26.18,52.690826,19.627157,2.75,10.314873,1.25,26.18,52.690826,18.61706,2.75,10.314873,2.5,24.224901000000003,52.660826,15.910283,1.84,10.314873,3.75,25.119801000000002,52.919694,16.273512,1.84,10.314873,3.75,26.144702000000002,53.414204999999995,17.241162,1.84,9.6064743,3.75,26.18,53.912471,18.15905,1.84,10.044667,3.75,26.18,54.957618,18.985665,1.33,10.50523,3.75,26.18,56.634159,19.819795,0.07,10.969979,3.75,26.18,58.406076999999996,20.627218,0.07,11.45684,3.75,26.18,60.51286,21.507792,0.07,11.932834,3.75,26.18,62.216286999999994,22.534846,0.07,12.411454,3.75,26.18,63.569714000000005,22.649725,0.07,12.868127,3.75,26.18,69.79314099999999,22.64838,0.07,12.911533,3.75,27.1836413,71.41368299999999
56,price,1.0487418279480425,1.2247814062010844,0.7020965491968556,3,optimal,185835.05204791,159027.9976736004,792.1941781701,121.622930616,31.61,4.75,0.0,9.43,17.05,100.458996725,31.5,4.75,0.0,11.43,20.55,95.680905134,29.810000000000002,4.75,0.0,13.43,24.05,72.1895089,29.21,4.75,0.0,15.974193000000001,28.613628,35.305471,28.67,4.75,0.0,18.878386,33.177255,27.503037,23.689999999999998,4.75,0.0,21.722579000000003,37.740883000000004,21.965568500000003,17.11,5.5580684,0.0,23.126772000000003,41.725121,16.3467662,14.030000000000001,7.2446149,0.0,24.530965000000002,44.182458999999994,15.421389,13.67,7.2446149,0.0,25.935159,46.102255,14.89410481,12.92,7.9930939,0.0,26.18,47.000219,15.360534729,10.690000000000001,8.2697184,0.0,26.18,48.026538,15.8281958541,5.59,8.5475915,0.0,26.18,49.032832,16.995839267,2.75,8.5475915,0.0,26.18,49.301868,18.246762718000003,2.75,8.5475915,0.0,26.18,49.301868,19.402143717,2.75,8.5475915,0.0,26.18,49.301868,15.416726,2.75,8.5475915,1.25,26.18,49.301868,14.598871,2.75,8.5475915,2.5,23.714193,49.271868,12.011341,1.84,8.5475915,3.75,24.098385999999998,49.583122,12.321663,1.84,8.5475915,3.75,24.612578999999997,49.895754999999994,12.117461,1.84,7.1693624,3.75,25.966772,50.267554,12.380418,1.84,7.3704771,3.75,26.18,52.093844,12.879606,1.33,7.6565298,3.75,26.18,53.230132999999995,13.606019,0.07,7.9516897,3.75,26.18,52.906423000000004,14.530386,0.07,8.2766376,3.75,26.18,51.302713,15.227197,0.07,8.5724628,3.75,26.18,51.34634,15.973082,0.07,8.8705193,3.75,26.18,51.039968,16.842283,0.07,9.3399264,3.75,25.584193,52.103594,17.066971,0.07,9.4950436,3.75,25.7055988,53.167221999999995
57,price,1.1248206360398838,1.1265460272215493,1.2333249644722724,2,optimal,193444.34785873,167054.8854506382,780.1022211668,121.622930616,31.61,4.75,0.0,9.43,17.05,99.810616725,31.5,4.75,0.0,9.43,17.05,94.523140134,29.810000000000002,4.75,0.0,11.43,20.55,46.789673,29.21,4.75,0.0,15.03665,28.5666124,33.454995,28.67,4.75,0.0,19.0033,36.583225,21.8019088,23.689999999999998,5.6370364,0.0,22.909950000000002,40.899862,15.3669823,17.11,6.9988604,0.0,25.376600000000003,45.216499999999996,15.5603563,14.030000000000001,7.0965703,0.0,26.18,46.091238000000004,15.06781709,13.67,8.096117,0.0,26.18,47.392860999999996,15.648177151999999,12.92,8.4403098,0.0,26.18,48.701330999999996,16.2318575358,10.690000000000001,8.7864721,0.0,26.18,49.954927999999995,17.245674837000003,5.59,8.9681596,0.0,26.18,50.750278,18.830252870000002,2.75,8.9681596,0.0,26.18,50.750278,20.303036806999998,2.75,8.9681596,0.0,26.18,50.750278,16.443554,2.75,8.9681596,1.25,26.18,50.750278,14.312541,2.75,8.9681596,2.5,26.18,50.750278,12.971678,2.75,8.9681596,3.75,24.776650000000004,51.146353000000005,12.9163,1.84,8.9681596,3.75,26.18,51.544978,13.713334,1.84,8.9681596,3.75,26.18,51.946553,14.514634,1.84,8.3298802,3.75,26.18,52.350278,15.321798,1.84,8.7046033,3.75,26.18,52.756956,16.133221,1.33,9.0813038,3.75,26.18,53.165780999999996,16.868621,0.07,9.4355119,3.75,26.18,54.104957999999996,17.754292,0.07,9.8191496,3.75,26.18,54.094933,18.434503,0.07,10.2205,3.75,26.18,55.601584,19.118203,0.07,10.601435,3.75,26.18,57.099246,19.32605,0.07,10.967936,3.75,26.18,61.822832000000005,20.016073,0.07,11.331433,3.75,26.18,63.29506000000001
58,price,1.1420546357110057,1.6473933532656935,1.1858886698604836,0,optimal,205800.73432578,174438.95693546403,866.876511371,121.622930616,31.61,4.75,0.0,9.43,17.05,97.83101702500001,31.5,4.75,0.0,10.612891,17.828620700000002,93.00595313400001,29.810000000000002,4.75,0.0,12.612891,21.328620700000002,73.855126702,29.21,4.75,0.0,16.124668,29.036897099999997,57.040031242,28.67,4.75,0.0,19.996445,36.745173,45.35397,23.689999999999998,4.75,0.0,23.808222999999998,40.895784,39.960321,17.11,4.75,0.0,26.18,45.046394,41.791436,14.030000000000001,4.75,0.0,26.18,46.360923,24.013317999999998,13.67,4.75,0.0,26.18,47.720141,25.767591,12.92,4.75,0.0,26.18,49.068172000000004,27.533026,10.690000000000001,4.75,0.0,26.18,50.378815,22.498024666,5.59,6.9032494,0.0,26.18,50.378815,17.618890046,2.75,6.9032494,1.25,26.18,50.378815,13.949095057000001,2.75,6.9032494,2.5,26.18,50.378815,10.957359,2.75,6.9032494,3.75,26.18,50.557475999999994,11.942684832,2.75,6.9032494,3.75,26.18,50.970487,13.525355356999999,2.75,7.8712929,3.75,24.681776999999997,51.386002,13.520596,1.84,7.8712929,3.75,26.033555,51.804418999999996,14.269277,1.84,8.2159443,3.75,26.18,52.226141999999996,13.023945181999999,1.84,6.8622777,4.8454912,26.18,52.650363,10.872703,1.84,6.8622777,5.8884904,26.18,53.077894,10.783628,1.33,6.8622777,6.2847251,26.18,53.507919,10.687392,0.07,6.8622777,6.6593839,26.18,54.359422,10.625923,0.07,6.8622777,7.0864472,26.18,54.207088,10.728882,0.07,6.8622777,7.4984691,26.18,53.244754,11.746297,0.07,7.2376307,7.5382676,26.18,52.100549,11.881481511999999,0.07,7.6118833,7.5382676,26.18,57.682522,10.470257,0.07,7.6118833,7.5382676,28.5517773,59.156134
59,price,1.0150462408783982,1.5610365147187855,0.8010140625368654,5,optimal,186131.49086178,154295.86015113778,880.9085821169999,121.622930616,31.61,4.75,0.0,9.43,17.05,100.552066725,31.5,4.75,0.0,11.234778,20.55,95.773974134,29.810000000000002,4.75,0.0,13.234778,24.05,73.08095290199999,29.21,4.75,0.0,15.976806,29.256591,59.811642012,28.67,4.75,0.0,19.078834,34.463182,47.212531,23.689999999999998,4.75,0.0,22.120862000000002,39.669775,43.463521,17.11,4.75,0.0,23.72289,42.655488000000005,40.358287,14.030000000000001,4.75,0.0,25.324917999999997,44.911826000000005,21.011394000000003,13.67,4.75,0.0,26.18,45.308201999999994,22.127085,12.92,4.75,0.0,26.18,46.245321000000004,19.5544563,10.690000000000001,5.9301956,0.0,26.18,47.182213000000004,16.570069907,5.59,7.5590046,0.0,26.18,48.121463,15.817634455,2.75,8.5246758,0.0,26.18,49.060485,16.221217173,2.75,8.78068,0.0,26.18,50.001867,16.696229104999997,2.75,8.9910002,0.0,26.18,50.934245000000004,17.193179251999997,2.75,9.1895864,0.0,26.18,51.830775,20.714259536000004,2.75,9.1895864,0.0,23.912028,51.826992000000004,16.323018,1.84,9.1895864,1.25,24.494056,51.756992,13.516692,1.84,9.1895864,2.5,25.206083999999997,51.676992,10.497834,1.84,6.5582473,3.75,26.18,51.950164,11.00578,1.84,6.7869819,3.75,26.18,52.45507,11.370598,1.33,7.0330232,3.75,26.18,53.888112,11.355732,0.07,7.0330232,4.0045014,26.18,53.861154,11.468004,0.07,7.0330232,4.2881619,26.18,52.554196000000005,11.744877,0.07,7.0330232,4.5543384,26.18,50.437238,12.06556,0.07,7.0330232,4.8221181,26.18,47.970281,12.022904,0.07,7.0330232,5.1380319,25.977249999999998,47.805645,11.756153,0.07,7.0330232,5.4855729,25.579278000000002,49.512236
60,price,0.9300844447257618,1.7591510362875507,1.0320089640771752,4,optimal,175200.3995083,145699.84967209402,836.8747169219998,121.622930616,31.61,4.75,0.0,9.43,17.05,100.458996725,31.5,4.75,0.0,11.43,20.55,95.680905134,29.810000000000002,4.75,0.0,13.43,24.05,69.133283002,29.21,4.75,0.0,16.634018,30.758058000000002,52.46350199,28.67,4.75,0.0,20.198036000000002,37.466117,41.107853,23.689999999999998,4.75,0.0,23.702053999999997,41.078148,37.01154,17.11,4.75,0.0,25.766072,42.695912,37.19909,14.030000000000001,4.75,0.0,26.18,43.280373,38.172849,13.67,4.75,0.0,26.18,43.695062,38.317762827,12.92,4.75,0.0,26.18,44.341882999999996,20.623993,10.690000000000001,4.75,0.0,26.18,44.982808,19.18147287,5.59,5.4419561,0.0,26.18,45.606009,15.547801867,2.75,7.1329753,0.0,26.18,46.205613,15.856125747,2.75,7.2758648,0.0,26.18,46.801702,16.647181226,2.75,7.2758648,0.0,26.18,46.801702,17.434804346,2.75,7.2758648,0.0,26.18,46.801702,14.690049707000002,2.75,7.2758648,1.25,24.374018,46.771702,10.788574,1.84,7.2758648,2.5,25.418036,46.701702,7.8156312,1.84,7.2758648,3.75,26.18,46.621702,8.134507999999999,1.84,5.1868599,3.75,26.18,46.60665899999999,8.163365573999998,1.84,5.1868599,3.886327,26.18,46.777714,8.195219679,1.33,5.1868599,4.021234,26.18,46.946985999999995,8.039539311999999,0.07,5.1868599,4.2113765,26.18,47.333909,7.9876572,0.07,5.1868599,4.4002298,26.18,46.719936000000004,7.4843172,0.07,5.1868599,4.8508343,26.18,45.295963,6.8784731,0.07,5.1868599,5.3630127,26.18,43.52199,6.651728,0.07,5.1868599,5.6406522,26.18,42.712625,5.5855626,0.07,5.1868599,6.4340052,26.18,39.373674
61,price,1.1116891230521442,1.3727377034090036,0.627113800413205,6,optimal,197852.06095311,165348.26970008243,892.0221829919998,121.622930616,31.61,4.75,0.0,9.43,17.05,100.458996725,31.5,4.75,0.0,11.43,20.55,95.26705313400001,29.810000000000002,4.75,0.0,13.43,25.170468,71.993589602,29.21,4.75,0.0,15.824228,29.246707,63.49031951,28.67,4.75,0.0,18.578454999999998,33.322948,29.526536999999998,23.689999999999998,4.75,0.0,21.272683,37.399187,27.31192,17.11,4.75,0.0,22.52691,41.475426,26.337766000000002,14.030000000000001,4.75,0.0,23.781138,43.989881,20.653541500000003,13.67,6.2013263,0.0,25.035366000000003,46.184779,16.7167498,12.92,7.6248301,0.0,26.18,48.379677,16.081463377,10.690000000000001,8.6972783,0.0,26.18,49.680893,16.708753175,5.59,8.9960053,0.0,26.18,50.966798,17.387862762,2.75,9.2673838,0.0,26.18,52.256159,17.888533,2.75,9.7129081,0.0,26.18,53.554773999999995,18.503174,2.75,10.055365,0.0,26.18,54.859947,19.122177,2.75,10.400254,0.0,26.18,56.174385,21.094202512,2.75,11.514356,0.0,23.564228,59.031686,22.214458171999997,1.84,11.514356,0.0,23.798454999999997,58.961686,19.421196,1.84,11.514356,1.25,24.162683,58.881686,17.232270107,1.84,8.7756347,2.5,25.366909999999997,58.791686,13.690292,1.84,8.7756347,3.75,26.18,60.393028,14.389751,1.33,8.7756347,3.75,26.18,61.304369,15.319225,0.07,9.1449783,3.75,26.18,60.75570999999999,16.449363,0.07,9.5452849,3.75,26.18,58.927052,17.39234,0.07,9.9189915,3.75,26.18,58.483290999999994,18.387097,0.07,10.296103,3.75,26.18,57.689532,18.551617,0.07,10.38056,3.75,26.5937397,58.265771,18.809004,0.07,10.431864,3.75,27.1021943,57.721543
62,price,0.9747174717415235,1.4421583349782552,1.0564516783619986,5,optimal,177869.05611629,151024.34608622067,793.3914508562,121.622930616,31.61,4.75,0.0,9.43,17.05,100.458996725,31.5,4.75,0.0,11.43,20.55,95.680905134,29.810000000000002,4.75,0.0,13.43,24.05,67.919846412,29.21,4.75,0.0,16.682903,30.916936,52.477055701999994,28.67,4.75,0.0,20.295807,37.783872,41.370426,23.689999999999998,4.75,0.0,23.848709999999997,41.481453,18.4674639,17.11,4.75,0.0,25.961613,43.126188,19.1701323,14.030000000000001,4.75,0.0,26.18,43.765576,20.099597099999997,13.67,4.75,0.0,26.18,44.542344,15.1866843,12.92,6.9258711,0.0,26.18,45.341817,15.583783400000002,10.690000000000001,7.1072722,0.0,26.18,46.138222,14.863984585099999,5.59,7.9757489,0.0,26.18,46.934113999999994,15.2147458651,2.75,8.1837742,0.0,26.18,47.72694,15.5652796541,2.75,8.3916642,0.0,26.18,48.51925,15.914457179100001,2.75,8.5987503,0.0,26.18,49.269194999999996,16.3366555368,2.75,8.7976943,0.0,26.18,49.833781,19.181040547,2.75,8.7976943,0.0,24.422902999999998,49.803781,14.700188,1.84,8.7976943,1.25,25.515807000000002,49.733781,11.821878,1.84,8.7976943,2.5,26.18,49.653781,9.3309249,1.84,5.9181633,3.75,26.18,49.647942,9.777615,1.84,6.1255376,3.75,26.18,49.873001,10.210469,1.33,6.3240851,3.75,26.18,50.175638000000006,10.575072,0.07,6.5129469,3.75,26.18,50.914992999999996,11.13444,0.07,6.7449818,3.75,26.18,50.374348,11.815028,0.07,6.9587572,3.75,26.18,49.023703,12.541505,0.07,7.1733841,3.75,26.18,47.323058,13.071892,0.07,7.3474323,3.7863098,26.18,46.151044999999996,13.298454,0.07,7.3474323,3.9763349,26.18,44.686272
63,price,1.280811707490474,0.8697889958021447,1.008242599790948,1,optimal,208458.22388326,178451.8982243387,841.3594052220003,121.622930616,31.61,4.75,0.0,9.43,17.05,99.810616725,31.5,4.75,0.0,9.43,17.05,95.25459072500001,29.810000000000002,4.75,0.0,11.43,19.1342906,33.0008831,29.21,8.5871586,0.0,14.586485,25.6878677,25.6530426,28.67,8.5871586,0.0,18.10297,32.241445,19.93596429,23.689999999999998,8.5871586,0.0,21.559455999999997,38.312448,18.24261876,17.11,8.5871586,0.0,23.575941,41.841297,16.902680351,14.030000000000001,8.5871586,0.0,25.592426000000003,45.370146000000005,16.661566,13.67,8.8780372,0.0,26.18,49.425132000000005,17.92473,12.92,9.3684858,0.0,26.18,49.957405,19.200563,10.690000000000001,9.8638531,0.0,26.18,50.495017000000004,20.781301492,5.59,10.09309,0.0,26.18,51.038772,22.610151617,2.75,10.09309,0.0,26.18,52.105526,19.449214946,2.75,10.09309,1.25,26.18,52.143095,17.110641,2.75,10.09309,2.5,26.18,52.472604000000004,15.261911,2.75,10.09309,3.75,26.18,53.039323,17.515378,2.75,10.09309,3.75,24.326484999999998,53.611356,18.040824,1.84,10.09309,3.75,25.322969999999998,54.329911,18.553924,1.84,10.264678,3.75,26.18,55.796121,19.515357,1.84,10.800357,3.75,26.18,57.8377,20.486877,1.84,11.341655,3.75,26.18,59.900695,21.467032,1.33,11.887764,3.75,26.18,61.982027,22.429572,0.07,12.460894,3.75,26.18,64.321826,23.337743,0.07,13.014268,3.75,26.18,67.165403,24.380718,0.07,13.577629,3.75,26.18,69.19898,25.482748,0.07,14.147547,3.75,26.18,70.882556,25.696874,0.07,14.583961,3.75,26.442925600000002,76.93722199999999,25.028952,0.07,14.583961,3.75,28.4594108,78.38178099999999
64,price,0.9576011500077031,1.4891088987168581,0.8210504112761221,3,optimal,176761.95758524,149015.3995358748,811.1526605050001,121.622930616,31.61,4.75,0.0,9.43,17.05,100.62961972500001,31.5,4.75,0.0,11.072101,20.55,95.851528134,29.810000000000002,4.75,0.0,13.072101,24.05,70.964282502,29.21,4.75,0.0,15.854202,29.386826999999997,58.824323922,28.67,4.75,0.0,18.996302,34.723655,45.805815,23.689999999999998,4.75,0.0,22.078403,40.017253999999994,41.672295,17.11,4.75,0.0,23.720504,42.890930999999995,19.857005,14.030000000000001,4.75,0.0,25.362605000000002,43.973036,19.7126135,13.67,4.75,0.0,26.18,44.217298,18.2888552,12.92,5.4879401,0.0,26.18,44.958353,15.362852199999999,10.690000000000001,7.0063474,0.0,26.18,45.695132,15.726772707,5.59,7.1737727,0.0,26.18,46.43018,15.897278137,2.75,7.4212742,0.0,26.18,47.124567,16.629629716,2.75,7.4212742,0.0,26.18,47.506834,17.554199046,2.75,7.4212742,0.0,26.18,47.506834,13.188874,2.75,7.4212742,1.25,26.18,47.506834,12.007619,2.75,7.4212742,2.5,23.952101,47.476834,9.104426,1.84,7.4212742,3.75,24.574202,47.452371,9.0597549,1.84,7.4212742,3.75,25.326302,47.658453,8.9513594,1.84,5.6505367,3.75,26.18,47.863307000000006,9.3326546,1.84,5.8227218,3.75,26.18,48.225329,9.5370723,1.33,5.9958464,3.75,26.18,49.71848,9.9646759,0.07,6.183429,3.75,26.18,49.751631,10.586307,0.07,6.3990984,3.75,26.18,48.504783,10.879165,0.07,6.4073329,3.9388462,26.18,46.447934000000004,11.196321,0.07,6.4073329,4.1364595,26.18,44.041084999999995,11.295085,0.07,6.4073329,4.3249563,26.18,43.004236,11.649346,0.07,6.460215,4.5495228,25.822101000000004,41.146502
65,price,0.9183948722682063,0.892319091687386,0.7534389733788531,1,optimal,161575.86698375,142123.8720967943,654.1041918110001,121.622930616,31.61,4.75,0.0,9.43,17.05,98.059780325,31.5,4.75,0.0,10.481957,17.05,93.018425034,29.810000000000002,4.75,0.0,12.481957,20.55,34.734782,29.21,7.4158631,0.0,15.128835,25.447353399999997,26.3489279,28.67,7.4158631,0.0,18.135713,30.344707,19.4294668,23.689999999999998,7.4158631,0.0,21.082591,35.24206,17.0625438,17.11,7.4158631,0.0,22.589469,38.205635,16.02108351,14.030000000000001,7.4158631,0.0,24.096347,38.205635,15.21066224,13.67,7.4158631,0.0,25.603225000000002,38.205635,15.29787225,12.92,7.4158631,0.0,26.18,38.205635,15.78069756,10.690000000000001,7.4158631,0.0,26.18,38.378866,16.287003607,5.59,7.4158631,0.0,26.18,38.970011,17.061168369,2.75,7.4158631,0.0,26.18,38.970011,13.087088,2.75,7.4158631,1.25,26.18,38.970011,10.021826,2.75,7.4158631,2.5,26.18,38.970011,7.3986464,2.75,7.4158631,3.75,26.18,38.990041,9.1481457,2.75,7.4158631,3.75,23.816878000000003,39.153269,9.175104,1.84,7.4158631,3.75,24.303756,39.31483,9.1210324,1.84,7.4158631,3.75,24.920634,39.475077,8.6753773,1.84,5.1082293,3.75,26.18,39.633305,8.9512144,1.84,5.2240386,3.75,26.18,40.021265,9.0837259,1.33,5.3286023,3.75,26.18,41.311582,9.4376858,0.07,5.4590456,3.75,26.18,41.141898999999995,9.9839839,0.07,5.6296222,3.75,26.18,39.692216,10.454038,0.07,5.7740519,3.75,26.18,38.793361000000004,11.270988,0.07,5.9183605,3.75,26.18,37.529113,10.935018,0.07,6.0420377,3.75,26.18,39.789429999999996,11.424974,0.07,6.3143565,3.75,25.686878,40.443909
66,price,1.1147888318287171,1.1961427747885303,1.3658354938028299,2,optimal,193486.59340949,165998.27809885173,802.2413978237998,121.622930616,31.61,4.75,0.0,9.43,17.05,99.810616725,31.5,4.75,0.0,9.43,17.05,94.523140134,29.810000000000002,4.75,0.0,11.43,20.55,72.5111863,29.21,4.75,0.0,15.301671,29.4279302,31.305951,28.67,4.75,0.0,19.533342,37.952622,22.818489,23.689999999999998,4.75,0.0,23.705013,42.733047,18.1271892,17.11,5.4314473,0.0,26.18,44.646909,15.4820826,14.030000000000001,7.0608137,0.0,26.18,45.934256,14.98353269,13.67,8.0461307,0.0,26.18,47.202353,15.548744464999999,12.92,8.3813396,0.0,26.18,48.468365,16.116964416000002,10.690000000000001,8.7183326,0.0,26.18,49.688756999999995,17.207728517,5.59,8.8553742,0.0,26.18,50.344526,18.74191544,2.75,8.8553742,0.0,26.18,50.344526,20.168404577,2.75,8.8553742,0.0,26.18,50.344526,16.2574791438,2.75,8.8553742,1.25,26.18,50.344526,14.0973,2.75,8.8553742,2.5,26.18,50.344526,12.574106,2.75,8.8553742,3.75,25.041671,50.729286,12.655733,1.84,8.8553742,3.75,26.18,51.116389999999996,13.42949,1.84,8.8553742,3.75,26.18,51.506237,14.207111,1.84,8.1700568,3.75,26.18,51.898031,14.990183,1.84,8.5335955,3.75,26.18,52.292572,15.777113,1.33,8.8989252,3.75,26.18,52.689056,16.542504,0.07,9.2434868,3.75,26.18,53.25934,17.339662,0.07,9.6131702,3.75,26.18,53.646846999999994,18.046671,0.07,10.004413,3.75,26.18,54.743077,18.708899,0.07,10.373384,3.75,26.18,56.164229000000006,19.024817,0.07,10.732267,3.75,26.18,60.000837000000004,19.621454,0.07,11.080938,3.75,26.18,61.923279
67,price,1.2186184441873722,1.4387463973787735,1.276018473254677,8,optimal,213037.75130218,175985.44602115062,968.2752684590002,121.622930616,31.61,4.75,0.0,9.43,17.05,99.032765725,31.5,4.75,0.0,9.8918522,17.05,93.855151534,29.810000000000002,4.75,0.0,11.891852,20.55,73.36874380200001,29.21,4.75,0.0,15.583889000000001,28.8441197,57.908342807000004,28.67,4.75,0.0,19.635926,37.13824,46.465427,23.689999999999998,4.75,0.0,23.627963,41.797225999999995,21.786684,17.11,4.75,0.0,26.18,45.959402999999995,23.807102999999998,14.030000000000001,4.75,0.0,26.18,47.559026,24.099777000000003,13.67,5.2345517,0.0,26.18,49.174118,17.9112221,12.92,8.1704847,0.0,26.18,50.806044,18.731960100000002,10.690000000000001,8.5454114,0.0,26.18,52.452086,18.366910181999998,5.59,9.6586202,0.0,26.18,54.11498400000001,19.250184842,2.75,10.011585,0.0,26.18,55.791973999999996,20.142350271999998,2.75,10.368103,0.0,26.18,57.485845,20.544093,2.75,11.192497,0.0,26.18,59.193784,21.356367,2.75,11.64507,0.0,26.18,60.918625999999996,22.851415,2.75,12.492567,0.0,24.862037,63.48734399999999,23.00143,1.84,12.561644,0.0,26.18,64.411874,23.83558,1.84,13.026404,0.0,26.18,66.183168,26.211435477,1.84,12.083751,0.0,26.18,67.498615,23.433987002,1.84,12.083751,1.25,26.18,67.218615,21.019656,1.33,12.083751,2.5,26.18,67.511774,19.057877,0.07,12.083751,3.75,26.18,68.285971,20.178799,0.07,12.083751,3.75,26.18,68.404026,21.431765,0.07,12.218971,3.75,26.18,67.71208200000001,22.727387,0.07,12.726119,3.75,26.18,66.765939,23.136788,0.07,13.206143,3.75,26.18,72.00900899999999,23.139136,0.07,13.206143,3.75,27.330588400000003,72.975074
68,price,1.2755007313919537,0.724879501775703,0.6944841817206869,5,optimal,202405.8963344,169329.83688483425,894.6757716973999,121.622930616,31.61,4.75,0.0,9.43,17.05,99.810616725,31.5,4.75,0.0,9.43,17.05,96.669913725,29.810000000000002,4.75,0.0,10.818968,18.5988339,33.5202185,29.21,9.6395941,0.0,13.347937,22.6003555,28.6324342,28.67,9.6395941,0.0,16.236905,27.1145022,24.6229761594,23.689999999999998,9.6395941,0.0,19.065873,31.62865,23.08205,17.11,9.6973277,0.0,20.454842,36.142796000000004,21.560645,14.030000000000001,9.7125843,0.0,21.843809999999998,40.656943999999996,20.915141,13.67,9.7653082,0.0,23.232779,43.330953,20.402292,12.92,9.8249257,0.0,24.621747,45.761646999999996,19.906114,10.690000000000001,9.8893905,0.0,26.010714999999998,48.192342,20.333425,5.59,10.322459,0.0,26.18,51.161343,20.892043,2.75,10.811125,0.0,26.18,54.135565,21.465002,2.75,11.305359,0.0,26.18,57.115832,22.169958,2.75,11.806386,0.0,26.18,59.70368,23.500908,2.75,12.323153,0.0,26.18,60.264516,27.080124771999998,2.75,12.75279,0.0,23.698968,61.898909,23.843418,1.84,12.75279,1.25,24.067937,61.828908999999996,21.466518,1.84,12.75279,2.5,24.566905,61.748909,18.842233,1.84,10.796761,3.75,25.905873,62.331834,19.845892,1.84,11.257238,3.75,26.18,62.920831,20.620807,1.33,11.768257,3.75,26.18,66.310233,21.609157,0.07,12.336626,3.75,26.18,68.39438,22.805227,0.07,12.894296,3.75,26.18,69.198527,24.135866,0.07,13.461851,3.75,26.18,69.192674,25.810496,0.07,14.035863,3.75,26.18,68.836821,24.93325,0.07,13.978129,3.75,27.568968400000003,73.35096899999999,24.576115,0.07,13.962872,3.75,28.9579367,76.316282
69,price,0.93743474121704,1.3594769203586048,0.8082913778784868,3,optimal,172046.03902027,147687.01640385372,751.5328232380002,121.622930616,31.61,4.75,0.0,9.43,17.05,100.641785725,31.5,4.75,0.0,11.046583,20.55,95.863693134,29.810000000000002,4.75,0.0,13.046583,24.05,71.03075160200001,29.21,4.75,0.0,15.803166000000001,29.303894,58.89786325,28.67,4.75,0.0,18.919748000000002,34.557788,24.205542,23.689999999999998,4.75,0.0,21.976331000000002,39.577821,21.55658,17.11,4.75,0.0,23.592914,42.406841,19.6739897,14.030000000000001,4.75,0.0,25.209497,43.770001,14.447661,13.67,6.5825034,0.0,26.18,43.843472000000006,14.770211799999998,12.92,6.7356193,0.0,26.18,44.506556,14.108683560000001,10.690000000000001,7.4995548,0.0,26.18,45.173085,14.682190397000001,5.59,7.4995548,0.0,26.18,45.803413,15.280527800000002,2.75,7.4995548,0.0,26.18,46.331573,16.032151076999998,2.75,7.4995548,0.0,26.18,46.331573,16.734003677,2.75,7.4995548,0.0,26.18,46.331573,12.80795,2.75,7.4995548,1.25,26.18,46.331573,11.593436,2.75,7.4995548,2.5,23.926583,46.301573000000005,8.6596699,1.84,7.4995548,3.75,24.523166000000003,46.25395,8.5835992,1.84,7.4995548,3.75,25.249747999999997,46.436457000000004,8.3814214,1.84,5.3309363,3.75,26.18,46.617327,8.7385768,1.84,5.4967445,3.75,26.18,46.797275,8.8958325,1.33,5.6318246,3.75,26.18,48.25215,9.2753804,0.07,5.7962343,3.75,26.18,48.247023999999996,9.8480867,0.07,5.9883543,3.75,26.18,46.961898,10.540359,0.07,6.1614978,3.75,26.18,44.866772,11.276917,0.07,6.334798,3.75,26.18,42.421646,11.686135,0.07,6.462288,3.786312,26.18,41.34652,11.696894,0.07,6.462288,4.0378802,25.796583,41.122711
70,price,1.0057358916529302,1.017160787512652,0.678172526067512,7,optimal,174415.16691884,149921.60701614298,746.2670083103,121.622930616,31.61,4.75,0.0,9.43,17.05,100.729840725,31.5,4.75,0.0,10.786345,20.5199032,95.951749134,29.810000000000002,4.75,0.0,12.786345,24.0199032,41.364072,29.21,5.5237467,0.0,15.28269,28.428024999999998,25.3193117,28.67,7.6239034,0.0,18.139035,32.836146,19.4711682,23.689999999999998,7.6239034,0.0,20.935380000000002,37.244268,17.5602867,17.11,7.6239034,0.0,22.291725,40.415418,15.855789869999999,14.030000000000001,7.8517178,0.0,23.648069999999997,43.237163,14.584454796000001,13.67,7.8517178,0.0,25.004415,45.871578,14.406649658000001,12.92,7.8517178,0.0,26.18,46.04346700000001,14.867992469999999,10.690000000000001,7.9776071,0.0,26.18,46.941196000000005,15.268018353099999,5.59,8.2153681,0.0,26.18,47.847351,15.668526866099999,2.75,8.4528971,0.0,26.18,48.752621000000005,16.0697863151,2.75,8.6908713,0.0,26.18,49.659589,16.480884,2.75,8.9286134,0.0,26.18,50.520551,16.908382,2.75,9.1668009,0.0,26.18,51.383127,19.351464,2.75,10.163012,0.0,23.666345,51.471176,19.843998,1.84,10.305182,0.0,24.00269,51.401176,20.249769,1.84,10.408859,0.0,24.469034999999998,51.321176,17.499131907000002,1.84,8.0395141,1.25,25.77538,51.231176000000005,13.74753,1.84,8.0395141,2.5,26.18,51.493766,11.171086,1.33,8.0395141,3.75,26.18,52.558284,11.7935,0.07,8.0395141,3.75,26.18,52.162801,12.612014,0.07,7.3886959,3.75,26.18,50.487319,13.553125,0.07,7.6457074,3.75,26.18,48.001836999999995,14.259462,0.07,7.8943072,3.75,26.18,47.134658,14.665445,0.07,8.1325245,3.75,26.18,48.072877000000005,15.39064,0.07,8.5331565,3.7812873,25.536344999999997,48.980998
71,price,1.16026897183986,1.3671588997053887,0.6272364658222204,6,optimal,204864.7158895,170651.40357262766,922.175340289,121.622930616,31.61,4.75,0.0,9.43,17.05,100.458996725,31.5,4.75,0.0,11.43,20.55,95.463647134,29.810000000000002,4.75,0.0,13.43,24.638208,72.926826402,29.21,4.75,0.0,15.824473000000001,28.715245000000003,64.82773076,28.67,4.75,0.0,18.578946,32.792282,30.808042,23.689999999999998,4.75,0.0,21.273418999999997,36.869319,28.732418,17.11,4.75,0.0,22.527892,40.946356,27.169748,14.030000000000001,4.75,0.0,23.782365,45.023393,21.1357219,13.67,6.3793991,0.0,25.036838000000003,47.218721,17.259419,12.92,7.8727305,0.0,26.18,49.414047999999994,16.697187412,10.690000000000001,8.9907001,0.0,26.18,50.88817,17.462082492,5.59,9.2970427,0.0,26.18,52.37527,18.233947642,2.75,9.6054873,0.0,26.18,53.862541,18.729586,2.75,10.181515,0.0,26.18,55.340728,19.430399,2.75,10.571984,0.0,26.18,56.828885,20.137209,2.75,10.965795,0.0,26.18,58.329777,22.198518512,2.75,12.129642,0.0,23.564473,61.400931,23.510245482,1.84,12.129642,0.0,23.798946,61.330931,20.766012,1.84,12.129642,1.25,24.163418999999998,61.250930999999994,18.509093212,1.84,9.4902777,2.5,25.367891999999998,62.392809,15.095012,1.84,9.4902777,3.75,26.18,63.994519,15.92223,1.33,9.6521174,3.75,26.18,64.906228,16.981616,0.07,10.077777,3.75,26.18,64.357937,17.929236,0.07,10.52433,3.75,26.18,64.724975,19.006311,0.07,10.956192,3.75,26.18,64.28201200000001,20.137257,0.07,11.392364,3.75,26.18,63.489049,20.354212,0.07,11.494945,3.75,26.6889459,64.066086,20.669705,0.07,11.604121,3.75,27.1978919,64.054915
72,price,1.0717856578555511,1.4537239488898268,0.7250773199228691,2,optimal,193464.12416003,162589.55268901036,866.2675413899998,121.622930616,31.61,4.75,0.0,9.43,17.05,100.458996725,31.5,4.75,0.0,11.43,20.55,95.680905134,29.810000000000002,4.75,0.0,13.43,24.05,72.089865002,29.21,4.75,0.0,16.020155,28.763002999999998,62.058185406999996,28.67,4.75,0.0,18.970309,33.476005,51.123141,23.689999999999998,4.75,0.0,21.860464,38.189008,24.774588,17.11,4.75,0.0,23.310619000000003,42.499519,23.258076000000003,14.030000000000001,4.75,0.0,24.760773,45.03729,22.229521,13.67,4.770704,0.0,26.18,46.361141,16.271001899999998,12.92,7.4212049,0.0,26.18,47.516481,16.8367004,10.690000000000001,7.6796256,0.0,26.18,48.651026,17.403007207,5.59,7.9395042,0.0,26.18,49.735156,18.550607846000002,2.75,7.9395042,0.0,26.18,50.311437,20.014600146000003,2.75,7.9395042,0.0,26.18,50.311437,15.844532007,2.75,7.9395042,1.25,26.18,50.311437,12.927685,2.75,7.9395042,2.5,26.18,50.311437,12.116871,2.75,7.9395042,3.75,23.760154999999997,50.41664,12.527677,1.84,7.9395042,3.75,24.190309,50.754357999999996,12.863744,1.84,7.9395042,3.75,24.750464,51.093931,12.69523,1.84,7.4863828,3.75,26.150619,51.434582000000006,13.118104,1.84,7.7624556,3.75,26.18,53.329814,13.667301,1.33,8.0744096,3.75,26.18,54.535046,14.444744,0.07,8.3959135,3.75,26.18,54.280277999999996,15.421133,0.07,8.7376798,3.75,26.18,52.745509999999996,16.182071,0.07,9.0710645,3.75,26.18,52.780730000000005,16.898159,0.07,9.365968,3.7803973,26.18,52.623732,17.647166,0.07,9.7921019,3.8375627,25.630155000000002,53.836735000000004,17.540998,0.07,9.7921019,3.8375627,26.182643300000002,55.049738000000005
73,price,0.9079336581879748,0.7900437967849663,0.773162863999243,3,optimal,157088.39845982,136622.77742254917,674.1781954426001,121.622930616,31.61,4.75,0.0,9.43,17.05,99.810616725,31.5,4.75,0.0,9.43,17.05,94.523140134,29.810000000000002,4.75,0.0,11.43,20.55,34.9318763,29.21,7.7786528,0.0,14.116326,25.575559,27.8963371,28.67,7.7786528,0.0,17.162651,28.281629,21.8514684,23.689999999999998,7.7786528,0.0,20.148977000000002,31.10323,18.41480042,17.11,7.7786528,0.0,21.695303000000003,36.128788,16.117997341,14.030000000000001,7.7786528,0.0,23.241629000000003,38.597094,15.431974,13.67,7.7786528,0.0,24.787954,38.597094,14.845595,12.92,7.7786528,0.0,26.18,38.762051,15.231738,10.690000000000001,7.7786528,0.0,26.18,38.924764,15.620838359399999,5.59,7.7786528,0.0,26.18,39.085956,16.060677745099998,2.75,7.7786528,0.0,26.18,39.254580000000004,16.3730123251,2.75,7.7786528,0.0,26.18,39.795877000000004,17.039448077,2.75,7.7786528,0.0,26.18,39.892616000000004,13.336306,2.75,7.7786528,1.25,26.18,39.892616000000004,11.683582,2.75,7.7786528,2.5,23.856326000000003,39.862616,8.7231832,1.84,7.7786528,3.75,24.382651000000003,39.792616,8.6228134,1.84,7.7786528,3.75,25.038977000000003,39.929131,8.2238546,1.84,4.9644436,3.75,26.18,40.074917,8.5101629,1.84,5.0731946,3.75,26.18,40.219170000000005,8.6060349,1.33,5.1672821,3.75,26.18,41.568658,8.9228917,0.07,5.2758489,3.75,26.18,41.458147,9.4316362,0.07,5.410639,3.75,26.18,40.067634999999996,10.049606,0.07,5.5487155,3.75,26.18,37.930164000000005,10.878147,0.07,5.6811128,3.75,26.18,36.499916,10.485452,0.07,5.7915549,3.75,26.18,38.819404,10.932075,0.07,6.0230317,3.75,25.726326,39.402739
74,price,1.0658600644564995,1.2095640399161178,1.3076172252944902,1,optimal,187264.15156265,161583.44719392917,771.3157007030001,121.622930616,31.61,4.75,0.0,9.43,17.05,99.810616725,31.5,4.75,0.0,9.43,17.05,94.523140134,29.810000000000002,4.75,0.0,11.43,20.55,72.8726218,29.21,4.75,0.0,15.185234000000001,29.049512300000004,31.599029,28.67,4.75,0.0,19.300469,37.324111,22.976767000000002,23.689999999999998,4.75,0.0,23.355703,41.900771000000006,17.914263300000002,17.11,5.3530568,0.0,25.970937999999997,44.176416,15.1003151,14.030000000000001,6.886416,0.0,26.18,45.168598,14.57244778,13.67,7.8023291,0.0,26.18,46.218173,15.25885752,12.92,7.9823923,0.0,26.18,47.230689,16.5809726,10.690000000000001,7.9823923,0.0,26.18,47.230689,17.907598307,5.59,7.9823923,0.0,26.18,47.230689,19.205173946000002,2.75,7.9823923,0.0,26.18,47.230689,14.849316875,2.75,7.9823923,1.25,26.18,47.230689,12.510442,2.75,7.9823923,2.5,26.18,47.230689,10.19406,2.75,7.9823923,3.75,26.18,47.527179000000004,11.605101,2.75,7.9823923,3.75,24.925234000000003,47.856747,11.504964,1.84,7.9823923,3.75,26.18,48.18766,12.165188,1.84,7.9823923,3.75,26.18,48.520306000000005,12.827316,1.84,7.3947315,3.75,26.18,48.85391,13.492885,1.84,7.7037199,3.75,26.18,49.189249000000004,14.160354,1.33,8.01359,3.75,26.18,49.525544,14.801785,0.07,8.3016712,3.75,26.18,50.05076,15.49284,0.07,8.6146575,3.75,26.18,50.263611,16.155074,0.07,8.9504788,3.75,26.18,50.741962,16.712571,0.07,9.2610972,3.75,26.18,51.949036,17.20232,0.07,9.5704974,3.75,26.18,53.580124,17.69675,0.07,9.859185,3.75,26.18,55.232597
75,price,0.9085855505108765,1.6088456814482817,0.6494775482988582,2,optimal,171629.95582368,143092.78574408774,824.7949627248003,121.622930616,31.61,4.75,0.0,9.43,17.05,100.458996725,31.5,4.75,0.0,11.43,20.55,95.680905134,29.810000000000002,4.75,0.0,13.43,24.05,73.78259860200001,29.21,4.75,0.0,15.868955,28.271604,62.040447832000005,28.67,4.75,0.0,18.66791,32.493208,50.130443,23.689999999999998,4.75,0.0,21.406865000000003,36.714812,44.544385,17.11,4.75,0.0,22.705820000000003,40.385855,41.256957,14.030000000000001,4.75,0.0,24.004775000000002,42.659026,19.707224500000002,13.67,4.75,0.0,25.303731,43.825734,19.287507599999998,12.92,4.75,0.0,26.18,43.860233,19.961400400000002,10.690000000000001,4.75,0.0,26.18,44.398078999999996,17.755106746,5.59,5.7176504,0.0,26.18,44.930962,17.753627546,2.75,5.7176504,0.0,26.18,44.930962,18.44376964,2.75,5.7176504,0.0,26.18,44.930962,13.533331356000001,2.75,5.7176504,1.25,26.18,44.930962,9.249966,2.75,5.7176504,2.5,26.18,44.930962,8.1574559,2.75,5.7176504,3.75,23.608955,44.900962,8.3131087,1.84,5.7176504,3.75,23.887909999999998,44.884913,8.3617034,1.84,5.7176504,3.75,24.296864999999997,45.033692,7.925252838,1.84,5.0305498,3.75,25.54582,45.180253,7.7920086,1.84,5.0305498,3.75,26.18,45.406288,8.040312122,1.33,5.0602949,3.75,26.18,46.384721,7.890220567799999,0.07,5.0602949,3.9321256,26.18,45.903153,8.0721366,0.07,5.0602949,4.093893,26.18,44.141586000000004,8.4222883,0.07,5.0602949,4.2350601,26.18,41.570018,8.8163913,0.07,5.0602949,4.3758462,26.18,38.648450999999994,8.9147657,0.07,5.0602949,4.7169016,25.478955,37.096884,8.879721,0.07,5.0602949,5.051458,24.77791,36.561644
76,price,0.9371967970648913,1.7594998884137085,1.2026923345026868,6,optimal,176065.77709296,145138.18377523465,859.145901609,121.622930616,31.61,4.75,0.0,9.43,17.05,99.40927672500001,31.5,4.75,0.0,10.478461,19.2934761,94.631185134,29.810000000000002,4.75,0.0,12.478461,22.7934761,70.63766150200001,29.21,4.75,0.0,16.023846,30.610976,52.12656011199999,28.67,4.75,0.0,19.929231,38.25201,39.852681,23.689999999999998,4.75,0.0,23.774614999999997,42.461434,36.518996,17.11,4.75,0.0,26.18,42.461434,37.440595,14.030000000000001,4.75,0.0,26.18,43.155221,38.356164,13.67,4.75,0.0,26.18,43.829811,38.470683547,12.92,4.75,0.0,26.18,44.50122399999999,20.843195,10.690000000000001,4.75,0.0,26.18,45.166925,21.01736784,5.59,4.8479393,0.0,26.18,45.82944,15.663391167,2.75,7.1865441,0.0,26.18,46.48625,15.984636337000001,2.75,7.3354218,0.0,26.18,47.139868,15.876166207,2.75,7.8079023,0.0,26.18,47.787786,15.539805758000002,2.75,8.3599041,0.0,26.18,48.400402,17.650443027,2.75,8.3599041,0.0,24.715384999999998,49.172883,16.751061767,1.84,8.3599041,0.0,26.100769,49.102883,13.582852,1.84,8.3599041,1.25,26.18,49.022883,12.217095546000001,1.84,5.5979654,2.5,26.18,48.932883000000004,8.5018295,1.84,5.5979654,3.75,26.18,48.652883,8.699045,1.33,5.5979654,3.7994232,26.18,48.830905,8.721262112,0.07,5.5979654,3.9368021,26.18,49.115375,8.677722112,0.07,5.5979654,4.1161187,26.18,49.013452,8.3341612,0.07,5.5979654,4.47131,26.18,48.101529,7.8960218,0.07,5.5979654,4.8882183,26.18,46.839606,7.5942108,0.07,5.5979654,5.2201287,26.18,45.898996999999994,6.5289008,0.07,5.5979654,6.0211515,26.18,42.56967
77,price,0.9528715366476783,1.1254036304890476,0.8713559142241388,3,optimal,170066.52072,148784.2218885772,689.1050182792002,121.622930616,31.61,4.75,0.0,9.43,17.05,98.94182552500001,31.5,4.75,0.0,11.172712,19.1794055,94.163733634,29.810000000000002,4.75,0.0,13.172712,22.6794055,43.687315999999996,29.21,4.75,0.0,16.055424,28.343219,32.640620999999996,28.67,4.75,0.0,19.298135000000002,34.007032,20.9190072,23.689999999999998,5.5816191,0.0,22.480846999999997,38.763166,16.1814448,17.11,6.5357755,0.0,24.223559,41.812911,14.3311856,14.030000000000001,6.5357755,0.0,25.966271,43.535075,13.685127309999999,13.67,7.2403523,0.0,26.18,43.923334,13.943865950000001,12.92,7.4295373,0.0,26.18,44.802004,14.30167011,10.690000000000001,7.6191784,0.0,26.18,45.366576,14.8413423151,5.59,7.8113014,0.0,26.18,45.366576,15.378423725100001,2.75,8.0021932,0.0,26.18,45.366576,16.221277087,2.75,8.0021932,0.0,26.18,45.366576,17.060382507,2.75,8.0021932,0.0,26.18,45.366576,13.369182,2.75,8.0021932,1.25,26.18,45.366576,12.11566,2.75,8.0021932,2.5,24.052712,45.337644,9.1053997,1.84,8.0021932,3.75,24.775424,45.538799,8.9890618,1.84,8.0021932,3.75,25.628135,45.739352,9.0515799,1.84,5.5837436,3.75,26.18,45.938582,9.4458068,1.84,5.7667621,3.75,26.18,46.137208,9.6688337,1.33,5.9203195,3.75,26.18,47.428786,10.060535,0.07,6.1016077,3.75,26.18,47.612853,10.646059,0.07,6.3108944,3.75,26.18,46.516920999999996,11.351835,0.07,6.5015015,3.75,26.18,44.610989000000004,12.10256,0.07,6.692553,3.75,26.18,42.355057,12.416636,0.07,6.8675456,3.75,26.18,42.839719,12.861716,0.07,7.0960019,3.75,25.922711999999997,43.590575
78,price,1.2497764805769893,1.160628319045444,0.6656360048124976,8,optimal,212182.73848956,178132.33848587907,914.750823784,121.622930616,31.61,4.75,0.0,9.43,17.05,100.768351725,31.5,4.75,0.0,10.781096,20.55,95.990260134,29.810000000000002,4.75,0.0,12.781096,24.05,47.536139000000006,29.21,4.75,0.0,15.252368,28.376634,39.73499,28.67,4.75,0.0,18.08364,32.703268,31.017318,23.689999999999998,5.2456045,0.0,20.854912,37.029902,23.749451,17.11,6.7919445,0.0,22.186183999999997,41.356536,19.0959307,14.030000000000001,8.2300691,0.0,23.517456000000003,45.683170000000004,17.54039995,13.67,8.9810994,0.0,24.848728,48.496021,17.17124132,12.92,9.1151093,0.0,26.18,50.825747,17.768546,10.690000000000001,9.6355391,0.0,26.18,53.155473,18.584354,5.59,10.100596,0.0,26.18,55.03233,19.427285,2.75,10.570249,0.0,26.18,56.822272,20.279211,2.75,11.044914,0.0,26.18,58.631315,21.138794,2.75,11.523845,0.0,26.18,60.456617,21.958111,2.75,12.028435,0.0,26.18,62.662366000000006,24.186073,2.75,13.24963,0.0,23.641272,65.760167,24.910938,1.84,13.650075,0.0,23.952544000000003,67.442516,25.578135,1.84,14.016958,0.0,24.393816,69.062181,26.942069557000003,1.84,12.876512,0.0,25.675088000000002,70.130325,24.004051781999998,1.84,12.876512,1.25,26.18,70.352897,21.774221,1.33,12.876512,2.5,26.18,71.379805,19.805092,0.07,12.876512,3.75,26.18,72.878005,20.959031,0.07,12.876512,3.75,26.18,73.494639,22.246397,0.07,12.876512,3.75,26.18,73.301273,23.591484,0.07,13.420218,3.75,26.18,72.75790699999999,23.519385,0.07,13.380525,3.75,27.491448000000002,73.584541,23.850633,0.07,13.540661,3.75,28.153992,74.411175
79,price,1.1489253454861041,0.8283808424591024,0.6905393280371378,8,optimal,188142.78915148,158370.26159315984,834.536116597,121.622930616,31.61,4.75,0.0,9.43,17.05,99.810616725,31.5,4.75,0.0,9.43,17.05,94.523140134,29.810000000000002,4.75,0.0,11.43,20.55,32.7816349,29.21,8.9068555,0.0,13.951079,25.0385056,26.7992103,28.67,8.9068555,0.0,16.832157,29.527011299999998,22.27337482,23.689999999999998,8.9068555,0.0,19.653236,34.015517,20.30197833,17.11,8.9068555,0.0,21.034315,38.504023,19.11239922,14.030000000000001,8.9068555,0.0,22.415393,41.359835000000004,18.142728945,13.67,8.9068555,0.0,23.796472,43.776723000000004,17.459248,12.92,8.9068555,0.0,25.177551,46.265444,16.989122,10.690000000000001,8.9580027,0.0,26.18,49.087341,17.231317,5.59,9.3222673,0.0,26.18,51.912673,17.856825,2.75,9.6952416,0.0,26.18,53.487443,18.533196,2.75,10.072093,0.0,26.18,54.923699,19.213887,2.75,10.451351,0.0,26.18,56.369129,20.212087,2.75,10.838922,0.0,26.18,56.789750999999995,22.96491,2.75,11.975605,0.0,23.691079000000002,57.213015999999996,23.72296,1.84,12.26009,0.0,24.052157,57.639323,24.357587,1.84,12.508083,0.0,24.543236,58.193619,25.267325607,1.84,11.559235,0.0,25.874315000000003,58.727001,21.094004,1.84,11.559235,1.25,26.18,60.518619,18.888583,1.33,11.559235,2.5,26.18,61.620237,16.914826,0.07,11.559235,3.75,26.18,61.261855,18.116876,0.07,10.314327,3.75,26.18,59.623473000000004,19.101612,0.07,10.730479,3.75,26.18,59.591978,20.181568,0.07,11.15073,3.75,26.18,59.210483999999994,20.444686,0.07,11.547986,3.75,26.18,63.698989999999995,20.617483,0.07,11.657235,3.75,26.6847102,64.687495
80,price,1.0863732964657058,0.8012978622580278,1.1054017537622067,4,optimal,179633.95367338,153857.44238421414,767.6810237892,121.622930616,31.61,4.75,0.0,9.43,17.05,99.810616725,31.5,4.75,0.0,9.43,17.05,96.147318725,29.810000000000002,4.75,0.0,10.691712,19.6204912,34.4278145,29.21,8.1026456,0.0,14.042515,26.0008154,26.9631738,28.67,8.1026456,0.0,17.753319,29.869722000000003,20.77616067,23.689999999999998,8.1026456,0.0,21.404122,33.738628,16.560635,17.11,8.1026456,0.0,23.614925999999997,40.401531000000006,15.259428,14.030000000000001,8.1026456,0.0,25.825729000000003,42.431046,15.02013,13.67,8.1026456,0.0,26.18,45.408773,15.90274764,12.92,8.2247728,0.0,26.18,45.749508,16.683172579,10.690000000000001,8.5400096,0.0,26.18,46.091628,17.4676219772,5.59,8.8572247,0.0,26.18,46.435894,18.27792,2.75,9.1757132,0.0,26.18,46.781543,19.103298,2.75,9.4961825,0.0,26.18,47.129341,19.790777,2.75,9.8155767,0.0,26.18,47.91493,20.973983557,2.75,9.8155767,0.0,26.18,48.637027,18.927887,2.75,9.8155767,1.25,24.520804,48.607027,15.366881,1.84,9.8155767,2.5,25.711607,48.537026999999995,12.854206,1.84,9.8155767,3.75,26.18,48.662605,13.564754,1.84,7.7253319,3.75,26.18,49.020605,14.279586,1.84,8.0571904,3.75,26.18,49.380764,14.961545,1.33,8.3667098,3.75,26.18,49.973343,15.602245,0.07,8.6989907,3.75,26.18,50.859548000000004,16.348943,0.07,9.0425564,3.75,26.18,51.118898,16.94812,0.07,9.3923376,3.75,26.18,52.478623,17.549525,0.07,9.7274202,3.75,26.18,53.826621,17.985927,0.07,10.058247,3.75,26.18,56.13566,18.503676,0.07,10.371401,3.75,26.18,58.037644
81,price,0.9128325394472615,1.588165059145424,1.2294358087515986,5,optimal,170501.78945829,143276.66312354302,797.3764079239,121.622930616,31.61,4.75,0.0,9.43,17.05,99.34780072500001,31.5,4.75,0.0,10.264514,19.156843600000002,94.56970913400001,29.810000000000002,4.75,0.0,12.264514,22.656843600000002,70.752979902,29.21,4.75,0.0,15.863385000000001,30.648176,52.492187742000006,28.67,4.75,0.0,19.822257,37.881955000000005,39.726595,23.689999999999998,4.75,0.0,23.721128,42.184981,36.10971,17.11,4.75,0.0,26.18,42.184981,36.923139,14.030000000000001,4.75,0.0,26.18,42.797336,18.7004354,13.67,4.75,0.0,26.18,43.367125,19.4007857,12.92,4.75,0.0,26.18,43.95538,18.0486124,10.690000000000001,5.4039888,0.0,26.18,44.536208,15.069567207,5.59,6.8735504,0.0,26.18,45.112114000000005,14.766305817000001,2.75,7.364392,0.0,26.18,45.674975,14.5587355351,2.75,7.7947151,0.0,26.18,46.210469,14.914867047000001,2.75,7.8717876,0.0,26.18,46.738922,15.569107407,2.75,7.8717876,0.0,26.18,46.738922,17.699137347,2.75,7.8717876,0.0,24.768872,46.708922,12.757391,1.84,7.8717876,1.25,26.18,46.638922,10.125009,1.84,7.8717876,2.5,26.18,46.558922,7.620126350099999,1.84,4.9341786,3.75,26.18,46.468922000000006,7.885271147,1.84,5.0748708,3.75,26.18,46.188922000000005,8.1064899,1.33,5.2098463,3.75,26.18,46.605104,8.239447212,0.07,5.2638289,3.7979396,26.18,47.084818,8.192511735699998,0.07,5.2638289,3.9454722,26.18,47.063126,8.2533559,0.07,5.2638289,4.1001839,26.18,46.231432999999996,8.4013114,0.07,5.2638289,4.2367795,26.18,45.049741,8.5458002,0.07,5.2638289,4.3715888,26.18,43.814538999999996,8.9770881,0.07,5.2638289,4.5159743,26.18,40.452245000000005
82,price,1.2661233074461236,1.4373373114123247,1.1542897858681784,7,optimal,220254.83185183,182225.09464749094,983.682323784,121.622930616,31.61,4.75,0.0,9.43,17.05,98.06467342500001,31.5,4.75,0.0,10.865682,18.3239288,93.286581534,29.810000000000002,4.75,0.0,12.865682,21.8239288,71.954275002,29.21,4.75,0.0,16.314261,29.326812,58.054786427,28.67,4.75,0.0,20.122841,36.829696,46.3236,23.689999999999998,4.75,0.0,23.87142,42.469242,22.512276,17.11,4.75,0.0,26.18,46.509256,24.758568,14.030000000000001,4.75,0.0,26.18,48.302403,24.704862,13.67,5.3846205,0.0,26.18,50.076254,18.4418833,12.92,8.4128995,0.0,26.18,51.870318,19.3451345,10.690000000000001,8.8255194,0.0,26.18,53.681843,19.103569262,5.59,9.9529962,0.0,26.18,55.513609,20.077547652,2.75,10.342207,0.0,26.18,57.362809,21.062200211999997,2.75,10.735684,0.0,26.18,59.232277999999994,21.4508,2.75,11.697684,0.0,26.18,61.119153,22.348937,2.75,12.198097,0.0,26.18,63.026323,24.056319,2.75,13.166579,0.0,24.61858,65.933989,24.310424,1.84,13.293975,0.0,25.907159,67.06604,25.24972,1.84,13.730798,0.0,26.18,68.294582,24.122605212,1.84,12.146715,1.25,26.18,68.204582,21.777301641999998,1.84,12.146715,2.5,26.18,68.551182,19.82348,1.33,12.146715,3.75,26.18,69.133829,21.005966,0.07,12.146715,3.75,26.18,69.624781,22.312285,0.07,12.698076,3.75,26.18,69.37765,23.638266,0.07,13.255145,3.75,26.18,69.11965000000001,24.558352,0.07,13.802293,3.75,26.18,71.752534,25.279755,0.07,14.347138,3.75,26.18,75.73001099999999,24.435225,0.07,14.347138,3.75,28.4885796,76.270025
83,price,0.9095555255915247,0.7721194676602618,1.3715690721282858,1,optimal,157353.77296768,138194.96411475993,655.3473737529999,121.622930616,31.61,4.75,0.0,9.43,17.05,99.810616725,31.5,4.75,0.0,9.43,17.05,97.26754772500001,29.810000000000002,4.75,0.0,11.127447,17.05,37.822645,29.21,7.3572267,0.0,15.010586,21.8504918,26.7730867,28.67,7.3572267,0.0,19.253724000000002,26.650984,19.131863629999998,23.689999999999998,7.3572267,0.0,23.436861999999998,29.849079,16.086803,17.11,7.3572267,0.0,26.18,32.248039999999996,14.709833,14.030000000000001,7.3572267,0.0,26.18,36.362747,15.025372122,13.67,7.3572267,0.0,26.18,36.940531,15.35581388,12.92,7.3572267,0.0,26.18,37.513208999999996,15.800569170000001,10.690000000000001,7.3572267,0.0,26.18,37.826889,16.547655707,5.59,7.3572267,0.0,26.18,37.826889,17.278451778,2.75,7.3572267,0.0,26.18,37.826889,13.180177,2.75,7.3572267,1.25,26.18,37.826889,9.9654493,2.75,7.3572267,2.5,26.18,37.826889,7.3244122,2.75,7.3572267,3.75,26.18,37.826889,8.3083606,2.75,7.3572267,3.75,25.053137999999997,37.980147,7.9291072,1.84,7.3572267,3.75,26.18,38.131557,8.2266506,1.84,7.3572267,3.75,26.18,38.28147,8.5198303,1.84,5.0025082,3.75,26.18,38.429185,8.8100336,1.84,5.1127387,3.75,26.18,38.5754,9.0958786,1.33,5.2213138,3.75,26.18,38.719419,9.3873379,0.07,5.3293563,3.75,26.18,38.801936,9.6745164,0.07,5.4456223,3.75,26.18,38.878292,10.02944,0.07,5.5807588,3.75,26.18,38.472999,10.335236,0.07,5.7078594,3.75,26.18,38.361351,10.555151,0.07,5.8080291,3.75,26.18,38.810944,10.772604,0.07,5.9291866,3.75,26.18,39.2727
84,price,1.1582885462238535,1.7415973331427481,0.8795074870976765,8,optimal,210440.55003343,169789.39604981377,1030.9435072871,121.622930616,31.61,4.75,0.0,9.43,17.05,100.573882725,31.5,4.75,0.0,11.189015,20.55,95.795791134,29.810000000000002,4.75,0.0,13.189015,24.05,73.243692502,29.21,4.75,0.0,16.08803,29.766798,60.501362397,28.67,4.75,0.0,19.347045,35.483597,47.92702,23.689999999999998,4.75,0.0,22.546059999999997,41.200396,44.705829,17.11,4.75,0.0,24.305075000000002,44.401343999999995,42.2847424761,14.030000000000001,4.75,0.0,26.06409,46.687939,43.073498057,13.67,4.75,0.0,26.18,48.02843,42.460509699999996,12.92,4.75,0.0,26.18,49.454445,28.07091,10.690000000000001,4.75,0.0,26.18,50.890326,22.396459426000003,5.59,6.9556711,0.0,26.18,52.338767,19.256557267,2.75,8.8517618,0.0,26.18,53.797056,19.979469117,2.75,9.1867881,0.0,26.18,55.267921,19.767789867,2.75,10.203935,0.0,26.18,56.748618,20.540571041999996,2.75,10.527235,0.0,26.18,58.241909,22.646582322,2.75,11.189178,0.0,24.069015,61.07415399999999,22.228635512,1.84,12.132734,0.0,24.808030000000002,62.123153,22.501870512,1.84,12.275407,0.0,25.677045,63.09098899999999,25.472093306,1.84,10.689314,0.0,26.18,64.25667299999999,21.883370007,1.84,10.689314,1.25,26.18,63.976673,18.856302301999996,1.33,10.689314,2.5,26.18,65.645195,16.681421,0.07,10.689314,3.75,26.18,65.853718,17.821591,0.07,10.689314,3.75,26.18,64.78224,17.514283,0.07,10.689314,4.4128654,26.18,62.900763,14.079945,0.07,10.689314,6.4128654,26.18,60.669285,14.730932,0.07,10.689314,6.4128654,26.18,62.886083,14.325466,0.07,10.689314,6.4128654,27.410266399999998,64.333434
85,price,0.9261595861446668,0.8828256821522682,0.821706667897592,6,optimal,160521.06853482,139101.25641429098,689.2771519394998,121.622930616,31.61,4.75,0.0,9.43,17.05,99.54581672500001,31.5,4.75,0.0,9.43,17.4171148,94.397035134,29.810000000000002,4.75,0.0,11.43,20.9171148,34.817074,29.21,7.678266,0.0,14.213413000000001,26.2582081,26.2154817,28.67,7.678266,0.0,17.356827,31.599301,19.3101615,23.689999999999998,7.678266,0.0,20.440240000000003,36.534873000000005,16.86407489,17.11,7.678266,0.0,22.083652999999998,39.410846,14.875740533,14.030000000000001,7.678266,0.0,23.727066999999998,42.286819,13.799194,13.67,7.678266,0.0,25.37048,43.552196,13.664619,12.92,7.678266,0.0,26.18,43.735107,14.119798470000001,10.690000000000001,7.678266,0.0,26.18,43.916145,14.6203135651,5.59,7.678266,0.0,26.18,44.096036999999995,15.065171005099998,2.75,7.771711,0.0,26.18,44.274058,15.4686425551,2.75,7.9346852,0.0,26.18,44.45093,15.8678513651,2.75,8.0959376,0.0,26.18,44.625934,16.1953317951,2.75,8.3819606,0.0,26.18,44.799787,18.193946978999996,2.75,9.0526371,0.0,23.953412999999998,44.971773,18.130139,1.84,9.0526371,0.0,24.576827,45.142252,14.299689,1.84,9.0526371,1.25,25.330240000000003,45.311577,12.099122707000001,1.84,5.6050228,2.5,26.18,45.247988,8.4892216,1.84,5.6050228,3.75,26.18,45.414294,8.7800122,1.33,5.6050228,3.75,26.18,45.809788,9.123195,0.07,5.6050228,3.75,26.18,45.844908,9.6590506,0.07,5.7665121,3.75,26.18,44.600027999999995,10.313972,0.07,5.9259407,3.75,26.18,42.545148,11.012694,0.07,6.085316,3.75,26.18,40.140268,11.021118,0.07,6.2193152,3.75,26.18,42.238273,11.705754,0.07,6.4753909,3.75,25.823413000000002,41.107655
86,price,1.1201273006802968,1.313149768100001,0.9991891618456119,3,optimal,196974.78686415,167075.7548654632,847.0923217449999,121.622930616,31.61,4.75,0.0,9.43,17.05,100.45977072500001,31.5,4.75,0.0,11.428378,20.55,95.68167813400001,29.810000000000002,4.75,0.0,13.428378,24.05,69.366646202,29.21,4.75,0.0,16.566757,30.544728999999997,55.97690568,28.67,4.75,0.0,20.065135,37.039459,23.683844999999998,23.689999999999998,4.75,0.0,23.503512999999998,41.695948,21.188761,17.11,4.75,0.0,25.501891999999998,45.193110000000004,21.856202000000003,14.030000000000001,4.75,0.0,26.18,46.017794,16.164921800000002,13.67,7.3727461,0.0,26.18,47.303732,16.8110099,12.92,7.6678897,0.0,26.18,48.599502,16.178105445,10.690000000000001,8.7545934,0.0,26.18,49.902445,16.839604411,5.59,9.0482946,0.0,26.18,51.179489000000004,17.626696137,2.75,9.2689904,0.0,26.18,52.433711,19.201445748,2.75,9.2689904,0.0,26.18,52.433711,20.671495947,2.75,9.2689904,0.0,26.18,52.433711,16.912462,2.75,9.2689904,1.25,26.18,52.433711,15.908394,2.75,9.2689904,2.5,24.308377999999998,52.403711,13.125139,1.84,9.2689904,3.75,25.286757,52.796945,13.372443,1.84,9.2689904,3.75,26.18,53.193033,14.162665,1.84,8.2478452,3.75,26.18,53.591176000000004,14.958558,1.84,8.6173357,3.75,26.18,53.992176,15.601421,1.33,8.9608739,3.75,26.18,55.415014,16.381513,0.07,9.3339987,3.75,26.18,55.982581999999994,17.362632,0.07,9.7158842,3.75,26.18,55.270149,18.253057,0.07,10.119405,3.75,26.18,55.271894,18.926712,0.07,10.494743,3.75,26.18,56.800629,19.353634,0.07,10.86356,3.75,26.18,59.795359,19.443673,0.07,10.88287,3.75,26.9575535,60.457022
87,price,1.1302820641356395,1.7633286349266222,0.9664636483888953,3,optimal,205716.02974062,171157.40048767813,924.4467087630001,121.622930616,31.61,4.75,0.0,9.43,17.05,100.490972725,31.5,4.75,0.0,11.362927,20.55,95.712881134,29.810000000000002,4.75,0.0,13.362927,24.05,71.569659602,29.21,4.75,0.0,16.435855,30.332014,57.434487837,28.67,4.75,0.0,19.868782,36.614028000000005,45.172911,23.689999999999998,4.75,0.0,23.241709,42.089471,41.24906,17.11,4.75,0.0,25.174636,45.472094,41.541406,14.030000000000001,4.75,0.0,26.18,46.176700999999994,42.563076057,13.67,4.75,0.0,26.18,47.496576000000005,41.992867245999996,12.92,4.75,0.0,26.18,48.827004,27.142961999999997,10.690000000000001,4.75,0.0,26.18,50.165322,23.69855124,5.59,6.1427863,0.0,26.18,51.514207,19.368798346,2.75,8.3593664,0.0,26.18,52.810799,20.654622646,2.75,8.3593664,0.0,26.18,54.110053,22.340282245999997,2.75,8.3593664,0.0,26.18,54.110053,18.249794987,2.75,8.3593664,1.25,26.18,54.110053,16.760445657,2.75,8.3593664,2.5,24.242927,54.080053,13.353729,1.84,8.3593664,3.75,25.155855000000003,54.010053,13.581224,1.84,8.3593664,3.75,26.18,54.186963,9.8093935,1.84,6.479039,5.6778475,26.18,54.597182000000004,9.8461298,1.84,6.5304693,6.0072291,26.18,55.010469,9.9597624,1.33,6.6057822,6.2912052,26.18,55.657061999999996,10.023181511999999,0.07,6.6598117,6.6136006,26.18,56.126453,10.026319,0.07,6.6598117,7.0393355,26.18,55.315844,10.22327,0.07,6.6598117,7.4408024,26.18,53.695235,10.463879,0.07,6.6598117,7.8460204,26.18,51.724626,10.311357511999999,0.07,6.7175005,7.8460204,26.8976545,54.506639,9.2827537,0.07,6.7175005,7.8460204,28.763508700000003,56.882787
88,price,1.234988568719362,0.7614591615350583,0.908469805784046,8,optimal,196944.08844551,164906.30947180337,875.6425068507002,121.622930616,31.61,4.75,0.0,9.43,17.05,99.810616725,31.5,4.75,0.0,9.43,17.05,95.70483872500002,29.810000000000002,4.75,0.0,11.24694,18.937510500000002,34.834108199999996,29.21,8.8775515,0.0,14.203879,22.1171549,27.666214999999998,28.67,8.8775515,0.0,17.520819,27.7534922,22.16477436,23.689999999999998,8.8775515,0.0,20.777758,33.658546,19.3846528127,17.11,8.8775515,0.0,22.594698,39.563599999999994,17.810117,14.030000000000001,8.8775515,0.0,24.411638000000004,43.220383,17.268972,13.67,8.8775515,0.0,25.448413000000002,46.881966000000006,16.954534,12.92,9.0910329,0.0,26.18,50.548744,17.568813,10.690000000000001,9.5347711,0.0,26.18,52.875858,18.379321,5.59,9.9863587,0.0,26.18,54.596948999999995,19.197006,2.75,10.441946,0.0,26.18,56.333283,20.023191,2.75,10.902268,0.0,26.18,58.087664000000004,20.856543,2.75,11.366584,0.0,26.18,59.857264,21.698406,2.75,11.835642,0.0,26.18,61.644936,24.374833,2.75,12.931007,0.0,24.126939999999998,62.167298,25.061265,1.84,13.175804,0.0,24.923879,62.692441,25.668781,1.84,13.386417,0.0,25.850819,63.222811,27.307748412,1.84,13.027938,0.0,26.18,63.757556,24.284981,1.84,13.027938,1.25,26.18,64.297534,22.092236,1.33,13.027938,2.5,26.18,64.841881,20.248011,0.07,13.027938,3.75,26.18,65.13729000000001,21.5833,0.07,12.078267,3.75,26.18,64.1527,22.595815,0.07,12.590124,3.75,26.18,65.53775399999999,23.722918,0.07,13.107684,3.75,26.18,66.57280700000001,24.00561,0.07,13.603878,3.75,26.18,72.477861,23.751969,0.07,13.603878,3.75,27.3961416,75.05182099999999
89,price,1.1481282222619749,0.9750201739252125,0.9194328107892762,5,optimal,192452.13377274,165071.2471149871,793.732711084,121.622930616,31.61,4.75,0.0,9.43,17.05,99.810616725,31.5,4.75,0.0,9.43,17.05,94.523140134,29.810000000000002,4.75,0.0,11.43,20.55,33.3350288,29.21,8.2122537,0.0,14.408866,26.5263128,25.767435,28.67,8.2122537,0.0,17.747730999999998,32.502627,19.52306296,23.689999999999998,8.2122537,0.0,21.026597000000002,38.467943,17.62732353,17.11,8.2122537,0.0,22.865462,41.685957,16.19304064,14.030000000000001,8.2122537,0.0,24.704327999999997,44.903971999999996,15.263640559999999,13.67,8.2122537,0.0,26.18,47.835481,15.879195847,12.92,8.5773194,0.0,26.18,49.226820000000004,16.50991,10.690000000000001,8.9447854,0.0,26.18,50.627306000000004,17.175011,5.59,9.3153573,0.0,26.18,52.039629000000005,17.844412,2.75,9.6883256,0.0,26.18,53.461086,18.826143,2.75,10.069502,0.0,26.18,53.874768,19.814119,2.75,10.453103,0.0,26.18,54.291082,20.41378,2.75,10.833271,0.0,26.18,55.936353,23.702097272,2.75,11.118556,0.0,24.148865999999998,55.906353,19.880739,1.84,11.118556,1.25,24.967731,55.836353,17.105982,1.84,11.118556,2.5,25.916597000000003,55.756353000000004,14.829866,1.84,8.6872752,3.75,26.18,56.187797,15.693003,1.84,9.0879837,3.75,26.18,56.622676999999996,16.355227,1.33,9.4615501,3.75,26.18,58.398061999999996,17.24709,0.07,9.8684225,3.75,26.18,58.726361,18.341188,0.07,10.306938,3.75,26.18,57.774659,19.253849,0.07,10.719697,3.75,26.18,58.179190000000006,20.069169,0.07,11.131282,3.75,26.18,59.285504,20.151291,0.07,11.519856,3.75,26.18,65.261816,20.97442,0.07,11.952062,3.75,26.0435661,66.717191
90,price,1.278802467494276,1.413735829413144,1.0679729987298356,1,optimal,222429.72034904,186833.64531441208,945.9941038789998,121.622930616,31.61,4.75,0.0,9.43,17.05,99.454707725,31.5,4.75,0.0,11.43,19.7106,94.676616134,29.810000000000002,4.75,0.0,13.43,23.2106,70.474363802,29.21,4.75,0.0,16.705946,30.152425,57.520749197,28.67,4.75,0.0,20.341892,37.094249,46.020753,23.689999999999998,4.75,0.0,23.917838000000003,43.006851999999995,22.886349000000003,17.11,4.75,0.0,26.053784,46.744757,23.714474000000003,14.030000000000001,5.1044442,0.0,26.18,48.500811999999996,21.338487399999998,13.67,6.5536127,0.0,26.18,50.317035000000004,18.5835177,12.92,8.4776005,0.0,26.18,52.154375,19.5087916,10.690000000000001,8.9002809,0.0,26.18,54.010069,19.963114207,5.59,9.6227348,0.0,26.18,55.793446,22.104010946000002,2.75,9.6227348,0.0,26.18,55.793446,18.871183551999998,2.75,9.6227348,1.25,26.18,55.793446,16.558243,2.75,9.6227348,2.5,26.18,55.979164,14.705095,2.75,9.6227348,3.75,26.18,56.543658,16.882,2.75,9.6985853,3.75,24.445946,57.113424,17.350973,1.84,9.8940435,3.75,25.561892,57.688885,18.132432,1.84,10.244503,3.75,26.18,58.270476,19.297197,1.84,10.785242,3.75,26.18,58.857328,20.425734,1.84,11.307588,3.75,26.18,59.770861,21.401856,1.33,11.851451,3.75,26.18,61.843629,22.38801,0.07,12.423262,3.75,26.18,63.978086000000005,23.233162,0.07,12.972262,3.75,26.18,67.20991000000001,24.21303,0.07,13.531209,3.75,26.18,69.631735,25.251867,0.07,14.096675,3.75,26.18,71.703559,25.011581,0.07,14.115521,3.75,27.420732400000002,74.769108,24.402875,0.07,13.761077,3.75,29.556678400000003,75.007013
91,price,0.9208705030572591,0.9325382926152711,0.7102582206789063,0,optimal,163269.99339282,144175.86398723625,648.4234546720002,121.622930616,31.61,4.75,0.0,9.43,17.05,98.01496422500001,31.5,4.75,0.0,10.850516,17.05,92.947823634,29.810000000000002,4.75,0.0,12.850516,20.55,35.055014,29.21,7.2701522,0.0,15.411033,25.1666788,26.800966000000003,28.67,7.2701522,0.0,18.331549,29.783357000000002,20.0561609,23.689999999999998,7.2701522,0.0,21.192065999999997,34.400035,17.2288065,17.11,7.2701522,0.0,22.612582000000003,38.337752,16.30481423,14.030000000000001,7.2701522,0.0,24.033099,38.337752,15.45238043,13.67,7.2701522,0.0,25.453615,38.337752,15.37094184,12.92,7.2701522,0.0,26.18,38.337752,16.10274749,10.690000000000001,7.2701522,0.0,26.18,38.337752,16.903273107,5.59,7.2701522,0.0,26.18,38.337752,12.887623,2.75,7.2701522,1.25,26.18,38.337752,9.8129319,2.75,7.2701522,2.5,26.18,38.337752,7.2013975,2.75,7.2701522,3.75,26.18,38.337752,7.5443469,2.75,7.2701522,3.75,26.18,38.44395,9.3514853,2.75,7.2701522,3.75,23.730516,38.609971,9.4361831,1.84,7.2701522,3.75,24.131033000000002,38.774376000000004,9.4399526,1.84,7.2701522,3.75,24.661549,38.937517,8.9330908,1.84,5.1717059,3.75,26.032066,39.098687999999996,9.0045572,1.84,5.2561736,3.75,26.18,40.275583999999995,9.1635385,1.33,5.3644589,3.75,26.18,41.436358,9.5440779,0.07,5.5073376,3.75,26.18,41.137133,10.117062,0.07,5.6815268,3.75,26.18,39.557908,10.549747,0.07,5.8273775,3.75,26.18,38.977380999999994,11.074257,0.07,5.9696901,3.75,26.18,38.724059,10.921246,0.07,6.0971206,3.75,26.18,40.854834,11.581135,0.07,6.4084107,3.75,25.600516,40.746586
92,price,1.293499971709315,0.7030218623629305,0.8926748233444136,4,optimal,203856.15966732,170739.0439688012,899.1699091730004,121.622930616,31.61,4.75,0.0,9.43,17.05,99.810616725,31.5,4.75,0.0,9.43,17.05,99.361910616,29.810000000000002,4.75,0.0,9.9153338,17.05,36.6818687,29.21,9.4615985,0.0,12.840683,20.2568219,29.790556300000002,28.67,9.4615985,0.0,16.126033,26.0592078,24.595162730000002,23.689999999999998,9.4615985,0.0,19.351383,31.861594999999998,22.123871003999998,17.11,9.4615985,0.0,21.136732000000002,37.663981,20.688848,14.030000000000001,9.4615985,0.0,22.922082000000003,41.320724999999996,19.081332,13.67,9.4615985,0.0,24.707431999999997,45.528234999999995,19.173335,12.92,9.4615985,0.0,26.18,46.536282,19.5395,10.690000000000001,9.9530986,0.0,26.18,50.211012,19.920865,5.59,10.4505,0.0,26.18,53.892147,20.714499,2.75,10.959682,0.0,26.18,56.252567,22.064285,2.75,11.483763,0.0,26.18,56.821341000000004,23.427311,2.75,12.012985,0.0,26.18,57.395694000000006,24.635070482,2.75,12.462852,0.0,26.18,58.767385000000004,23.901914,2.75,12.462852,1.25,24.095350000000003,58.737385,21.123427,1.84,12.462852,2.5,24.860698999999997,59.155153,18.717026,1.84,12.462852,3.75,25.756048999999997,59.522878000000006,19.66074,1.84,11.016361,3.75,26.18,60.127209,20.872989,1.84,11.579143,3.75,26.18,60.737984,21.820318,1.33,12.137408,3.75,26.18,63.28026800000001,22.712267,0.07,12.699238,3.75,26.18,66.35132300000001,23.766291,0.07,13.271446,3.75,26.18,68.443709,24.955682,0.07,13.853884,3.75,26.18,69.726096,26.429303,0.07,14.443115,3.75,26.18,70.658482,26.388989,0.07,14.847432,3.75,26.5542157,76.460869,25.589001,0.07,14.847432,3.75,28.3395653,80.47313299999999
93,price,1.1560042233270706,0.751186522282345,0.6547277084333778,0,optimal,189641.00865114,162626.891032541,789.5126868530002,121.622930616,31.61,4.75,0.0,9.43,17.05,99.68882872500001,31.5,4.75,0.0,9.5023118,17.05,94.78183372500001,29.810000000000002,4.75,0.0,11.502312,19.6208709,33.4030468,29.21,8.972877,0.0,13.951767,23.5846759,27.715949400000003,28.67,8.972877,0.0,16.761223,27.8404059,23.30658069,23.689999999999998,8.972877,0.0,19.510678,32.096137,21.55638233,17.11,8.972877,0.0,20.820133,36.351867,20.09499058,14.030000000000001,8.972877,0.0,22.129589000000003,39.993962,19.290717500000003,13.67,8.972877,0.0,23.439044000000003,42.285509000000005,18.501394270000002,12.92,8.972877,0.0,24.7485,44.577056,18.61026177,10.690000000000001,8.972877,0.0,26.057955,44.916830000000004,19.971790447,5.59,8.972877,0.0,26.18,45.751038,16.661873,2.75,8.972877,1.25,26.18,45.751038,14.03524,2.75,8.972877,2.5,26.18,45.942074000000005,11.904983,2.75,8.972877,3.75,26.18,46.36695,12.755386,2.75,8.972877,3.75,26.18,46.795414,15.134627,2.75,8.972877,3.75,23.619455000000002,47.365019000000004,15.694973,1.84,8.972877,3.75,23.908911000000003,48.6984,16.339861,1.84,8.972877,3.75,24.328366000000003,49.451367,16.267595,1.84,8.9973298,3.75,25.587822000000003,50.61452,16.60143,1.84,9.2225002,3.75,26.18,52.298703,17.076415,1.33,9.6201479,3.75,26.18,55.584433000000004,17.783378,0.07,10.028963,3.75,26.18,57.410163,18.692914,0.07,10.469567,3.75,26.18,57.955893,19.832516,0.07,10.895399,3.75,26.18,57.691623,21.301196,0.07,11.325461,3.75,26.18,57.077354,20.457734,0.07,11.378764,3.75,26.9843125,61.333084,20.427859,0.07,11.433173,3.75,27.603222900000002,63.017943
94,price,0.9319770022432475,0.9989636444331674,1.0610864543973204,2,optimal,164736.0784266,144796.47160984698,665.2862889669999,121.622930616,31.61,4.75,0.0,9.43,17.05,99.810616725,31.5,4.75,0.0,9.43,17.05,94.523140134,29.810000000000002,4.75,0.0,11.43,20.55,36.081642,29.21,6.9995686,0.0,14.692173,27.4470616,25.256115,28.67,6.9995686,0.0,18.314346,34.344124,17.9150773,23.689999999999998,6.9995686,0.0,21.876519000000002,38.707521,15.937152,17.11,6.9995686,0.0,23.998692,39.266614000000004,14.34992428,14.030000000000001,6.9995686,0.0,26.120865000000002,39.266614000000004,14.74526244,13.67,7.1565907,0.0,26.18,39.45628000000001,15.175581829999999,12.92,7.3304092,0.0,26.18,39.644921,15.60189744,10.690000000000001,7.502611,0.0,26.18,39.831808,16.301348637,5.59,7.502611,0.0,26.18,40.017668,16.988827728,2.75,7.502611,0.0,26.18,40.201776,17.547698337,2.75,7.502611,0.0,26.18,40.723979,13.427907,2.75,7.502611,1.25,26.18,40.723979,10.491638,2.75,7.502611,2.5,26.18,40.723979,8.9589639,2.75,7.502611,3.75,24.432173,40.693979,8.6457103,1.84,7.502611,3.75,25.534346,40.871138,8.605795,1.84,7.502611,3.75,26.18,41.047264,8.9518994,1.84,5.273294,3.75,26.18,41.221644,9.295948,1.84,5.429457,3.75,26.18,41.394988,9.6365359,1.33,5.5875738,3.75,26.18,41.566589,9.884651,0.07,5.7192193,3.75,26.18,42.319848,10.32569,0.07,5.8953039,3.75,26.18,41.793108000000004,10.886052,0.07,6.0633652,3.75,26.18,40.456367,11.250048,0.07,6.217562,3.75,26.18,40.447705,11.282579,0.07,6.3590071,3.75,26.18,42.522529,11.785657,0.07,6.4936256,3.75,26.18,41.423889
95,price,1.0068766338005044,1.0114881622264131,1.2595857151615495,7,optimal,173430.78007235,149999.5078883961,724.4350594433001,121.622930616,31.61,4.75,0.0,9.43,17.05,99.810616725,31.5,4.75,0.0,9.43,17.05,94.523140134,29.810000000000002,4.75,0.0,11.43,20.55,34.483785,29.21,7.0774482,0.0,15.089171,28.737307,24.4851381,28.67,7.0774482,0.0,19.108343,34.500072,17.0305539,23.689999999999998,7.0774482,0.0,23.067514000000003,38.908622,14.24259841,17.11,7.0774482,0.0,25.586686,42.272619000000006,13.663129360000001,14.030000000000001,7.2926838,0.0,26.18,44.262991,14.07688641,13.67,7.5084274,0.0,26.18,45.153059,14.47914884,12.92,7.7469967,0.0,26.18,46.062293999999994,14.88105733,10.690000000000001,7.9853554,0.0,26.18,46.970727,15.282877185099998,5.59,8.2241804,0.0,26.18,47.880936000000005,15.6852151711,2.75,8.4627945,0.0,26.18,48.790342,16.0883405431,2.75,8.7018751,0.0,26.18,49.656152000000006,16.502657,2.75,8.9407446,0.0,26.18,50.521198,17.089181,2.75,9.1826895,0.0,26.18,50.90270700000001,18.765049511999997,2.75,9.8228801,0.0,24.829171000000002,50.872707000000005,18.54053,1.84,9.8228801,0.0,26.18,50.802707,19.277483,1.84,9.9157358,0.0,26.18,50.722707,17.378941207,1.84,7.9607339,1.25,26.18,50.632706999999996,13.913942,1.84,7.9607339,2.5,26.18,50.665628,11.463862,1.33,7.9607339,3.75,26.18,50.929365000000004,11.983802,0.07,7.9607339,3.75,26.18,51.218878000000004,12.536713,0.07,7.4078449,3.75,26.18,51.287634999999995,13.212271,0.07,7.6568445,3.75,26.18,50.546392,13.935101,0.07,7.9072951,3.75,26.18,49.455149,14.310319,0.07,8.1457339,3.75,26.18,50.690906999999996,15.16979,0.07,8.3791517,3.75,26.18,48.610005
96,price,1.198379352070529,0.839496223193068,1.2450791477650855,3,optimal,195612.44744286,167296.74836123674,814.9663735711998,121.622930616,31.61,4.75,0.0,9.43,17.05,99.810616725,31.5,4.75,0.0,9.43,17.05,98.74142572500001,29.810000000000002,4.75,0.0,10.252326,17.05,35.3715392,29.21,8.2376392,0.0,13.882484,25.143014,25.813755399999998,28.67,8.2376392,0.0,17.872642,32.754376,19.4041339,23.689999999999998,8.2376392,0.0,21.802801000000002,37.900063,16.5613388302,17.11,8.2376392,0.0,24.292959000000003,42.25784,14.971221,14.030000000000001,8.2376392,0.0,26.18,47.058192,15.685836206,13.67,8.4626443,0.0,26.18,48.789769,16.480458,12.92,8.8743722,0.0,26.18,50.020534,17.559606,10.690000000000001,9.293373,0.0,26.18,50.475267,18.649314,5.59,9.7164736,0.0,26.18,50.934449,19.747699,2.75,10.142943,0.0,26.18,51.397287000000006,21.191525452,2.75,10.26027,0.0,26.18,51.864580000000004,22.795378517,2.75,10.26027,0.0,26.18,52.668247,19.399439,2.75,10.26027,1.25,26.18,52.810929,17.802523,2.75,10.26027,2.5,24.800158000000003,53.289979,14.991047,1.84,10.26027,3.75,26.18,53.54203,15.958763,1.84,10.26027,3.75,26.18,54.0296,16.933694,1.84,9.5075216,3.75,26.18,54.520807000000005,17.91751,1.84,9.9642546,3.75,26.18,55.016489,18.79311,1.33,10.397944,3.75,26.18,56.291516,19.615123,0.07,10.855943,3.75,26.18,57.972201,20.44305,0.07,11.317236,3.75,26.18,59.758292999999995,21.278298,0.07,11.804968,3.75,26.18,61.598659,22.11945,0.07,12.27363,3.75,26.18,63.435275000000004,22.524819,0.07,12.730536,3.75,26.18,68.322577,22.782769,0.07,13.078158,3.75,26.444311600000002,72.680354
97,price,0.9711303134268424,1.389642798429809,0.7573948974569903,7,optimal,177016.6082148,148130.49758992784,829.8468449031999,121.622930616,31.61,4.75,0.0,9.43,17.05,100.458996725,31.5,4.75,0.0,11.43,20.55,95.680905134,29.810000000000002,4.75,0.0,13.43,24.05,71.170199502,29.21,4.75,0.0,16.084789999999998,28.973067,59.872436252,28.67,4.75,0.0,19.09958,33.896133000000006,47.401008,23.689999999999998,4.75,0.0,22.054369,38.819199999999995,22.534481999999997,17.11,4.75,0.0,23.569159,41.846475999999996,20.459754,14.030000000000001,4.75,0.0,25.083948999999997,44.376333,18.0258629,13.67,5.3916619,0.0,26.18,44.483291,15.146614,12.92,6.907566,0.0,26.18,45.261452,14.47165802,10.690000000000001,7.742554,0.0,26.18,46.045362,14.817260075099998,5.59,7.9480379,0.0,26.18,46.828502,15.1622680251,2.75,8.1526512,0.0,26.18,47.608324,15.5069346701,2.75,8.357062,0.0,26.18,48.387375000000006,15.8501350431,2.75,8.5606029,0.0,26.18,49.16311,16.192992232799998,2.75,8.7639406,0.0,26.18,49.938069999999996,17.757021,2.75,9.6655577,0.0,23.82479,52.050399,18.031086,1.84,9.7233612,0.0,24.319580000000002,51.980399000000006,18.216461,1.84,9.7420102,0.0,24.944369000000002,51.900399,16.457744966,1.84,7.1098942,1.25,26.18,51.810399000000004,12.502238342,1.84,7.1098942,2.5,26.18,51.530399,9.7049914,1.33,7.1098942,3.75,26.18,52.583846,10.191051,0.07,7.1098942,3.75,26.18,52.426031,10.878879,0.07,7.1098942,3.75,26.18,50.988215999999994,11.687768,0.07,7.1098942,3.75,26.18,48.740399999999994,12.542392,0.07,7.1098942,3.75,26.18,46.142585,13.450226,0.07,7.4487686,3.75,25.694789999999998,44.914770000000004,14.052549,0.07,7.7897033,3.75,25.209580000000003,45.815971
98,price,0.997397084811233,1.2434063308615062,1.0177760223606467,2,optimal,178468.95732023,153982.75774986157,750.3644593949998,121.622930616,31.61,4.75,0.0,9.43,17.05,99.66461272500001,31.5,4.75,0.0,9.9222398,19.2852567,94.886521134,29.810000000000002,4.75,0.0,11.92224,22.7852567,72.2955763,29.21,4.75,0.0,15.097792,29.400801,33.041388,28.67,4.75,0.0,18.633344,36.016345,24.520536,23.689999999999998,4.75,0.0,22.108896,40.552435,21.220254,17.11,4.75,0.0,24.144447999999997,44.114651,17.822831,14.030000000000001,5.316696,0.0,26.18,44.114651,15.0028068,13.67,6.8418725,0.0,26.18,44.973038,14.43723558,12.92,7.6592189,0.0,26.18,45.806253,15.23994864,10.690000000000001,7.6592189,0.0,26.18,46.511358,16.277714807000002,5.59,7.6592189,0.0,26.18,46.511358,17.213458187,2.75,7.6592189,0.0,26.18,46.511358,18.329826206,2.75,7.6592189,0.0,26.18,46.511358,13.880389,2.75,7.6592189,1.25,26.18,46.511358,11.447474,2.75,7.6592189,2.5,26.18,46.511358,10.081389,2.75,7.6592189,3.75,24.345551999999998,46.7637,9.9695032,1.84,7.6592189,3.75,25.361103999999997,47.015989,9.9768792,1.84,7.6592189,3.75,26.18,47.268596,10.477404,1.84,6.2952354,3.75,26.18,47.520779,10.978559,1.84,6.527895,3.75,26.18,47.77328,11.443279,1.33,6.7365621,3.75,26.18,48.256406,11.886433,0.07,6.9671068,3.75,26.18,48.879734,12.525328,0.07,7.2264812,3.75,26.18,48.223062,13.28645,0.07,7.4680321,3.75,26.18,46.756389999999996,13.919233,0.07,7.7047429,3.75,26.18,46.162615,14.330099,0.07,7.9336635,3.75,26.18,46.844335,14.5864,0.07,8.0581571,3.8339099,26.18,47.389729
99,price,1.1164564213216834,0.9344811440679976,1.2228642945023296,4,optimal,186988.57645765,161221.86596085384,765.4364167780001,121.622930616,31.61,4.75,0.0,9.43,17.05,99.810616725,31.5,4.75,0.0,9.43,17.05,94.523140134,29.810000000000002,4.75,0.0,11.43,20.55,32.890643,29.21,7.6564214,0.0,15.015729,28.498618,23.5506645,28.67,7.6564214,0.0,18.961457,35.780788,17.135171109999998,23.689999999999998,7.6564214,0.0,22.847186,40.060812999999996,14.560082659999999,17.11,7.6564214,0.0,25.292914000000003,44.340838,14.434047150000001,14.030000000000001,7.7202485,0.0,26.18,45.960351,14.99754322,13.67,8.0544399,0.0,26.18,47.234021,15.665562605,12.92,8.392794,0.0,26.18,48.186915,16.514983189000002,10.690000000000001,8.7359002,0.0,26.18,48.55928,17.389539,5.59,9.0815545,0.0,26.18,48.934411,18.284511,2.75,9.4290451,0.0,26.18,49.311535000000006,19.186054,2.75,9.7790871,0.0,26.18,49.691428,20.100278512,2.75,10.121962,0.0,26.18,50.073311000000004,21.384548357,2.75,10.121962,0.0,26.18,50.604508,19.220156,2.75,10.121962,1.25,24.755729000000002,50.844606,15.699099,1.84,10.121962,2.5,26.18,51.002575,13.503186,1.84,10.121962,3.75,26.18,51.394372000000004,14.284744,1.84,8.1975496,3.75,26.18,51.788149000000004,15.071821,1.84,8.5629475,3.75,26.18,52.184708,15.862822,1.33,8.9301673,3.75,26.18,52.583242999999996,16.580791,0.07,9.2748515,3.75,26.18,53.490314,17.448558,0.07,9.6488052,3.75,26.18,53.448907,18.11114,0.07,10.040334,3.75,26.18,54.919672000000006,18.776938,0.07,10.411293,3.75,26.18,56.380853,19.142718,0.07,10.77381,3.75,26.18,59.830283,19.684128,0.07,11.122476,3.75,26.18,62.107518
100,price,1.0111393648114433,1.7039516186910213,1.0121242428716717,6,optimal,186934.2596867,154687.0823756886,885.1459251400997,121.622930616,31.61,4.75,0.0,9.43,17.05,100.458996725,31.5,4.75,0.0,11.43,20.55,95.680905134,29.810000000000002,4.75,0.0,13.43,24.05,69.97739500200001,29.21,4.75,0.0,16.594248,30.628808,54.242043421999995,28.67,4.75,0.0,20.118497,37.207615,43.310082,23.689999999999998,4.75,0.0,23.582745000000003,40.75005,38.608358,17.11,4.75,0.0,25.606994,43.830081,38.77556,14.030000000000001,4.75,0.0,26.18,44.899932,40.21145052210001,13.67,4.75,0.0,26.18,45.245419999999996,22.022879,12.92,4.75,0.0,26.18,46.157793999999996,23.195363,10.690000000000001,4.75,0.0,26.18,47.081075999999996,20.006947688,5.59,6.094108,0.0,26.18,48.006439,16.865099987,2.75,7.7434643,0.0,26.18,48.931297,16.995859393,2.75,8.2239938,0.0,26.18,49.858238,16.61282755,2.75,8.9576725,0.0,26.18,50.784673,17.101880952,2.75,9.1531026,0.0,26.18,51.71319200000001,18.801661881999998,2.75,9.6505826,0.0,24.334248000000002,53.683336,18.714596267,1.84,9.6505826,0.0,25.338496999999997,53.613336000000004,15.489379,1.84,9.6505826,1.25,26.18,53.533336000000006,14.784737596,1.84,6.4300207,2.5,26.18,53.443336,10.978165592,1.84,6.4300207,3.75,26.18,53.163336,10.013386,1.33,6.4300207,4.2837622,26.18,53.432318,9.938744812,0.07,6.4300207,4.5213295,26.18,54.03869,9.9325071,0.07,6.4300207,4.8059828,26.18,53.365063,10.120246,0.07,6.4300207,5.064077,26.18,51.881436,10.3518,0.07,6.4300207,5.3237016,26.18,50.047809,9.7623199,0.07,6.4300207,5.8346057,26.18,49.490337999999994,10.569802,0.07,6.4300207,5.8346057,26.18,47.875374
101,price,0.9697535610033201,1.2337243586576334,0.9010378401210818,2,optimal,174641.83455527,151288.76072387566,732.142246715,121.622930616,31.61,4.75,0.0,9.43,17.05,100.62126772500001,31.5,4.75,0.0,11.089622,20.55,95.843175134,29.810000000000002,4.75,0.0,13.089622,24.05,70.1081202,29.21,4.75,0.0,16.031697,29.906746000000002,31.538807,28.67,4.75,0.0,19.333773,35.763492,24.039611,23.689999999999998,4.75,0.0,22.575848999999998,38.956507,20.500477,17.11,4.75,0.0,24.377924,43.677743,17.5706684,14.030000000000001,5.2306699,0.0,26.18,43.677743,14.7410534,13.67,6.7222996,0.0,26.18,44.442943,14.23933885,12.92,7.4498526,0.0,26.18,45.186507,14.98544912,10.690000000000001,7.4498526,0.0,26.18,45.71948,15.906581307,5.59,7.4498526,0.0,26.18,45.71948,16.729736467,2.75,7.4498526,0.0,26.18,45.71948,17.715754296,2.75,7.4498526,0.0,26.18,45.71948,13.305936,2.75,7.4498526,1.25,26.18,45.71948,10.807526,2.75,7.4498526,2.5,26.18,45.71948,9.5217661,2.75,7.4498526,3.75,24.112076000000002,45.931735,9.4877136,1.84,7.4498526,3.75,24.894151,46.152277999999995,9.3747372,1.84,7.4498526,3.75,25.806227,46.372567000000004,9.5845363,1.84,5.8532413,3.75,26.18,46.591874,10.019306,1.84,6.0550814,3.75,26.18,46.810927,10.298316,1.33,6.2282895,3.75,26.18,48.027422,10.721465,0.07,6.4286702,3.75,26.18,48.300534999999996,11.339165,0.07,6.6573645,3.75,26.18,47.293649,12.077864,0.07,6.8677038,3.75,26.18,45.476762,12.791358,0.07,7.0763285,3.75,26.18,43.804619,13.142132,0.07,7.2717681,3.75,26.18,44.3622,13.507455,0.07,7.4573939,3.7968419,25.982076,44.999426
102,price,1.1492375162887731,1.2483055408852448,0.6295677584005573,4,optimal,200810.70251873,170077.7593835924,860.5215587979999,121.622930616,31.61,4.75,0.0,9.43,17.05,100.458996725,31.5,4.75,0.0,11.43,20.55,95.680905134,29.810000000000002,4.75,0.0,13.43,24.05,73.5480329,29.21,4.75,0.0,15.829136,28.14219,37.8239,28.67,4.75,0.0,18.588271,32.234381,30.981664000000002,23.689999999999998,4.75,0.0,21.287407,36.326571,23.073016199999998,17.11,6.3029305,0.0,22.546542000000002,40.418762,21.4730776,14.030000000000001,6.3671765,0.0,23.805678,44.510952,17.5490214,13.67,7.7880931,0.0,25.064813,46.714439,15.976789391,12.92,8.5852664,0.0,26.18,48.917926,16.546776278,10.690000000000001,8.9305945,0.0,26.18,50.638036,17.190391,5.59,9.3239267,0.0,26.18,52.072288,17.861686,2.75,9.6979501,0.0,26.18,53.497767,18.538601,2.75,10.075104,0.0,26.18,54.923936,19.219845,2.75,10.454671,0.0,26.18,56.298505000000006,20.758636671999998,2.75,10.457252,0.0,26.18,56.332321,19.962167882,2.75,10.457252,1.25,23.569136,56.302321000000006,17.432666,1.84,10.457252,2.5,23.808270999999998,56.232321,15.090141,1.84,10.457252,3.75,24.177407000000002,56.662441,15.031369,1.84,8.9097669,3.75,25.386542,58.317568,15.237901,1.84,9.0673711,3.75,26.18,59.926272,16.035018,1.33,9.4691677,3.75,26.18,60.844975000000005,16.807377,0.07,9.8730519,3.75,26.18,62.093563,17.722763,0.07,10.306532,3.75,26.18,62.475753999999995,18.767114,0.07,10.725108,3.75,26.18,62.047945,19.864861,0.07,11.147789,3.75,26.18,61.270134999999996,20.041113,0.07,11.233221,3.75,26.6982715,61.862325,20.224798,0.07,11.321872,3.75,27.216542,62.454516
103,price,0.9206695756477584,1.6103546802451314,1.250199714733421,7,optimal,171867.20127017,142879.86614956855,826.6828204443999,121.622930616,31.61,4.75,0.0,9.43,17.05,98.839616625,31.5,4.75,0.0,10.098402,18.6659065,94.061524734,29.810000000000002,4.75,0.0,12.098402,22.1659065,71.510263902,29.21,4.75,0.0,15.738802,30.292203999999998,52.770702842,28.67,4.75,0.0,19.739201,37.882346999999996,39.886055,23.689999999999998,4.75,0.0,23.679600999999998,42.258046,36.241361,17.11,4.75,0.0,26.18,42.258046,37.089585,14.030000000000001,4.75,0.0,26.18,42.896595000000005,18.8776239,13.67,4.75,0.0,26.18,43.515954,19.6098189,12.92,4.75,0.0,26.18,44.130957,20.333828,10.690000000000001,4.75,0.0,26.18,44.739085,15.184615907000001,5.59,6.9261063,0.0,26.18,45.34285,15.233490977,2.75,7.1958423,0.0,26.18,45.939747,14.6862029051,2.75,7.8703121,0.0,26.18,46.532273,14.9453127051,2.75,8.0239819,0.0,26.18,47.117940000000004,15.2024856651,2.75,8.1765028,0.0,26.18,47.676469999999995,16.421819097,2.75,8.5488901,0.0,24.810398999999997,48.832798,15.669391,1.84,8.5488901,0.0,26.18,48.762798000000004,16.153901616099997,1.84,8.6278878,0.0,26.18,48.682798,16.117472046,1.84,5.8985237,1.25,26.18,48.592798,11.462692907,1.84,5.8985237,2.5,26.18,48.312798,8.322092,1.33,5.8985237,3.75,26.18,47.452087,8.5385458,0.07,5.8985237,3.75,26.18,48.214497,8.8614456,0.07,5.8985237,3.75,26.18,48.255096,9.3031672,0.07,5.8985237,3.75,26.18,47.485696000000004,9.724032,0.07,5.8985237,3.7770812,26.18,46.366295,9.7918755,0.07,5.8985237,3.9186764,26.18,45.703161,10.220967,0.07,5.8985237,4.0728328,26.18,42.351471000000004
104,price,1.2695932501150247,1.430841145266686,0.7284989072842804,3,optimal,222223.95212796,184472.42467414367,985.841048252,121.622930616,31.61,4.75,0.0,9.43,17.05,100.493315725,31.5,4.75,0.0,11.358013,20.55,95.715224134,29.810000000000002,4.75,0.0,13.358013,24.05,73.279123002,29.21,4.75,0.0,15.955011,28.785243,64.72157989600001,28.67,4.75,0.0,18.912009,33.520485,55.54082425,23.689999999999998,4.75,0.0,21.809007,38.255729,28.802761,17.11,4.75,0.0,23.266004000000002,42.990972,27.764426999999998,14.030000000000001,4.75,0.0,24.723002,46.902544000000006,24.689765,13.67,5.4811236,0.0,26.18,49.452290000000005,18.4806442,12.92,8.4306064,0.0,26.18,51.908440999999996,19.3899229,10.690000000000001,8.8459796,0.0,26.18,53.77167,19.157378031999997,5.59,9.9744986,0.0,26.18,55.615770999999995,20.137980792,2.75,10.366357,0.0,26.18,57.477549999999994,21.129389881999998,2.75,10.762533,0.0,26.18,59.35984500000001,22.887680157,2.75,10.762533,0.0,26.18,60.462500000000006,20.092953492,2.75,10.762533,1.25,26.18,60.462500000000006,19.734753662,2.75,10.762533,2.5,23.766998,60.790829,17.349198,1.84,10.762533,3.75,24.203996000000004,61.355713,18.140119,1.84,10.762533,3.75,24.770992999999997,61.92653800000001,18.43439,1.84,10.618825,3.75,26.177991,62.502438,19.506324,1.84,11.1515,3.75,26.18,63.654478,20.231667,1.33,11.654597,3.75,26.18,67.27310700000001,21.171435,0.07,12.214973,3.75,26.18,69.57835,22.31867,0.07,12.764541,3.75,26.18,70.60359199999999,23.608172512,0.07,13.314879,3.75,26.18,70.818835,23.712267,0.07,13.314879,3.75,27.5403294,70.684079,23.794736,0.07,13.353719,3.75,28.5263122,71.919322,23.933416,0.07,13.443555,3.75,29.440307999999998,73.154564
105,price,1.0757730640681882,1.3955662851301063,0.9049100259232348,3,optimal,192330.24022671,162234.22708581376,852.0342547879999,121.622930616,31.61,4.75,0.0,9.43,17.05,100.549662725,31.5,4.75,0.0,11.23982,20.55,95.771570134,29.810000000000002,4.75,0.0,13.23982,24.05,70.44655710200001,29.21,4.75,0.0,16.18964,29.931915000000004,58.082816165,28.67,4.75,0.0,19.49946,35.81383,45.818925,23.689999999999998,4.75,0.0,22.74928,41.217116,22.054991,17.11,4.75,0.0,24.5591,44.384300999999994,21.029869,14.030000000000001,4.75,0.0,26.18,45.323719999999994,19.144257200000002,13.67,5.7868544,0.0,26.18,46.461428,16.3155434,12.92,7.4415524,0.0,26.18,47.605813,15.670120895,10.690000000000001,8.4533239,0.0,26.18,48.754248000000004,16.194250861,5.59,8.7467602,0.0,26.18,49.909367,17.200915407,2.75,8.7467602,0.0,26.18,51.010807,18.348786697,2.75,8.7467602,0.0,26.18,51.628406,19.639704586,2.75,8.7467602,0.0,26.18,51.628406,15.817203,2.75,8.7467602,1.25,26.18,51.628406,14.819873,2.75,8.7467602,2.5,24.119819999999997,51.598406,12.08486,1.84,8.7467602,3.75,24.909640000000003,51.709654,12.213214,1.84,8.7467602,3.75,25.829459999999997,52.053888,12.687281,1.84,7.5371697,3.75,26.18,52.399282,13.376657,1.84,7.8572101,3.75,26.18,52.746615,13.876909,1.33,8.1492762,3.75,26.18,54.337661,14.581909,0.07,8.4725021,3.75,26.18,54.622391,15.486026,0.07,8.8260204,3.75,26.18,53.627121,16.490729,0.07,9.162346,3.75,26.18,51.997175999999996,17.117028,0.07,9.4864473,3.75,26.18,53.009091,17.508409,0.07,9.8036689,3.75,26.18,55.391006,18.083256,0.07,10.104848,3.75,26.1239594,56.567667
106,price,1.1702712351876474,0.9242981181076214,0.8826806225172469,8,optimal,193401.82495806,164054.4259251417,827.3705655819998,121.622930616,31.61,4.75,0.0,9.43,17.05,99.810616725,31.5,4.75,0.0,9.43,17.05,94.523140134,29.810000000000002,4.75,0.0,11.43,20.55,32.9657669,29.21,8.4452562,0.0,14.335361,26.287424199999997,25.8279544,28.67,8.4452562,0.0,17.600722,32.024848,20.011535629999997,23.689999999999998,8.4452562,0.0,20.806084,37.762273,18.08660584,17.11,8.4452562,0.0,22.571444999999997,41.419402,16.75430731,14.030000000000001,8.4452562,0.0,24.336806000000003,44.508784,15.645766,13.67,8.4452562,0.0,26.102167,47.598166,16.09867052,12.92,8.7074832,0.0,26.18,49.722899999999996,16.779852,10.690000000000001,9.0951884,0.0,26.18,51.200522,17.482021,5.59,9.4864134,0.0,26.18,52.691558,18.189224,2.75,9.8804434,0.0,26.18,54.193285,18.902753,2.75,10.277998,0.0,26.18,55.708443,19.621308,2.75,10.678353,0.0,26.18,57.234275999999994,20.346197,2.75,11.082236,0.0,26.18,58.773557,22.51933,2.75,12.119723,0.0,24.075361,60.440442000000004,22.550264,1.84,12.302946,0.0,24.820722000000004,62.484374,23.187432,1.84,12.462193,0.0,25.696084,62.404374000000004,24.766722507,1.84,11.943513,0.0,26.18,62.314374,21.743573,1.84,11.943513,1.25,26.18,62.034374,19.609504,1.33,11.943513,2.5,26.18,63.037386999999995,17.604055,0.07,11.943513,3.75,26.18,63.255429,18.775333,0.07,10.744804,3.75,26.18,62.193471,20.059755,0.07,11.194912,3.75,26.18,60.438455000000005,20.97262,0.07,11.634654,3.75,26.18,61.30588,21.153253,0.07,12.051805,3.75,26.18,67.043304,21.760075,0.07,12.450731,3.75,26.1947753,69.28072800000001
107,price,1.0710604204857797,0.8347782158459003,1.3726624966100034,4,optimal,178328.31815216,153446.5316365346,752.7997450848002,121.622930616,31.61,4.75,0.0,9.43,17.05,99.810616725,31.5,4.75,0.0,9.43,17.05,97.17707472500001,29.810000000000002,4.75,0.0,9.7143263,20.4749972,33.9200133,29.21,7.8353782,0.0,13.599651,29.397303,25.1050416,28.67,7.8353782,0.0,17.844976,34.201622,17.29251311,23.689999999999998,7.8353782,0.0,22.030301,40.182345,15.6736823587,17.11,7.8353782,0.0,24.775626000000003,40.182345,14.166878,14.030000000000001,7.8353782,0.0,26.18,44.620755,15.04946947,13.67,7.8353782,0.0,26.18,44.944575,15.792325739999999,12.92,8.1354399,0.0,26.18,45.270226,16.537630797,10.690000000000001,8.4364905,0.0,26.18,45.596949,17.2862416561,5.59,8.7392295,0.0,26.18,45.925505,18.045503,2.75,9.0429555,0.0,26.18,46.255133,18.832111,2.75,9.3483718,0.0,26.18,46.586594000000005,19.506975,2.75,9.6528738,0.0,26.18,47.272405000000006,20.725329987000002,2.75,9.6528738,0.0,26.18,47.794762000000006,18.240901,2.75,9.6528738,1.25,25.055325000000003,47.764762000000005,14.716024,1.84,9.6528738,2.5,26.18,47.694762,12.414777,1.84,9.6528738,3.75,26.18,48.033487,13.08918,1.84,7.4811572,3.75,26.18,48.373276000000004,13.767238,1.84,7.7959435,3.75,26.18,48.714907,14.447404,1.33,8.111708,3.75,26.18,49.057599,15.114088,0.07,8.412406,3.75,26.18,49.509198,15.789219,0.07,8.7242767,3.75,26.18,49.917186,16.356121,0.07,9.0624954,3.75,26.18,51.146538,16.924749,0.07,9.3793158,3.75,26.18,52.363075,17.495745,0.07,9.6974555,3.75,26.18,53.566497,17.899962,0.07,9.9889909,3.75,26.18,55.923443000000006
108,price,1.1765181608545885,1.6163385855701284,0.8859685970313171,2,optimal,211060.02714319,176775.44477769543,922.6870004931001,121.622930616,31.61,4.75,0.0,9.43,17.05,100.56772272500001,31.5,4.75,0.0,11.201937,20.55,95.789631134,29.810000000000002,4.75,0.0,13.201937,24.05,73.268210302,29.21,4.75,0.0,16.113874,29.808796,60.586218307,28.67,4.75,0.0,19.385812,35.567592,48.084581,23.689999999999998,4.75,0.0,22.597749,41.326387,44.92595,17.11,4.75,0.0,24.369686,44.574132000000006,42.5312679691,14.030000000000001,4.75,0.0,26.141623000000003,46.924386,24.850996000000002,13.67,4.75,0.0,26.18,48.374617,26.755823,12.92,4.75,0.0,26.18,49.862852000000004,25.567401,10.690000000000001,5.5985415,0.0,26.18,51.362235999999996,18.940485007,5.59,8.6418497,0.0,26.18,52.875479,20.145582946,2.75,8.6950563,0.0,26.18,54.323943,22.025335846,2.75,8.6950563,0.0,26.18,54.480278999999996,18.234788417,2.75,8.6950563,1.25,26.18,54.480278999999996,15.186361,2.75,8.6950563,2.5,26.18,54.480278999999996,14.388567,2.75,8.6950563,3.75,24.081937000000003,54.881121,14.843983,1.84,8.6950563,3.75,24.833874,55.339115,15.228954,1.84,8.8561848,3.75,25.715812,55.801129,15.907756712,1.84,8.1387997,3.9919501,26.18,56.266335999999995,13.430029511999999,1.84,8.1387997,5.1565395,26.18,56.966617,13.1311,1.33,8.1387997,5.594303,26.18,58.654523,13.066925,0.07,8.1387997,6.0346274,26.18,58.882429,13.129674,0.07,8.1387997,6.5071248,26.18,57.830335000000005,12.97415,0.07,8.1387997,6.9506799,26.18,58.880928,12.837497,0.07,8.1387997,7.3979068,26.18,59.769724,12.626813,0.07,8.1387997,7.3979068,27.1851226,62.02852,12.038266,0.07,8.1387997,7.3979068,28.7289967,63.195684
109,price,1.224978840221137,1.7774568701466746,0.7579154019118444,8,optimal,221841.4006513,178423.67107923405,1078.618146848,121.622930616,31.61,4.75,0.0,9.43,17.05,100.458996725,31.5,4.75,0.0,11.43,20.55,95.680905134,29.810000000000002,4.75,0.0,13.43,24.05,74.739536102,29.21,4.75,0.0,16.085831,28.97645,64.121191307,28.67,4.75,0.0,19.101662,33.9029,53.512220082,23.689999999999998,4.75,0.0,22.057492000000003,38.829351,48.498527972,17.11,4.75,0.0,23.573323000000002,43.755801,46.425781707,14.030000000000001,4.75,0.0,25.089154,46.606014,44.183927626,13.67,4.75,0.0,26.18,49.258717000000004,43.635167446,12.92,4.75,0.0,26.18,50.948277000000004,30.280584,10.690000000000001,4.75,0.0,26.18,52.616736,25.01351104,5.59,6.7778313,0.0,26.18,54.302245,20.357290786,2.75,9.3450594,0.0,26.18,56.002292,21.184473457,2.75,9.7452357,0.0,26.18,57.719674,21.242915327,2.75,10.741137,0.0,26.18,59.451571,22.07344877,2.75,11.149171,0.0,26.18,61.285068,24.446707351999997,2.75,11.906625,0.0,23.825831,64.446826,24.910407712,1.84,12.200031,0.0,24.321662000000003,65.914302,24.644509512,1.84,13.477243,0.0,24.947491999999997,67.317319,27.200153906,1.84,11.746685,0.0,26.18,68.316926,23.839784407,1.84,11.746685,1.25,26.18,68.734184,21.169815862,1.33,11.746685,2.5,26.18,70.03793,19.110634,0.07,11.746685,3.75,26.18,69.881676,17.507764,0.07,11.746685,5.0029383,26.18,68.44542200000001,17.567938,0.07,11.746685,5.4526384,26.18,68.851873,17.46116,0.07,11.746685,5.9963368,26.18,68.908323,13.917623,0.07,11.746685,7.5931759,26.798205,70.334773,13.810241,0.07,11.746685,7.5931759,27.829866799999998,71.761222
110,price,1.090867790640297,1.1244338934796063,1.0911159964824295,8,optimal,187679.86391972,159829.43752368304,802.8954535339999,121.622930616,31.61,4.75,0.0,9.43,17.05,99.313598725,31.5,4.75,0.0,9.43,17.7390583,94.286447634,29.810000000000002,4.75,0.0,11.43,21.2390583,47.424294,29.21,4.75,0.0,14.752232000000001,28.3313123,31.107675999999998,28.67,5.6259941,0.0,18.434464,35.423566,22.0374491,23.689999999999998,5.8589468,0.0,22.056696000000002,40.429512,16.6489863,17.11,6.9755515,0.0,24.238928,44.248418,15.295438800000001,14.030000000000001,6.9755515,0.0,26.18,45.559929,14.78255579,13.67,7.9269373,0.0,26.18,46.748084000000006,15.31164574,12.92,8.240724,0.0,26.18,47.943987,15.842999437,10.690000000000001,8.5558526,0.0,26.18,49.145005,16.3811,5.59,8.8730171,0.0,26.18,50.353781999999995,16.95275,2.75,9.191521,0.0,26.18,51.567662999999996,17.528057,2.75,9.5120632,0.0,26.18,52.789315,18.105765,2.75,9.8339424,0.0,26.18,54.01606,18.687135,2.75,10.157862,0.0,26.18,55.250584,20.154485926,2.75,10.966065,0.0,24.492232,57.44771,20.127311,1.84,10.966065,0.0,25.654463999999997,57.95115,20.759889,1.84,11.144226,0.0,26.18,57.87115,22.937282824,1.84,10.345538,0.0,26.18,57.78115,19.420465642,1.84,10.345538,1.25,26.18,57.501149999999996,17.029732,1.33,10.345538,2.5,26.18,57.637158,14.715521,0.07,10.345538,3.75,26.18,58.480506000000005,15.574615,0.07,10.345538,3.75,26.18,58.043853999999996,16.560085,0.07,9.4695435,3.75,26.18,56.797202,17.596439,0.07,9.82483,3.75,26.18,55.20055000000001,18.010323,0.07,10.159974,3.75,26.18,57.72368,18.680475,0.07,10.483629,3.75,26.18,58.652236
111,price,0.9401889159002745,1.224278245511806,1.1115775492157067,2,optimal,170030.36069512,147656.4013499032,713.6179171249998,121.622930616,31.61,4.75,0.0,9.43,17.05,99.784104725,31.5,4.75,0.0,9.43,17.0867551,94.510514134,29.810000000000002,4.75,0.0,11.43,20.5867551,74.26711230000001,29.21,4.75,0.0,14.793155,27.8120095,33.208799,28.67,4.75,0.0,18.51631,35.037263,24.198504,23.689999999999998,4.75,0.0,22.179465,38.927784,20.0620853,17.11,4.75,0.0,24.40262,43.202042,14.119763899999999,14.030000000000001,6.438484,0.0,26.18,43.202042,14.461110300000001,13.67,6.5944167,0.0,26.18,43.852543,13.81815882,12.92,7.3549847,0.0,26.18,44.500226,14.60043409,10.690000000000001,7.3549847,0.0,26.18,44.560582999999994,15.396828107000001,5.59,7.3549847,0.0,26.18,44.560582999999994,16.152634457,2.75,7.3549847,0.0,26.18,44.560582999999994,16.896620976,2.75,7.3549847,0.0,26.18,44.560582999999994,12.736009,2.75,7.3549847,1.25,26.18,44.560582999999994,10.167551,2.75,7.3549847,2.5,26.18,44.560582999999994,8.5666351,2.75,7.3549847,3.75,24.533155,44.706739,8.2111828,1.84,7.3549847,3.75,25.736310000000003,44.89333,8.312155,1.84,7.3549847,3.75,26.18,45.079055999999994,8.6776431,1.84,5.3822064,3.75,26.18,45.263202,9.0414126,1.84,5.5510851,3.75,26.18,45.446483,9.4020503,1.33,5.71851,3.75,26.18,45.628185,9.7010815,0.07,5.8606857,3.75,26.18,46.193546,10.141109,0.07,6.0511583,3.75,26.18,45.818279000000004,10.700824,0.07,6.2227073,3.75,26.18,44.633010999999996,11.304944,0.07,6.3944644,3.75,26.18,43.097744,11.399029,0.07,6.5473808,3.75,26.18,44.922321,12.15669,0.07,6.7003527,3.75,26.18,42.211767
112,price,1.053606167396524,1.786183276987916,0.9247910177191185,5,optimal,194488.56859222,160536.68139370688,913.94609919,121.622930616,31.61,4.75,0.0,9.43,17.05,100.530706725,31.5,4.75,0.0,11.279582,20.55,95.752615134,29.810000000000002,4.75,0.0,13.279582,24.05,71.71138410200001,29.21,4.75,0.0,16.269164,30.061141999999997,57.509819542,28.67,4.75,0.0,19.618746,36.072283,44.756304,23.689999999999998,4.75,0.0,22.908327999999997,41.536727,40.577171,17.11,4.75,0.0,24.757910000000003,44.773495,39.912937,14.030000000000001,4.75,0.0,26.18,44.960963,41.165647827,13.67,4.75,0.0,26.18,46.040471,40.663097545999996,12.92,4.75,0.0,26.18,47.109198,24.602431000000003,10.690000000000001,4.75,0.0,26.18,48.180413,22.63382894,5.59,5.6285909,0.0,26.18,49.256735,17.572155116,2.75,8.0543156,0.0,26.18,50.335539999999995,18.087998427,2.75,8.3102044,0.0,26.18,51.419456,18.328614846999997,2.75,8.8009373,0.0,26.18,52.451751,18.321562007,2.75,9.4091508,0.0,26.18,53.488907,21.799281546,2.75,9.4091508,0.0,24.159582,53.458906999999996,17.029764512,1.84,9.4091508,1.25,24.989164000000002,53.388907,14.162562,1.84,9.4091508,2.5,25.948746,53.308907,12.716180307,1.84,6.2268254,3.75,26.18,53.218907,9.741140622,1.84,6.2268254,4.9003973,26.18,53.407442,9.863350462,1.33,6.2268254,5.1258858,26.18,53.878044,9.443944012,0.07,6.2268254,5.5551056,26.18,54.222417,9.394393,0.07,6.2268254,5.8911916,26.18,53.286789999999996,9.3599519,0.07,6.2268254,6.3089734,26.18,51.541163,8.5440234,0.07,6.2268254,7.0759898,26.18,49.445536000000004,8.8659079,0.07,6.2268254,7.0759898,26.18,51.86716,9.2763957,0.07,6.2268254,7.0759898,26.1309994,53.735224
113,price,1.2255591300398048,1.2133587833360755,0.8185734261593657,2,optimal,210506.30872587,178784.60488068525,878.422575537,121.622930616,31.61,4.75,0.0,9.43,17.05,100.631981725,31.5,4.75,0.0,11.067147,20.55,95.853890134,29.810000000000002,4.75,0.0,13.067147,24.05,72.4845604,29.21,4.75,0.0,15.844294000000001,29.370727000000002,36.22798,28.67,4.75,0.0,18.981441,34.691455,28.621358,23.689999999999998,4.75,0.0,22.058587000000003,40.012182,23.171211,17.11,5.6902951,0.0,23.695734,44.324934999999996,17.0803529,14.030000000000001,7.6718351,0.0,25.332881,47.189942,15.914192538,13.67,8.5980752,0.0,26.18,49.305924000000005,16.707694117000003,12.92,8.9948985,0.0,26.18,50.96154,17.58740242,10.690000000000001,9.3464381,0.0,26.18,52.631759,18.391757022,5.59,9.7786736,0.0,26.18,54.235295,20.151182706,2.75,9.7786736,0.0,26.18,54.82876,22.043328137,2.75,9.7786736,0.0,26.18,54.82876,18.644806822,2.75,9.7786736,1.25,26.18,54.82876,16.465876,2.75,9.7786736,2.5,26.18,54.881349,15.850936,2.75,9.7786736,3.75,23.947147,55.391057,16.499445,1.84,9.7786736,3.75,24.564293999999997,55.905371,17.079519,1.84,9.7786736,3.75,25.311441000000002,56.424717,17.594657,1.84,9.9345302,3.75,26.18,56.948248,18.608151,1.84,10.397964,3.75,26.18,57.707867,19.34965,1.33,10.877825,3.75,26.18,60.373697,20.084815,0.07,11.361764,3.75,26.18,63.264424,21.02555,0.07,11.878792,3.75,26.18,64.875152,22.098638,0.07,12.382384,3.75,26.18,65.675879,23.228404,0.07,12.891502,3.75,26.18,66.126606,22.829061,0.07,12.76261,3.75,27.6208327,67.947334,22.573245,0.07,12.664063,3.75,28.8951265,69.1771
114,price,1.0145964097886426,1.7418713681686622,1.3693893985279375,7,optimal,187530.67110388,153374.63879648823,914.4816469991,121.622930616,31.61,4.75,0.0,9.43,17.05,99.020016725,31.5,4.75,0.0,9.43,18.146077,94.146636134,29.810000000000002,4.75,0.0,11.43,21.646077,72.783260302,29.21,4.75,0.0,15.308779000000001,30.547108,53.709570041999996,28.67,4.75,0.0,19.547558000000002,38.621063,40.694957,23.689999999999998,4.75,0.0,23.726336000000003,43.413926000000004,37.819201,17.11,4.75,0.0,26.18,43.413926000000004,39.084435,14.030000000000001,4.75,0.0,26.18,44.366403,40.292963607100006,13.67,4.75,0.0,26.18,45.29966,39.9684972,12.92,4.75,0.0,26.18,46.235243999999994,23.309905999999998,10.690000000000001,4.75,0.0,26.18,47.170568,20.121890266,5.59,6.0948161,0.0,26.18,48.10822,16.921284007,2.75,7.7695021,0.0,26.18,49.045609999999996,17.383143457,2.75,7.9835465,0.0,26.18,49.985329,16.700365302,2.75,8.9781629,0.0,26.18,50.924787,17.182667602000002,2.75,9.1853858,0.0,26.18,51.866574,18.420762861999997,2.75,9.5687382,0.0,25.048779000000003,53.517427,17.988738511999998,1.84,9.755304,0.0,26.18,53.750654,18.433711512,1.84,10.003228,0.0,26.18,54.648491,18.997058546,1.84,7.1663923,1.25,26.18,54.558491000000004,14.612454607,1.84,7.1663923,2.5,26.18,54.338267,11.262921,1.33,7.1663923,3.75,26.18,54.611501000000004,11.508942,0.07,7.1663923,3.8760068,26.18,54.867408,11.477091,0.07,7.1663923,4.1093151,26.18,55.265575999999996,11.45994,0.07,7.1663923,4.3881454,26.18,54.853744,10.790797,0.07,7.1663923,4.961069,26.18,54.091911999999994,10.38438,0.07,7.1663923,5.4235018,26.18,53.326819,8.3831257,0.07,7.1663923,6.7053506,26.18,50.102219000000005
115,price,1.0115071906699056,1.4825059480908833,0.773415585548887,5,optimal,184509.35225758,153679.63734929447,864.3466062434997,121.622930616,31.61,4.75,0.0,9.43,17.05,100.458996725,31.5,4.75,0.0,11.43,20.55,95.680905134,29.810000000000002,4.75,0.0,13.43,24.05,71.222134002,29.21,4.75,0.0,16.116831,29.077202,60.050701442000005,28.67,4.75,0.0,19.163662000000002,34.104403,47.75231,23.689999999999998,4.75,0.0,22.150494000000002,39.131603999999996,43.766928,17.11,4.75,0.0,23.697325,42.253125,21.010362,14.030000000000001,4.75,0.0,25.244155999999997,44.907296,20.931379,13.67,4.75,0.0,26.18,45.240995,18.976148,12.92,5.7281099,0.0,26.18,46.166033999999996,16.058650200000002,10.690000000000001,7.3241993,0.0,26.18,47.090597,15.356095991,5.59,8.2509517,0.0,26.18,48.017267000000004,15.7529578271,2.75,8.5029702,0.0,26.18,48.94346,16.1636559804,2.75,8.7465419,0.0,26.18,49.87176,16.598999512,2.75,8.9809879,0.0,26.18,50.771684,17.081888626999998,2.75,9.1831439,0.0,26.18,51.655308,20.637485187,2.75,9.1831439,0.0,23.856831,51.625308000000004,16.302474,1.84,9.1831439,1.25,24.383662,51.555308,13.520597,1.84,9.1831439,2.5,25.040494000000002,51.475308,10.429088,1.84,6.5032513,3.75,26.18,51.513221,10.87318,1.84,6.7261085,3.75,26.18,52.373166,11.241442,1.33,6.96856,3.75,26.18,53.723413,11.835278,0.07,7.2194038,3.75,26.18,53.613659999999996,12.625464,0.07,7.4993405,3.75,26.18,52.223906,13.538503,0.07,7.7617252,3.75,26.18,50.024153,14.480733,0.07,8.0179626,3.7576846,26.18,47.4744,14.88384,0.07,8.254625,3.9042712,25.726830999999997,48.000136999999995,15.493479,0.07,8.6334328,3.9042712,25.273662,49.527338
116,price,1.0288338749655743,1.295909995673042,0.9209153289316365,1,optimal,184246.04726511,157960.96915814647,785.3587865639998,121.622930616,31.61,4.75,0.0,9.43,17.05,100.53440172500001,31.5,4.75,0.0,11.271831,20.55,95.756310134,29.810000000000002,4.75,0.0,13.271831,24.05,69.93476559999999,29.21,4.75,0.0,16.253661,30.03595,56.940377240000004,28.67,4.75,0.0,19.595492,36.021899,23.486947999999998,23.689999999999998,4.75,0.0,22.877322999999997,41.173173,20.866898,17.11,4.75,0.0,24.719153,44.396377,18.0787676,14.030000000000001,5.4145266,0.0,26.18,44.589196,15.3004773,13.67,6.9778534,0.0,26.18,45.52624,15.410610199999999,12.92,7.4364276,0.0,26.18,46.461409,16.5796333,10.690000000000001,7.4364276,0.0,26.18,46.461409,17.940383846,5.59,7.4364276,0.0,26.18,46.461409,19.000628346000003,2.75,7.4364276,0.0,26.18,46.461409,14.461963257,2.75,7.4364276,1.25,26.18,46.461409,11.69891,2.75,7.4364276,2.5,26.18,46.461409,9.3017234,2.75,7.4364276,3.75,26.18,46.712970999999996,11.096418,2.75,7.4364276,3.75,24.151831,47.000774,11.173048,1.84,7.4364276,3.75,24.973661,47.289165999999994,11.173177,1.84,7.4364276,3.75,25.925492,47.578525,11.594377,1.84,6.8014255,3.75,26.18,47.868095,12.171028,1.84,7.0691338,3.75,26.18,48.158632999999995,12.554112,1.33,7.3079059,3.75,26.18,49.708582,13.126136,0.07,7.5764574,3.75,26.18,50.041326999999995,13.895255,0.07,7.8520656,3.75,26.18,49.094073,14.722704,0.07,8.1528955,3.75,26.18,47.792550000000006,15.201876,0.07,8.4193887,3.75,26.18,48.908499,15.663473,0.07,8.6857703,3.75,26.18,49.863122000000004,16.071454,0.07,8.8877508,3.842825,26.021831,50.472446
117,price,1.2896537717945953,0.8872267919277239,1.0910228471595342,3,optimal,209350.34782092,178503.9191428003,855.736223912,121.622930616,31.61,4.75,0.0,9.43,17.05,99.810616725,31.5,4.75,0.0,9.43,17.05,95.778972725,29.810000000000002,4.75,0.0,11.43,18.4072955,33.1235098,29.21,8.5020926,0.0,14.752046,25.4989445,25.290338300000002,28.67,8.5020926,0.0,18.434091,32.590592,19.48170206,23.689999999999998,8.5020926,0.0,22.056137,38.494579,17.496798592999998,17.11,8.5020926,0.0,24.238183,42.313159,16.372033694,14.030000000000001,8.5020926,0.0,26.18,46.131738999999996,16.472308,13.67,8.9176357,0.0,26.18,50.484986,17.343533,12.92,9.4092524,0.0,26.18,52.397482,18.23523,10.690000000000001,9.9060762,0.0,26.18,54.290976,19.413809,5.59,10.413247,0.0,26.18,55.287102000000004,20.738825,2.75,10.927711,0.0,26.18,55.845439,22.284987121999997,2.75,11.254594,0.0,26.18,56.41011,24.217789277,2.75,11.254594,0.0,26.18,56.980281000000005,21.097086,2.75,11.254594,1.25,26.18,57.556795,20.035679,2.75,11.254594,2.5,24.492046000000002,57.907752,17.528039,1.84,11.254594,3.75,25.654091,58.495674,18.390294,1.84,11.254594,3.75,26.18,59.089952,19.580674,1.84,10.956405,3.75,26.18,59.689709,20.755946,1.84,11.496506,3.75,26.18,60.475895,21.753848,1.33,12.061881,3.75,26.18,62.602207,22.762149,0.07,12.63172,3.75,26.18,64.78981999999999,23.779362,0.07,13.198477,3.75,26.18,67.021376,24.766999,0.07,13.76964,3.75,26.18,69.593024,25.814071,0.07,14.347525,3.75,26.18,71.814673,26.363077,0.07,14.912642,3.75,26.1810407,77.414047,25.425616,0.07,14.912642,3.75,28.3630864,79.875331
118,price,0.9154165557935399,0.8008862108472948,0.7679968040093796,6,optimal,157330.13578133,135607.7224575773,694.9449121112002,121.622930616,31.61,4.75,0.0,9.43,17.05,99.810616725,31.5,4.75,0.0,9.43,17.05,94.523140134,29.810000000000002,4.75,0.0,11.43,20.55,34.8117966,29.21,7.8258413,0.0,14.105994,25.541978800000003,27.8932879,28.67,7.8258413,0.0,17.141987,28.229968,20.9902356,23.689999999999998,7.8258413,0.0,20.117981,33.012141,17.61359709,17.11,7.8258413,0.0,21.653973999999998,38.00412,16.063945676,14.030000000000001,7.8258413,0.0,23.189968,39.091456,14.608638,13.67,7.8258413,0.0,24.725962000000003,41.843154999999996,13.996205,12.92,7.8258413,0.0,26.18,42.015483,14.400203,10.690000000000001,7.8258413,0.0,26.18,42.185719,14.800955,5.59,7.8258413,0.0,26.18,42.354589,15.255178506099998,2.75,7.8258413,0.0,26.18,42.52137,15.709583365099999,2.75,7.8379027,0.0,26.18,42.686780999999996,15.97689,2.75,8.1816543,0.0,26.18,42.850105,16.361228,2.75,8.3037491,0.0,26.18,43.012057999999996,18.157554492,2.75,8.9734571,0.0,23.845993999999997,43.881518,18.264255,1.84,8.9734571,0.0,24.361987,43.811518,14.52903,1.84,8.9734571,1.25,25.007981,43.731517999999994,11.893138007000001,1.84,5.4665592,2.5,26.18,43.641518,8.3279693,1.84,5.4665592,3.75,26.18,43.563775,8.4712712,1.33,5.4665592,3.75,26.18,44.733181,8.8105349,0.07,5.4665592,3.75,26.18,44.607172,9.3420088,0.07,5.550361,3.75,26.18,43.201162,9.9920712,0.07,5.6977945,3.75,26.18,40.985153,10.807668,0.07,5.8449743,3.75,26.18,38.419143,10.635511,0.07,5.9647393,3.75,26.18,40.723133000000004,11.275469,0.07,6.2368332,3.75,25.715994000000002,40.144569000000004
119,price,1.19056985569112,1.6548419051921188,0.6395870277093733,8,optimal,215029.32080899,172404.50700277698,1066.584711828,121.622930616,31.61,4.75,0.0,9.43,17.05,100.458996725,31.5,4.75,0.0,11.43,20.55,94.967004134,29.810000000000002,4.75,0.0,13.43,25.745188,73.74051140200001,29.21,4.75,0.0,15.849174000000001,29.902504,64.36087234600001,28.67,4.75,0.0,18.628348,34.059819,55.020458227,23.689999999999998,4.75,0.0,21.347521999999998,38.217135,50.324027576999995,17.11,4.75,0.0,22.626696000000003,42.374449999999996,47.603380947000005,14.030000000000001,4.75,0.0,23.90587,45.603161,45.62532968,13.67,4.75,0.0,25.185043999999998,47.841716,27.158751,12.92,4.75,0.0,26.18,50.08027,29.140498,10.690000000000001,4.75,0.0,26.18,51.662239,22.271249446,5.59,7.4542215,0.0,26.18,53.259390999999994,19.537057377,2.75,9.2973738,0.0,26.18,54.864496,19.612975707,2.75,10.14207,0.0,26.18,56.454688,20.443166692,2.75,10.488312,0.0,26.18,58.056977,21.277146422,2.75,10.825657,0.0,26.18,59.994851,22.874723512,2.75,12.506129,0.0,23.589174,62.934695999999995,23.507415,1.84,12.869226,0.0,23.848348,64.414265,24.088402,1.84,13.188649,0.0,24.237522,65.826911,26.554888205999998,1.84,11.438474,0.0,25.466696,66.706886,22.267897812,1.84,11.438474,1.25,26.18,68.345647,19.555491,1.33,11.438474,2.5,26.18,69.294408,17.669683,0.07,11.438474,3.75,26.18,69.111317,18.687773,0.07,11.438474,3.75,26.18,69.558633,19.459617,0.07,11.438474,3.9085006,26.18,69.195948,19.539453,0.07,11.438474,4.3810975,26.18,68.48326399999999,19.505094,0.07,11.438474,4.5023985,26.7383481,69.14058,19.709918,0.07,11.438474,4.6368305,27.2966961,68.102708
120,price,1.172575381061069,1.1839301273796063,0.9331359588442795,4,optimal,201499.23138607,172451.64103375672,825.5763729230001,121.622930616,31.61,4.75,0.0,9.43,17.05,99.464754725,31.5,4.75,0.0,10.76864,19.4554709,94.686663134,29.810000000000002,4.75,0.0,12.76864,22.9554709,45.162276,29.21,4.75,0.0,15.774912,29.020855,34.934650000000005,28.67,4.75,0.0,19.141184,35.086239,26.549326999999998,23.689999999999998,4.75,0.0,22.447456000000003,40.856162999999995,20.304893800000002,17.11,6.0213422,0.0,24.313727999999998,44.122139000000004,15.9329628,14.030000000000001,7.2667834,0.0,26.18,46.838525000000004,15.469038298000001,13.67,8.3340686,0.0,26.18,48.299742,16.121509017,12.92,8.7210277,0.0,26.18,49.774519999999995,16.864982537,10.690000000000001,9.0577525,0.0,26.18,51.260169000000005,17.513968,5.59,9.5042131,0.0,26.18,52.759395999999995,18.225105,2.75,9.9004347,0.0,26.18,54.269476,18.942644,2.75,10.300224,0.0,26.18,55.749124,19.721742512,2.75,10.694662,0.0,26.18,57.057306,21.371611702,2.75,10.694662,0.0,26.18,57.057306,20.050154782,2.75,10.694662,1.25,24.176271999999997,57.027305999999996,17.342837,1.84,10.694662,2.5,25.022544000000003,56.957306,14.723808,1.84,10.694662,3.75,25.998815999999998,57.18366,15.528533,1.84,9.0749879,3.75,26.18,57.644178,16.450381,1.84,9.5029523,3.75,26.18,58.108639,17.175462,1.33,9.9043396,3.75,26.18,59.89353,18.126397,0.07,10.339332,3.75,26.18,60.262938,19.28062,0.07,10.806425,3.75,26.18,59.352346,20.19592,0.07,11.246187,3.75,26.18,60.206804000000005,21.06663,0.07,11.687034,3.75,26.18,61.402187999999995,21.54984,0.07,12.117361,3.75,26.18,65.062101,21.196731,0.07,11.948653,3.75,27.5408463,65.89443700000001
121,price,1.0233275802142323,1.264814605598127,0.8085797774589731,6,optimal,182140.38387407,155009.21885232028,796.9874390912,121.622930616,31.61,4.75,0.0,9.43,17.05,100.641510725,31.5,4.75,0.0,11.04716,20.55,95.863418134,29.810000000000002,4.75,0.0,13.04716,24.05,71.4878283,29.21,4.75,0.0,15.804319000000001,29.305768,33.893979,28.67,4.75,0.0,18.921479,34.561537,25.445621,23.689999999999998,4.75,0.0,21.978637999999997,39.817306,23.189007,17.11,4.75,0.0,23.595798000000002,42.79881,18.6390323,14.030000000000001,5.5918741,0.0,25.212957000000003,45.11191,15.2483389,13.67,6.9540357,0.0,26.18,45.465469,14.64220647,12.92,7.8437007,0.0,26.18,46.430852,15.06946821,10.690000000000001,8.097096,0.0,26.18,47.396592,15.4971601771,5.59,8.3512649,0.0,26.18,48.365280999999996,15.9258827501,2.75,8.6055266,0.0,26.18,49.334322,16.358747,2.75,8.8605627,0.0,26.18,50.306317,16.81665,2.75,9.115691,0.0,26.18,51.278661,17.275944,2.75,9.3715942,0.0,26.18,52.205393,19.458229,2.75,10.305773,0.0,23.92716,52.698705,19.888757702,1.84,10.305773,0.0,24.524319,52.628705,16.620327,1.84,10.305773,1.25,25.251479000000003,52.548705,14.490828807,1.84,7.1840772,2.5,26.18,52.458704999999995,11.295754,1.84,7.1840772,3.75,26.18,52.742581,11.678864,1.33,7.1840772,3.75,26.18,54.198319999999995,12.288073,0.07,7.4480571,3.75,26.18,54.19406,13.09414,0.07,7.7413506,3.75,26.18,52.909799,14.023585,0.07,8.0173194,3.75,26.18,50.815538000000004,14.977216,0.07,8.2942153,3.75,26.18,48.537361000000004,15.444449,0.07,8.5545423,3.75,26.18,49.36849,16.109491,0.07,8.925307,3.75,25.797159999999998,50.443699
122,price,1.0565616282369634,1.2866587927252273,0.7263048022610105,1,optimal,188558.67795311,160448.54697275034,817.7651124139998,121.622930616,31.61,4.75,0.0,9.43,17.05,100.480763725,31.5,4.75,0.0,11.384342,20.55,95.702672134,29.810000000000002,4.75,0.0,13.384342,24.05,72.0410022,29.21,4.75,0.0,15.976952,28.770981,61.89857814,28.67,4.75,0.0,18.929562,33.491963,27.193203,23.689999999999998,4.75,0.0,21.822170999999997,38.212942999999996,24.407159999999998,17.11,4.75,0.0,23.274780999999997,42.735168,19.3864565,14.030000000000001,5.8106462,0.0,24.72739,45.277235,15.563027499999999,13.67,7.0977907,0.0,26.18,46.049307,15.6830234,12.92,7.6009086,0.0,26.18,47.0744,16.9666913,10.690000000000001,7.6009086,0.0,26.18,47.0744,18.463544746,5.59,7.6009086,0.0,26.18,47.0744,19.636668846,2.75,7.6009086,0.0,26.18,47.0744,15.142863807000001,2.75,7.6009086,1.25,26.18,47.0744,12.301711,2.75,7.6009086,2.5,26.18,47.0744,9.9599375,2.75,7.6009086,3.75,26.18,47.392706000000004,12.051503,2.75,7.6009086,3.75,23.762610000000002,47.711785,12.426128,1.84,7.6009086,3.75,24.195219,48.03202,12.725388,1.84,7.6009086,3.75,24.757829,48.353795,12.513618,1.84,7.2473802,3.75,26.160438,48.714246,12.902451,1.84,7.5129752,3.75,26.18,50.61316,13.411026,1.33,7.8075527,3.75,26.18,51.822075,14.147172,0.07,8.1113876,3.75,26.18,51.570989,14.8936,0.07,8.4162354,3.75,26.18,51.352169,15.588689,0.07,8.742968,3.75,26.18,51.553151,16.333188,0.07,9.0497179,3.75,26.18,51.404132000000004,17.079485,0.07,9.4723732,3.7773709,25.678266999999998,52.625113999999996,17.24263,0.07,9.6065368,3.7773709,25.883136999999998,53.846095
123,price,1.068162362088616,1.220022776380971,1.2400031744088147,2,optimal,187602.69399753,161162.69686400946,784.3168618250003,121.622930616,31.61,4.75,0.0,9.43,17.05,99.810616725,31.5,4.75,0.0,9.43,17.05,94.523140134,29.810000000000002,4.75,0.0,11.43,20.55,73.6250108,29.21,4.75,0.0,15.050006,28.6100211,32.626352,28.67,4.75,0.0,19.030013,36.670041,24.051586,23.689999999999998,4.75,0.0,22.950018999999998,41.010052,20.513464,17.11,4.75,0.0,25.430025,44.559712000000005,15.1182786,14.030000000000001,6.8946222,0.0,26.18,45.204625,14.59179112,13.67,7.813801,0.0,26.18,46.316899,15.08659612,12.92,8.1072541,0.0,26.18,47.385571,15.64140462,10.690000000000001,8.3656313,0.0,26.18,48.451626000000005,16.975391767,5.59,8.3656313,0.0,26.18,48.458646,18.270368447,2.75,8.3656313,0.0,26.18,48.458646,19.582172875999998,2.75,8.3656313,0.0,26.18,48.458646,15.362139,2.75,8.3656313,1.25,26.18,48.458646,13.096887,2.75,8.3656313,2.5,26.18,48.458646,11.62112,2.75,8.3656313,3.75,24.790005999999998,48.790811000000005,11.444654,1.84,8.3656313,3.75,26.18,49.124369,12.110221,1.84,8.3656313,3.75,26.18,49.459706,12.777783,1.84,7.4272192,3.75,26.18,49.796048,13.448882,1.84,7.7387744,3.75,26.18,50.134172,14.121972,1.33,8.0512541,3.75,26.18,50.473299,14.737419,0.07,8.3408826,3.75,26.18,51.207162999999994,15.465981,0.07,8.6576715,3.75,26.18,51.217173,16.244082,0.07,9.0000707,3.75,26.18,50.946457,16.806506,0.07,9.3134349,3.75,26.18,52.179491,17.252797,0.07,9.6239322,3.75,26.18,54.128483,17.787315,0.07,9.9166735,3.75,26.18,55.547422
124,price,1.1571800455470398,1.3187390731743291,1.2958939149603173,1,optimal,202322.93976916,171599.51841680595,861.065832606,121.622930616,31.61,4.75,0.0,9.43,17.05,99.810616725,31.5,4.75,0.0,9.43,17.05,94.523140134,29.810000000000002,4.75,0.0,11.43,20.55,73.536595402,29.21,4.75,0.0,15.161788000000001,28.9733107,57.47641278,28.67,4.75,0.0,19.253576,37.39662,24.502269,23.689999999999998,4.75,0.0,23.285362999999997,41.932249,21.262486,17.11,4.75,0.0,25.877150999999998,45.378674000000004,22.371651999999997,14.030000000000001,4.8059541,0.0,26.18,46.597611,16.51577,13.67,7.533019,0.0,26.18,48.007379,17.224914,12.92,7.8569678,0.0,26.18,49.391399,17.5180866,10.690000000000001,8.4423445,0.0,26.18,50.752106999999995,19.297631046,5.59,8.4423445,0.0,26.18,50.752106999999995,20.986671146,2.75,8.4423445,0.0,26.18,50.752106999999995,16.991101157,2.75,8.4423445,1.25,26.18,50.752106999999995,14.279534,2.75,8.4423445,2.5,26.18,50.752106999999995,12.158984,2.75,8.4423445,3.75,26.18,51.18187399999999,13.788617,2.75,8.4423445,3.75,24.901788000000003,51.614451,13.882485,1.84,8.4423445,3.75,26.18,52.050236999999996,14.754604,1.84,8.4423445,3.75,26.18,52.489643,15.632287,1.84,8.8498059,3.75,26.18,52.931852,16.517163,1.84,9.2606062,3.75,26.18,53.377685,17.407592,1.33,9.6739853,3.75,26.18,53.826316,18.183125,0.07,10.064087,3.75,26.18,55.066952,18.93711,0.07,10.478177,3.75,26.18,56.57594,19.685524,0.07,10.917528,3.75,26.18,58.216436,20.43849,0.07,11.337055,3.75,26.18,59.850246,20.63952,0.07,11.740055,3.75,26.18,65.314355,21.120521,0.07,12.017069,3.75,26.5199296,66.77461
125,price,0.941633214071214,1.133097734704509,0.7097519644458226,1,optimal,169690.36497472,148972.934363837,683.1529151380003,121.622930616,31.61,4.75,0.0,9.43,17.05,100.458996725,31.5,4.75,0.0,11.43,20.55,95.680905134,29.810000000000002,4.75,0.0,13.43,24.05,43.464808000000005,29.21,4.75,0.0,15.989504,28.663387999999998,33.824852,28.67,4.75,0.0,18.909008,33.276776,21.343158600000002,23.689999999999998,5.8913943,0.0,21.768512,37.890164,17.0444845,17.11,6.858536,0.0,23.188015999999998,40.374296,15.8946702,14.030000000000001,6.858536,0.0,24.60752,41.046252,14.28481516,13.67,7.1021338,0.0,26.027023999999997,42.37511000000001,14.92864917,12.92,7.1021338,0.0,26.18,42.37511000000001,15.737126400000001,10.690000000000001,7.1021338,0.0,26.18,42.37511000000001,16.539612907000002,5.59,7.1021338,0.0,26.18,42.37511000000001,17.314013826,2.75,7.1021338,0.0,26.18,42.37511000000001,12.720416,2.75,7.1021338,1.25,26.18,42.37511000000001,10.111967,2.75,7.1021338,2.5,26.18,42.37511000000001,7.5469307,2.75,7.1021338,3.75,26.18,42.37511000000001,9.4011637,2.75,7.1021338,3.75,23.729504,42.564551,9.5337977,1.84,7.1021338,3.75,24.129008,42.752799,9.5863547,1.84,7.1021338,3.75,24.658512,42.940214,9.1291129,1.84,5.4618229,3.75,26.028016,43.126078,9.2352951,1.84,5.558446,3.75,26.18,44.410553,9.449138,1.33,5.7222617,3.75,26.18,45.56980900000001,9.8854591,0.07,5.893128,3.75,26.18,45.269065,10.515119,0.07,6.091783,3.75,26.18,43.688321,11.206048,0.07,6.2695011,3.75,26.18,41.705784,11.644028,0.07,6.4370746,3.75,26.18,41.449172,12.231488,0.07,6.770777,3.75,25.599504000000003,42.28282,12.817574,0.07,7.1037138,3.75,25.019008,43.113487000000006
126,price,1.1223924152403466,1.3310076652724732,0.7052748397997521,3,optimal,198503.94770527,167386.04124511022,869.489511971,121.622930616,31.61,4.75,0.0,9.43,17.05,100.458996725,31.5,4.75,0.0,11.43,20.55,95.680905134,29.810000000000002,4.75,0.0,13.43,24.05,72.591116302,29.21,4.75,0.0,15.980550000000001,28.634287,63.21672486,28.67,4.75,0.0,18.891099,33.218573,28.682309,23.689999999999998,4.75,0.0,21.741649000000002,37.80286,26.142729000000003,17.11,4.75,0.0,23.152199000000003,42.387146,22.773742,14.030000000000001,5.3429134,0.0,24.562748,44.982765,16.295138,13.67,7.432918,0.0,25.973298,47.451227,16.8363124,12.92,7.6794484,0.0,26.18,48.650248000000005,16.204047653,10.690000000000001,8.7699788,0.0,26.18,49.961083,16.874729428,5.59,9.062331,0.0,26.18,51.281921999999994,17.652900397,2.75,9.2929131,0.0,26.18,52.543946,19.078185609,2.75,9.2929131,0.0,26.18,53.023336,20.559085847,2.75,9.2929131,0.0,26.18,53.023336,16.889685,2.75,9.2929131,1.25,26.18,53.023336,16.245683,2.75,9.2929131,2.5,23.720550000000003,52.993336,13.822194,1.84,9.2929131,3.75,24.111099000000003,53.389172,14.299577,1.84,9.2929131,3.75,24.631649000000003,53.787908,14.214965,1.84,8.3133611,3.75,25.992199,54.574608999999995,14.682392,1.84,8.6213373,3.75,26.18,56.410433999999995,15.373889,1.33,8.9913069,3.75,26.18,57.556258,16.295875,0.07,9.3717982,3.75,26.18,57.242083,17.172426,0.07,9.7748473,3.75,26.18,57.368874,18.069657,0.07,10.158739,3.75,26.18,57.433161,19.01913,0.07,10.546235,3.75,26.18,57.147447,19.464586,0.07,10.799113,3.75,26.284766899999997,58.231734,19.2696,0.07,10.739508,3.75,27.1058656,59.31602
127,price,1.1226157933702445,1.1655001936966052,1.3339854186394464,6,optimal,193022.04386258,165033.30729916913,806.3602676833001,121.622930616,31.61,4.75,0.0,9.43,17.05,99.810616725,31.5,4.75,0.0,9.43,17.05,94.523140134,29.810000000000002,4.75,0.0,11.43,20.55,45.665856,29.21,4.75,0.0,15.237971,29.220905,31.783634,28.67,4.75,0.0,19.405942,37.765022,23.376402,23.689999999999998,4.75,0.0,23.513913000000002,42.433971,18.1823215,17.11,5.4507129,0.0,26.18,44.743229,15.5431525,14.030000000000001,7.0887115,0.0,26.18,46.056735,15.049292959999999,13.67,8.0851307,0.0,26.18,47.350989999999996,15.626323534,12.92,8.427349,0.0,26.18,48.655253,16.206606215,10.690000000000001,8.7714961,0.0,26.18,49.966865,16.821283,5.59,9.1182723,0.0,26.18,51.288499,17.447131,2.75,9.4669739,0.0,26.18,52.61747,18.077704,2.75,9.818308,0.0,26.18,53.956474,18.711727,2.75,10.171564,0.0,26.18,55.267328,19.35048,2.75,10.527456,0.0,26.18,56.556161,21.265919,2.75,11.253004,0.0,24.977970999999997,56.526161,21.5183843573,1.84,11.253004,0.0,26.18,56.456161,18.947043,1.84,11.253004,1.25,26.18,56.376160999999996,17.207751142,1.84,9.019743,2.5,26.18,56.546213,14.633526,1.84,9.019743,3.75,26.18,56.950225,15.439566,1.33,9.019743,3.75,26.18,57.356336999999996,16.222976,0.07,9.3732764,3.75,26.18,57.945578,17.056131,0.07,9.7526933,3.75,26.18,58.237534,18.01707,0.07,10.161414,3.75,26.18,57.71949,19.028244,0.07,10.551313,3.75,26.18,56.865520000000004,19.295714,0.07,10.917391,3.75,26.18,61.172006999999994,19.929342,0.07,11.276378,3.75,26.18,62.993562999999995
128,price,1.2423649177533373,0.9430660801413536,0.7332665412206552,1,optimal,206116.40667442,176910.55825520185,823.3429467090001,121.622930616,31.61,4.75,0.0,9.43,17.05,98.00936862500001,31.5,4.75,0.0,10.896533,17.05,93.061655534,29.810000000000002,4.75,0.0,12.811734,20.55,32.4903976,29.21,8.3230757,0.0,15.418267,25.316232900000003,26.1240967,28.67,8.5173493,0.0,18.3848,30.082465,21.51387812,23.689999999999998,8.5173493,0.0,21.291333,34.848698,19.499474640000003,17.11,8.6514302,0.0,22.757866,39.61493,18.34328514,14.030000000000001,8.7401476,0.0,24.224399,42.783584000000005,17.656403,13.67,8.8497243,0.0,25.690933,45.350017,17.87398,12.92,9.1483812,0.0,26.18,47.91645,18.807173,10.690000000000001,9.6039608,0.0,26.18,49.249416,20.383788107,5.59,9.7613318,0.0,26.18,49.753726,22.063148627,2.75,9.7613318,0.0,26.18,50.776804999999996,18.728851,2.75,9.7613318,1.25,26.18,50.776804999999996,16.355308,2.75,9.7613318,2.5,26.18,51.064516999999995,14.422048,2.75,9.7613318,3.75,26.18,51.588647,16.921193,2.75,9.7613318,3.75,23.776533,52.117312,17.658998,1.84,9.7875947,3.75,24.223066000000003,52.996005999999994,18.242664,1.84,10.106448,3.75,24.799599,54.500485,18.421301,1.84,10.190785,3.75,26.18,55.5145,19.12521,1.84,10.683102,3.75,26.18,58.745684999999995,19.751734,1.33,11.176567,3.75,26.18,62.541917999999995,20.614063,0.07,11.682858,3.75,26.18,64.878151,21.682685,0.07,12.222551,3.75,26.18,65.934383,22.884406,0.07,12.749131,3.75,26.18,66.180615,24.395871,0.07,13.281552,3.75,26.18,66.076847,23.349631,0.07,13.147471,3.75,27.646533100000003,70.84308,23.339404,0.07,13.170505,3.75,28.6643982,72.109313
129,price,0.9629007554055082,1.5329269590604837,0.8500136126496909,8,optimal,177843.74449741,147487.289748113,854.8515271553998,121.622930616,31.61,4.75,0.0,9.43,17.05,100.458996725,31.5,4.75,0.0,11.43,20.55,95.680905134,29.810000000000002,4.75,0.0,13.43,24.05,71.66084280199999,29.21,4.75,0.0,16.270027,29.575089,57.44854359199999,28.67,4.75,0.0,19.470054,35.100177,44.547772,23.689999999999998,4.75,0.0,22.610082,40.350415,40.247136,17.11,4.75,0.0,24.310108999999997,43.325463,19.1408025,14.030000000000001,4.75,0.0,26.010136000000003,43.647877,19.8324323,13.67,4.75,0.0,26.18,44.31794,20.736232,12.92,4.75,0.0,26.18,45.077082,15.431257800000001,10.690000000000001,7.037596,0.0,26.18,45.832323,15.804571007000002,5.59,7.2093124,0.0,26.18,46.586209,15.0418746351,2.75,8.0812497,0.0,26.18,47.336199,15.3730832551,2.75,8.2776788,0.0,26.18,48.084829,15.7025688411,2.75,8.4730863,0.0,26.18,48.829566,16.0314519051,2.75,8.6681363,0.0,26.18,49.57294,17.533357295,2.75,9.4503232,0.0,24.010027,51.655876000000006,17.511684295,1.84,9.4503232,0.0,24.690054000000003,51.957849,17.403815,1.84,9.4503232,0.0,25.500082,52.1824,20.251109446,1.84,7.6931548,0.0,26.18,52.479446,15.696458807,1.84,7.6931548,1.25,26.18,52.199446,12.318595,1.33,7.6931548,2.5,26.18,52.693802000000005,9.7734532,0.07,7.6931548,3.75,26.18,52.813843,10.396105,0.07,7.6931548,3.75,26.18,51.653884000000005,11.139453,0.07,7.6931548,3.75,26.18,49.683925,11.928182,0.07,7.6931548,3.75,26.18,47.363965,12.658019,0.07,7.6931548,3.75,25.880027,46.414006,13.479894,0.07,7.6931548,3.75,25.580053999999997,44.861047
130,price,1.0444741386530056,1.309097110564555,1.3407713339386698,6,optimal,185098.1876736,156758.66283666776,815.7263239831003,121.622930616,31.61,4.75,0.0,9.43,17.05,98.838089925,31.5,4.75,0.0,9.43,18.3982976,94.059998034,29.810000000000002,4.75,0.0,11.43,21.8982976,70.85388530200001,29.21,4.75,0.0,15.251543,30.613311,53.84153067,28.67,4.75,0.0,19.433085000000002,38.807898,21.655214,23.689999999999998,4.75,0.0,23.554628,43.500598,19.2205361,17.11,4.75,0.0,26.18,43.781605,20.446759999999998,14.030000000000001,4.75,0.0,26.18,44.833942,15.4485732,13.67,7.0455059,0.0,26.18,45.867050000000006,14.8518047,12.92,7.9680071,0.0,26.18,46.904608999999994,15.31165762,10.690000000000001,8.2407307,0.0,26.18,47.944012,15.772607012099998,5.59,8.5146233,0.0,26.18,48.987873,16.235244074999997,2.75,8.788999,0.0,26.18,50.033572,16.724853,2.75,9.0645448,0.0,26.18,51.083732999999995,17.220267,2.75,9.3405725,0.0,26.18,52.083344,17.717782,2.75,9.6177715,0.0,26.18,53.087196,19.428679022,2.75,10.184771,0.0,24.991543,53.159889,19.366709,1.84,10.184771,0.0,26.18,53.089889,16.722676,1.84,10.184771,1.25,26.18,53.009889,15.070445707000001,1.84,7.6007978,2.5,26.18,52.919889,12.098392,1.84,7.6007978,3.75,26.18,52.998301999999995,12.713646,1.33,7.6007978,3.75,26.18,53.308289,13.321493,0.07,7.8756056,3.75,26.18,53.680111,13.939089,0.07,8.152171,3.75,26.18,53.992425,14.681001,0.07,8.4672321,3.75,26.18,53.494738999999996,15.471803,0.07,8.7620853,3.75,26.18,52.647053,16.235163,0.07,9.0567548,3.75,26.18,51.964328,16.855494,0.07,9.3251777,3.75,26.18,52.308216
131,price,0.964914933760928,1.4922329565259438,0.9155732235395966,0,optimal,178073.89317708,151633.48973490618,789.0429551849998,121.622930616,31.61,4.75,0.0,9.43,17.05,100.53949572500001,31.5,4.75,0.0,11.261146,20.55,95.761403134,29.810000000000002,4.75,0.0,13.261146,24.05,69.672564902,29.21,4.75,0.0,16.232293,30.001226,56.189437652,28.67,4.75,0.0,19.563439,35.952452,43.734034,23.689999999999998,4.75,0.0,22.834586,40.828394,39.368368,17.11,4.75,0.0,24.665732,43.588965,18.964548899999997,14.030000000000001,4.75,0.0,26.18,43.588965,19.8779707,13.67,4.75,0.0,26.18,44.317985,18.4223818,12.92,5.5254234,0.0,26.18,44.894022,18.9225666,10.690000000000001,5.7519468,0.0,26.18,44.894022,20.02998191,5.59,5.7519468,0.0,26.18,44.894022,14.331503246,2.75,5.7519468,1.25,26.18,44.894022,10.035213787,2.75,5.7519468,2.5,26.18,44.894022,7.4183519,2.75,5.7519468,3.75,26.18,44.894022,7.7894319,2.75,5.7519468,3.75,26.18,45.110806,9.494380312999999,2.75,5.7519468,3.75,24.141146,45.326509,9.3848511,1.84,5.7519468,3.75,24.952292999999997,45.541495,9.2431108,1.84,5.7519468,3.75,25.893439,45.756127000000006,9.4940985,1.84,5.7781742,3.75,26.18,45.96968,9.9172477,1.84,5.9746198,3.75,26.18,46.182878,10.19976,1.33,6.1428779,3.75,26.18,47.294007,10.603246,0.07,6.3374148,3.75,26.18,47.610726,11.201074,0.07,6.5601749,3.75,26.18,46.647446,11.433664,0.07,6.5601749,3.9543121,26.18,44.874166,11.71013,0.07,6.5601749,4.1592931,26.18,42.750885,11.768195,0.07,6.5601749,4.3552961,26.18,41.997605,11.913013,0.07,6.6042519,4.5331823,26.011145999999997,41.789702
132,price,1.015124167958719,1.7591852239402956,0.8112227386594237,8,optimal,188966.85654405,153394.95536899043,942.2859348040998,121.622930616,31.61,4.75,0.0,9.43,17.05,100.458996725,31.5,4.75,0.0,11.43,20.55,95.680905134,29.810000000000002,4.75,0.0,13.43,24.05,72.531159702,29.21,4.75,0.0,16.192445,29.322947999999997,59.509839262,28.67,4.75,0.0,19.314891,34.595895,46.516312,23.689999999999998,4.75,0.0,22.377336,39.868843999999996,42.780876,17.11,4.75,0.0,23.999782000000003,42.798761,39.92035,14.030000000000001,4.75,0.0,25.622227000000002,44.725851,40.3054081521,13.67,4.75,0.0,26.18,45.309683,39.99571485599999,12.92,4.75,0.0,26.18,46.247067,23.327393,10.690000000000001,4.75,0.0,26.18,47.184231,20.127762465,5.59,6.0988931,0.0,26.18,48.123757,16.929860547,2.75,7.7734771,0.0,26.18,49.063062,17.392679797,2.75,7.9879659,0.0,26.18,50.004732000000004,17.479967307000003,2.75,8.5094524,0.0,26.18,50.946177,17.195000562,2.75,9.1903142,0.0,26.18,51.88999,19.166606421999997,2.75,9.7568486,0.0,23.932445,54.248703000000006,19.159972392,1.84,9.8570528,0.0,24.534891000000002,54.793553,18.915932511999998,1.84,10.281951,0.0,25.267336,55.264533,21.825768846,1.84,8.4194503,0.0,26.18,55.629768,17.439953307,1.84,8.4194503,1.25,26.18,55.349768,13.927911,1.33,8.4194503,2.5,26.18,56.813435999999996,11.540413,0.07,8.4194503,3.75,26.18,56.817105,12.322958,0.07,8.4194503,3.75,26.18,55.540773,10.418616,0.07,8.4194503,4.9312112,26.18,53.454441,9.1110406,0.07,8.4194503,5.881578,26.18,51.018108999999995,8.3567766,0.07,8.4194503,6.5952226,25.802445,49.951778,8.32483,0.07,8.4194503,6.946419,25.424891000000002,49.902918
133,price,1.285690267637022,1.5390426618710813,1.1675312287364092,6,optimal,225472.64964441,186076.29276043552,1006.8903914170003,121.622930616,31.61,4.75,0.0,9.43,17.05,98.07574082500001,31.5,4.75,0.0,10.75975,18.2909694,93.297648934,29.810000000000002,4.75,0.0,12.75975,21.7909694,74.25475210200001,29.21,4.75,0.0,16.234813,29.379922999999998,58.243469097,28.67,4.75,0.0,20.069875,36.968875,46.605619,23.689999999999998,4.75,0.0,23.844938,42.66369,42.373199,17.11,4.75,0.0,26.18,46.75005,25.15047,14.030000000000001,4.75,0.0,26.18,48.608594,27.504559999999998,13.67,4.75,0.0,26.18,50.447838000000004,26.202208,12.92,5.7559819,0.0,26.18,52.308685999999994,19.597696399999997,10.690000000000001,8.9408942,0.0,26.18,54.188373,20.543137707,5.59,9.3739676,0.0,26.18,56.089696,20.418332541999998,2.75,10.478388,0.0,26.18,58.009827,21.441081742,2.75,10.887088,0.0,26.18,59.951623,22.380212271999998,2.75,11.386768,0.0,26.18,61.9122,22.765731512,2.75,12.416885,0.0,26.18,63.894470999999996,25.131365891999998,2.75,12.777483,0.0,24.645062000000003,66.854221,25.379177812,1.84,12.777483,0.0,25.960124999999998,68.004764,22.932055,1.84,12.777483,1.25,26.18,67.924764,21.731202451999998,1.84,11.403446,2.5,26.18,68.288757,19.39509,1.84,11.403446,3.75,26.18,68.890083,20.599282,1.33,11.962489,3.75,26.18,69.4968,21.894043,0.07,12.530053,3.75,26.18,69.598753,22.354402,0.07,12.728841,4.1254079,26.18,69.391347,22.01,0.07,12.728841,4.6928277,26.18,71.74535,21.615123,0.07,12.728841,5.2633202,26.18,74.464304,22.099135512,0.07,13.159572,5.392839,26.18,78.40191300000001,21.272725,0.07,13.159572,5.392839,28.515062500000003,78.988272
134,price,1.1892826851070761,1.5857487175140403,0.8169709191359383,4,optimal,212655.75532292,175628.59616861175,970.6527089310001,121.622930616,31.61,4.75,0.0,9.43,17.05,100.458996725,31.5,4.75,0.0,11.43,20.55,95.680905134,29.810000000000002,4.75,0.0,13.43,24.05,73.735738102,29.21,4.75,0.0,16.203942,29.360310999999996,62.048149207,28.67,4.75,0.0,19.337884,34.670621999999995,50.361973,23.689999999999998,4.75,0.0,22.411825999999998,39.980933,45.948436,17.11,4.75,0.0,24.045766999999998,44.493285,43.29010353,14.030000000000001,4.75,0.0,25.679709000000003,47.352683,25.161254,13.67,4.75,0.0,26.18,48.587694,27.121842,12.92,4.75,0.0,26.18,50.148821,22.1213631,10.690000000000001,6.827183,0.0,26.18,51.692671,19.127869606999997,5.59,8.7274497,0.0,26.18,53.251288,19.194675607,2.75,9.5263911,0.0,26.18,54.821933,19.574313582,2.75,10.14111,0.0,26.18,56.407367,20.833493927,2.75,10.190305,0.0,26.18,57.958476000000005,22.391047027,2.75,10.190305,0.0,26.18,58.618638000000004,21.246435767,2.75,10.190305,1.25,23.943942,58.588638,17.938159,1.84,10.190305,2.5,24.557884,58.518637999999996,15.462454,1.84,10.190305,3.75,25.301826,58.995574000000005,15.886164,1.84,9.3357702,3.75,26.18,59.475961999999996,16.794168,1.84,9.7581185,3.75,26.18,60.310945000000004,16.552814,1.33,9.7581185,4.194429,26.18,61.791857,16.516829,0.07,9.7581185,4.6506641,26.18,61.81277,16.607749,0.07,9.7581185,5.1393104,26.18,60.55368300000001,16.48738,0.07,9.7581185,5.5995264,26.18,61.343993999999995,16.410591,0.07,9.7581185,6.0645931,26.18,61.784304,16.261171,0.07,9.7581185,6.0645931,27.1097437,63.594615,15.815703,0.07,9.7581185,6.0645931,28.3776275,65.404927
135,price,1.2211543576174269,1.6770526054265158,1.3246673225664465,5,optimal,217933.56968175,179852.6805953207,984.262695267,121.622930616,31.61,4.75,0.0,9.43,17.05,99.688239725,31.5,4.75,0.0,9.5026614,17.05,94.418048134,29.810000000000002,4.75,0.0,11.502661,20.55,76.045648402,29.21,4.75,0.0,15.291996000000001,29.1603376,58.154207207000006,28.67,4.75,0.0,19.441331,37.770675,46.179441,23.689999999999998,4.75,0.0,23.530665,42.407011,41.289086,17.11,4.75,0.0,26.18,45.984024,43.245611366999995,14.030000000000001,4.75,0.0,26.18,47.59871,44.10963969,13.67,4.75,0.0,26.18,49.222274999999996,28.035753999999997,12.92,4.75,0.0,26.18,50.862858,30.153866999999998,10.690000000000001,4.75,0.0,26.18,52.517733,22.644237746,5.59,7.6904886,0.0,26.18,54.189645,20.278247027,2.75,9.3252542,0.0,26.18,55.875828999999996,20.414486997,2.75,10.249822,0.0,26.18,57.579074,21.096060022,2.75,10.749214,0.0,26.18,59.296565,21.998245178999998,2.75,11.114299,0.0,26.18,60.944764,24.894363707,2.75,11.215166,0.0,24.959335000000003,61.475391,20.651458112,1.84,11.215166,1.25,26.18,61.405390999999995,18.672171,1.84,11.215166,2.5,26.18,61.325390999999996,17.496251312,1.84,8.9219532,3.75,26.18,61.612634,14.499931512,1.84,8.9219532,5.1412115,26.18,62.135873000000004,14.361332,1.33,8.9219532,5.6361039,26.18,62.663201,14.279509,0.07,8.9219532,6.103259,26.18,63.366533,14.168417,0.07,8.9219532,6.614613,26.18,63.630535,14.19002,0.07,8.9219532,7.1257409,26.18,63.084537,14.14102,0.07,8.9219532,7.6307204,26.18,63.177712,14.455078511999998,0.07,9.3342622,7.6939592,26.18,68.17366200000001,13.079393,0.07,9.3342622,7.6939592,28.829334600000003,69.30999800000001
136,price,1.2615585574349986,0.8073971794113599,0.9011248699023051,6,optimal,202445.24268747,170730.7453312801,869.7868153480001,121.622930616,31.61,4.75,0.0,9.43,17.05,99.810616725,31.5,4.75,0.0,9.43,17.05,95.353679725,29.810000000000002,4.75,0.0,11.23225,19.4586523,33.554895800000004,29.21,8.8954646,0.0,14.174499,24.082375300000002,27.3428984,28.67,8.8954646,0.0,17.476748999999998,28.864430000000002,22.01984913,23.689999999999998,8.8954646,0.0,20.718998999999997,34.721742,19.38087108,17.11,8.8954646,0.0,22.521248999999997,40.579053,18.038702,14.030000000000001,8.8954646,0.0,24.323498,43.732991,17.0284,13.67,8.8954646,0.0,26.125748,47.394495000000006,17.259607,12.92,9.2476312,0.0,26.18,51.061739,17.892725,10.690000000000001,9.7152437,0.0,26.18,53.563675,18.747711,5.59,10.191613,0.0,26.18,55.379216,19.610756,2.75,10.672473,0.0,26.18,57.211868,20.483192,2.75,11.158566,0.0,26.18,59.064464,21.494307,2.75,11.651312,0.0,26.18,60.49992,22.788605,2.75,12.153849,0.0,26.18,61.045311999999996,25.547083,2.75,13.281247,0.0,24.112250000000003,61.595627,26.214837,1.84,13.556881,0.0,24.894499000000003,62.464774,23.304752,1.84,13.556881,1.25,25.806749000000003,62.712716,21.202812872,1.84,11.52052,2.5,26.18,63.048010000000005,19.192359,1.84,11.52052,3.75,26.18,63.620138,20.290135,1.33,11.52052,3.75,26.18,64.505495,21.493927,0.07,12.075849,3.75,26.18,64.77887,22.452977,0.07,12.615844,3.75,26.18,66.926182,23.545978,0.07,13.159758,3.75,26.18,68.263493,24.697206,0.07,13.709869,3.75,26.18,69.250805,24.983108,0.07,14.172305,3.75,26.331847200000002,75.108117,24.431894,0.07,14.172305,3.75,28.134096900000003,76.639903
137,price,1.2566741615867665,1.1611789813178497,0.8119296826873044,4,optimal,213189.2344091,181257.00988063548,877.7478230930001,121.622930616,31.61,4.75,0.0,9.43,17.05,100.41199672500001,31.5,4.75,0.0,11.053859,20.3608383,95.633904134,29.810000000000002,4.75,0.0,13.053859,23.8608383,45.579721,29.21,4.75,0.0,15.817719,29.138381000000003,36.893486,28.67,4.75,0.0,18.941578,34.415924000000004,29.418886,23.689999999999998,4.75,0.0,22.005437,39.693467,21.9237117,17.11,6.4383718,0.0,23.629297,43.212834,17.5629639,14.030000000000001,7.8088655,0.0,25.253155999999997,47.055057000000005,16.175612454,13.67,8.7531148,0.0,26.18,49.896811,17.07485032,12.92,9.1416175,0.0,26.18,51.658625,17.83318,10.690000000000001,9.6820672,0.0,26.18,53.437234000000004,18.679989,5.59,10.153881,0.0,26.18,55.23541,19.534696,2.75,10.630095,0.0,26.18,57.050356,20.39863,2.75,11.11145,0.0,26.18,58.884896999999995,21.270448,2.75,11.597198,0.0,26.18,60.668983999999995,23.061404322,2.75,11.597198,0.0,26.18,61.28003,22.338648922,2.75,11.597198,1.25,23.933858999999998,61.250029999999995,19.731954,1.84,11.597198,2.5,24.537719000000003,61.18003,17.418703,1.84,11.597198,3.75,25.271577999999998,61.735752,17.98324,1.84,10.410518,3.75,26.18,62.29628699999999,19.107051,1.84,10.932243,3.75,26.18,62.862504,20.112362,1.33,11.431569,3.75,26.18,64.276551,20.937174,0.07,11.958476,3.75,26.18,67.124094,21.968895,0.07,12.505706,3.75,26.18,68.691637,23.13435,0.07,13.046772,3.75,26.18,69.44918,24.357821,0.07,13.593944,3.75,26.18,69.856723,23.861211,0.07,13.422217,3.75,27.8038594,71.823427,23.720003,0.07,13.372681,3.75,29.051577700000003,73.022025
138,price,0.9079435092637034,1.0176297055383818,1.2245793477867424,2,optimal,161760.72837904,142562.09891250738,652.8792825520002,121.622930616,31.61,4.75,0.0,9.43,17.05,99.810616725,31.5,4.75,0.0,9.43,17.05,94.523140134,29.810000000000002,4.75,0.0,11.43,20.55,41.535039,29.21,5.432553,0.0,15.019159,28.5097657,23.6287869,28.67,6.9094808,0.0,18.968317,35.487204,16.7145901,23.689999999999998,6.9094808,0.0,22.857476,38.032905,14.66769523,17.11,6.9094808,0.0,25.306635,38.032905,14.375139149999999,14.030000000000001,6.9094808,0.0,26.18,38.12958,14.62168592,13.67,7.0381273,0.0,26.18,38.741806999999994,14.99799887,12.92,7.1901312,0.0,26.18,38.906773,15.36919489,10.690000000000001,7.3400679,0.0,26.18,39.069496,15.975508027,5.59,7.3400679,0.0,26.18,39.230699,16.429617023,2.75,7.3400679,0.0,26.18,39.806363,17.060047367,2.75,7.3400679,0.0,26.18,39.806363,12.95342,2.75,7.3400679,1.25,26.18,39.806363,9.9684681,2.75,7.3400679,2.5,26.18,39.806363,8.1805606,2.75,7.3400679,3.75,24.759158999999997,39.776363,7.6202929,1.84,7.3400679,3.75,26.18,39.925922,7.9140957,1.84,7.3400679,3.75,26.18,40.073949999999996,8.2034704,1.84,4.9631265,3.75,26.18,40.219747999999996,8.4898024,1.84,5.0718865,3.75,26.18,40.364012,8.7717117,1.33,5.1789667,3.75,26.18,40.506049,9.0492268,0.07,5.284795,3.75,26.18,40.651086,9.3493723,0.07,5.4079561,3.75,26.18,40.614824,9.7677747,0.07,5.5390787,3.75,26.18,39.768562,10.229195,0.07,5.6698083,3.75,26.18,38.5723,10.350132,0.07,5.7870533,3.75,26.18,39.628707,10.69977,0.07,5.8886056,3.75,26.18,39.118037
139,price,0.9659975711793951,1.0420652629312208,1.0256088575076163,0,optimal,170932.78956853,150256.65330876847,678.4308238060999,121.622930616,31.61,4.75,0.0,9.43,17.05,99.113507725,31.5,4.75,0.0,9.8439114,17.05,93.924489534,29.810000000000002,4.75,0.0,11.843911,20.55,40.986312999999996,29.21,5.8390163,0.0,15.035129000000001,27.216458,26.0342172,28.67,6.7931896,0.0,18.586347,33.882915,18.3097874,23.689999999999998,6.9080319,0.0,22.077565,38.711139,16.6044246,17.11,6.9080319,0.0,24.128782,38.711139,15.1710274,14.030000000000001,6.9435056,0.0,26.18,38.711139,16.085957,13.67,6.9435056,0.0,26.18,38.711139,16.925084899999998,12.92,6.9435056,0.0,26.18,38.933294000000004,17.742828799999998,10.690000000000001,6.9435056,0.0,26.18,39.631167000000005,18.820617646,5.59,6.9435056,0.0,26.18,39.801489000000004,13.6719870851,2.75,6.9435056,1.25,26.18,39.801489000000004,10.622323,2.75,6.9435056,2.5,26.18,39.801489000000004,8.1157174,2.75,6.9435056,3.75,26.18,39.801489000000004,8.5483648,2.75,6.9435056,3.75,26.18,40.019473000000005,10.07607,2.75,6.9435056,3.75,24.361218,40.236397,9.8831641,1.84,6.9435056,3.75,25.392435,40.452626,9.8365826,1.84,6.9435056,3.75,26.18,40.668524000000005,10.262991,1.84,5.821098,3.75,26.18,40.883364,10.68874,1.84,6.0187506,3.75,26.18,41.097873,11.043458,1.33,6.1906636,3.75,26.18,41.758779000000004,11.398987,0.07,6.3846808,3.75,26.18,42.405605,11.948905,0.07,6.5870128,3.75,26.18,41.772432,12.294369,0.07,6.7994227,3.75,26.18,42.599719,12.638111,0.07,6.9909444,3.75,26.18,43.406709000000006,12.737086,0.07,7.1733322,3.75,26.18,45.679504,13.322782,0.07,7.3500607,3.75,26.18,44.687933
140,price,1.0452173272779255,1.6709036640487425,0.7659821030814915,0,optimal,192405.57891629,161643.71268206416,862.3998235979998,121.622930616,31.61,4.75,0.0,9.43,17.05,100.458996725,31.5,4.75,0.0,11.43,20.55,95.680905134,29.810000000000002,4.75,0.0,13.43,24.05,73.320280102,29.21,4.75,0.0,16.101964,29.028883,61.145304357,28.67,4.75,0.0,19.133928,34.007768,48.865338,23.689999999999998,4.75,0.0,22.105893000000002,38.986650999999995,44.338543,17.11,4.75,0.0,23.637856999999997,42.765716999999995,41.228393,14.030000000000001,4.75,0.0,25.169821,45.446655,41.000731485,13.67,4.75,0.0,26.18,45.868705,22.990809,12.92,4.75,0.0,26.18,46.862351000000004,24.440262,10.690000000000001,4.75,0.0,26.18,47.593408,22.03763208,5.59,5.9176553,0.0,26.18,47.593408,16.441128545999998,2.75,5.9176553,1.25,26.18,47.593408,12.303972187,2.75,5.9176553,2.5,26.18,47.593408,8.9689266,2.75,5.9176553,3.75,26.18,47.593408,9.619303211999998,2.75,5.9176553,3.75,26.18,47.668098,11.637600511999999,2.75,6.9012824,3.75,23.841963999999997,47.974381,11.938498511999999,1.84,7.0307604,3.75,24.353928000000003,48.281588,12.155606,1.84,7.1314415,3.75,24.995893000000002,48.590101000000004,9.345314711999999,1.84,5.9096727,4.8923062,26.18,48.899155,9.1661232,1.84,5.9096727,5.1596409,26.18,50.191539,9.142089806,1.33,5.9096727,5.3829574,26.18,51.519485,8.984916111999999,0.07,5.9096727,5.7216885,26.18,51.387432000000004,9.0801378,0.07,5.9096727,6.0504542,26.18,49.975378000000006,9.3692895,0.07,5.9096727,6.3533162,26.18,47.753324000000006,9.4518045,0.07,5.9096727,6.6488135,26.18,47.087319,9.1623327,0.07,5.9096727,7.073389,25.711964000000002,48.566203,8.5026542,0.07,5.9096727,7.073389,26.775892199999998,50.045086
141,price,1.21112700205508,1.7225690520033852,1.2987842186731005,5,optimal,217133.10075387,179596.49023233622,974.0121020930002,121.622930616,31.61,4.75,0.0,9.43,17.05,99.339501725,31.5,4.75,0.0,9.7097263,17.05,94.118564934,29.810000000000002,4.75,0.0,11.709726,20.55,75.84969870200001,29.21,4.75,0.0,15.447295,28.9920978,58.200376507,28.67,4.75,0.0,19.544863,37.434195,46.221095,23.689999999999998,4.75,0.0,23.582431999999997,42.009505000000004,41.12064,17.11,4.75,0.0,26.18,45.866681,43.095022696,14.030000000000001,4.75,0.0,26.18,47.441796999999994,43.980296716,13.67,4.75,0.0,26.18,49.031852,27.748222000000002,12.92,4.75,0.0,26.18,50.63821,29.821627,10.690000000000001,4.75,0.0,26.18,52.258154,23.251905636,5.59,7.2650419,0.0,26.18,53.894423,20.115283907,2.75,9.2497302,0.0,26.18,55.544255,20.738989957,2.75,9.7911357,0.0,26.18,57.210435,20.882004012,2.75,10.663675,0.0,26.18,58.890157,21.770306076999997,2.75,11.02066,0.0,26.18,60.501787,24.684795507,2.75,11.117543,0.0,24.907567999999998,61.023326,20.362434942,1.84,11.117543,1.25,26.18,60.953326000000004,18.390165,1.84,11.117543,2.5,26.18,60.873326000000006,17.847398647000002,1.84,8.2903913,3.75,26.18,61.148644000000004,13.044903,1.84,8.2903913,5.6109011,26.18,61.65975,12.938228,1.33,8.2903913,6.0854278,26.18,62.174744000000004,12.859003,0.07,8.2903913,6.5410257,26.18,62.865533,12.744778,0.07,8.2903913,7.0472664,26.18,63.051885999999996,12.793145,0.07,8.2903913,7.540526,26.18,62.428238,13.731827,0.07,8.645984,7.6830847,26.18,61.454591,14.041975511999999,0.07,9.0729863,7.6830847,26.2577855,66.804788,12.696983,0.07,9.0729863,7.6830847,28.855354000000002,67.850533
142,price,0.9542084014962723,1.5709800876101485,1.140277015598409,7,optimal,176482.98009604,146812.80061504117,841.4922253213001,121.622930616,31.61,4.75,0.0,9.43,17.05,100.467478725,31.5,4.75,0.0,10.977784,20.3768981,95.689387134,29.810000000000002,4.75,0.0,12.977784,23.8768981,69.139477102,29.21,4.75,0.0,16.398338,31.288699,51.281225033,28.67,4.75,0.0,20.178892,38.700499,39.763605,23.689999999999998,4.75,0.0,23.899445999999998,42.691469,36.804767,17.11,4.75,0.0,26.18,42.691469,37.801894,14.030000000000001,4.75,0.0,26.18,43.421425,19.6359062,13.67,4.75,0.0,26.18,44.152868,20.504385,12.92,4.75,0.0,26.18,44.882344,18.658174000000002,10.690000000000001,5.6169961,0.0,26.18,45.607304,15.676967607,5.59,7.1510207,0.0,26.18,46.330291,14.927613657000002,2.75,7.9968328,0.0,26.18,47.04877,15.2317035751,2.75,8.1938314,0.0,26.18,47.765269,15.5467044781,2.75,8.3806481,0.0,26.18,48.477266,15.8608279591,2.75,8.5669444,0.0,26.18,49.187278,17.181819462,2.75,9.0339537,0.0,24.590553999999997,50.810055,16.663333,1.84,9.0339537,0.0,25.851108000000004,50.740055,16.933029,1.84,9.1218729,0.0,26.18,50.876587,16.857829446,1.84,6.4689509,1.25,26.18,50.786587,12.432682427,1.84,6.4689509,2.5,26.18,50.506586999999996,9.3008372,1.33,6.4689509,3.75,26.18,50.474486,9.6451927,0.07,6.4689509,3.75,26.18,50.989103,10.110067,0.07,6.4689509,3.75,26.18,50.699934,10.608118,0.07,6.4689509,3.7866289,26.18,49.600766,10.790283,0.07,6.4689509,3.9749684,26.18,48.151597,10.968148,0.07,6.4689509,4.1622752,26.18,46.569013,11.387839,0.07,6.4689509,4.3582461,26.18,43.262703
143,price,0.9102268395849853,0.8847796180537849,1.1995686609856462,3,optimal,159016.06637764,139426.94567353936,659.2305443903,121.622930616,31.61,4.75,0.0,9.43,17.05,99.810616725,31.5,4.75,0.0,9.43,17.05,95.348253725,29.810000000000002,4.75,0.0,11.43,19.0044383,34.921153,29.21,7.2040745,0.0,14.969137,26.8016346,24.5093003,28.67,7.2040745,0.0,18.868275,32.594045,17.030099,23.689999999999998,7.2040745,0.0,22.707411999999998,36.792535,15.00717077,17.11,7.2040745,0.0,25.106549,36.792535,14.242089232,14.030000000000001,7.2040745,0.0,26.18,38.135166999999996,14.586216499999999,13.67,7.2040745,0.0,26.18,38.686475,15.052276030000002,12.92,7.2040745,0.0,26.18,38.853691,15.42870861,10.690000000000001,7.3561266,0.0,26.18,39.018709,15.8009047851,5.59,7.5068207,0.0,26.18,39.182254,16.168969165100002,2.75,7.6554929,0.0,26.18,39.343605,16.4091499251,2.75,7.8007539,0.0,26.18,39.884916,17.081872307,2.75,7.8007539,0.0,26.18,39.992512,13.384918,2.75,7.8007539,1.25,26.18,39.992512,11.222911,2.75,7.8007539,2.5,24.709137,39.962512,7.7536951,1.84,7.8007539,3.75,26.088275000000003,39.892511999999996,7.9974637,1.84,7.8007539,3.75,26.18,40.04321,8.2922281,1.84,4.9938264,3.75,26.18,40.191722999999996,8.5840435,1.84,5.1046693,3.75,26.18,40.33875,8.8715276,1.33,5.213867,3.75,26.18,40.483594999999994,9.1290597,0.07,5.3200581,3.75,26.18,40.798002,9.4469711,0.07,5.4463793,3.75,26.18,40.686707999999996,9.8832409,0.07,5.589211,3.75,26.18,39.765414,10.362626,0.07,5.7231202,3.75,26.18,38.494119,10.479213,0.07,5.8428057,3.75,26.18,39.620999,10.802936,0.07,5.9460863,3.75,26.18,39.337106999999996
144,price,0.9336019071107099,1.0439149174868705,0.8041699506212835,6,optimal,165132.63683545,143750.01096864292,690.8845088485001,121.622930616,31.61,4.75,0.0,9.43,17.05,100.052009725,31.5,4.75,0.0,10.98311,20.0317657,95.273918134,29.810000000000002,4.75,0.0,12.98311,23.5317657,40.827335,29.21,5.290987,0.0,15.73145,28.758871,25.596141799999998,28.67,6.6923783,0.0,18.83979,33.985974999999996,17.9342985,23.689999999999998,6.9399357,0.0,21.888129999999997,38.999001,15.8253256,17.11,6.9399357,0.0,23.496470000000002,41.813596000000004,13.84700983,14.030000000000001,7.1618217,0.0,25.10481,43.775937,13.45108926,13.67,7.1618217,0.0,26.18,43.775937,13.75287005,12.92,7.3162642,0.0,26.18,44.420686,14.04184864,10.690000000000001,7.4876479,0.0,26.18,45.073865,14.3284304351,5.59,7.6581287,0.0,26.18,45.723601,14.6132503751,2.75,7.8270462,0.0,26.18,46.33532099999999,14.8965438651,2.75,7.9950588,0.0,26.18,46.943764,15.2978927551,2.75,8.1634975,0.0,26.18,47.176845,15.772726488099998,2.75,8.3322651,0.0,26.18,47.176845,17.808829068,2.75,9.167897,0.0,23.91834,47.146845,17.891704,1.84,9.167897,0.0,24.506680000000003,47.076845,14.330265,1.84,9.167897,1.25,25.22502,46.99684499999999,12.111143207000001,1.84,5.7246101,2.5,26.18,46.942108,8.540591,1.84,5.7246101,3.75,26.18,47.117418,8.8295123,1.33,5.7246101,3.75,26.18,47.652153,9.2007107,0.07,5.7246101,3.75,26.18,47.634663,9.7649025,0.07,5.9122816,3.75,26.18,46.337173,10.44849,0.07,6.080903,3.75,26.18,44.229683,11.176199,0.07,6.2496096,3.75,26.18,41.772192000000004,11.588533,0.07,6.4061544,3.75,26.18,41.202936,12.060008,0.07,6.6731557,3.75,25.788339999999998,41.854917
145,price,1.0436239316705271,0.795907065087627,0.8963536814528932,6,optimal,173556.61203845,148187.346196939,758.8928627784001,121.622930616,31.61,4.75,0.0,9.43,17.05,99.810616725,31.5,4.75,0.0,9.43,17.05,94.822952134,29.810000000000002,4.75,0.0,11.222707,20.55,33.8932912,29.21,8.1776548,0.0,14.155415000000001,25.743169899999998,27.3321787,28.67,8.1776548,0.0,17.448121999999998,28.880408000000003,21.807051610000002,23.689999999999998,8.1776548,0.0,20.680829000000003,32.017646,18.274674700000002,17.11,8.1776548,0.0,22.473537,37.843945,16.411576,14.030000000000001,8.1776548,0.0,24.266244,40.533006,14.88622,13.67,8.1776548,0.0,26.058951999999998,44.053906,14.747823,12.92,8.1776548,0.0,26.18,46.88556,15.38826435,10.690000000000001,8.2363779,0.0,26.18,47.637592999999995,16.0726621281,5.59,8.5131796,0.0,26.18,47.938,16.759107508299998,2.75,8.7904551,0.0,26.18,48.238921,17.46566,2.75,9.0689005,0.0,26.18,48.541112,18.184021,2.75,9.3478183,0.0,26.18,48.843815,18.905398,2.75,9.6279072,0.0,26.18,49.14779,20.868873,2.75,10.528027,0.0,24.102707000000002,50.127159,21.015552,1.84,10.57701,0.0,24.875414999999997,50.541461,17.531199,1.84,10.57701,1.25,25.778122000000003,50.461461,15.100225107,1.84,7.8568709,2.5,26.18,50.371461,12.429906,1.84,7.8568709,3.75,26.18,50.448845,12.906847,1.33,7.8568709,3.75,26.18,51.642145,13.52979,0.07,7.8568709,3.75,26.18,51.901206,14.350466,0.07,8.1726569,3.75,26.18,50.880267,15.295421,0.07,8.4715085,3.75,26.18,49.049328,16.341431,0.07,8.7645181,3.75,26.18,48.463974,16.316675,0.07,9.0405173,3.75,26.18,51.153036,16.82205,0.07,9.303948,3.75,26.18,52.191956
146,price,1.0307319506874728,1.4887235040513371,0.8560977761589503,7,optimal,187099.37288159,155050.45484696122,885.0029994411,121.622930616,31.61,4.75,0.0,9.43,17.05,100.59620372500001,31.5,4.75,0.0,11.142196,20.55,95.818111134,29.810000000000002,4.75,0.0,13.142196,24.05,70.881478302,29.21,4.75,0.0,15.994391,29.614635,58.853980662,28.67,4.75,0.0,19.206587,35.179271,46.090078,23.689999999999998,4.75,0.0,22.358781999999998,40.743907,42.23332,17.11,4.75,0.0,24.070977999999997,43.740249000000006,20.690157,14.030000000000001,4.75,0.0,25.783172999999998,44.850481,21.366034,13.67,4.75,0.0,26.18,45.60608,19.2212612,12.92,5.8137627,0.0,26.18,46.596736,16.3067956,10.690000000000001,7.4375563,0.0,26.18,47.588269,16.800336907,5.59,7.6641944,0.0,26.18,48.583278,16.0342043251,2.75,8.6697687,0.0,26.18,49.579162,16.50424906,2.75,8.9142834,0.0,26.18,50.578525,16.965934512,2.75,9.1854322,0.0,26.18,51.578759,17.430652,2.75,9.4577921,0.0,26.18,52.582476,19.010763,2.75,10.361928,0.0,24.022196,54.86548,19.129754,1.84,10.420607,0.0,24.714391,55.416787,19.364359,1.84,10.444612,0.0,25.536586999999997,55.336787,17.804377146,1.84,8.1662056,1.25,26.18,55.246787,14.345907252,1.84,8.1662056,2.5,26.18,54.966787,11.666728,1.33,8.1662056,3.75,26.18,56.450663,12.273785,0.07,8.1662056,3.75,26.18,56.588957,13.07802,0.07,8.1662056,3.75,26.18,55.44725,14.00596,0.07,8.1662056,3.75,26.18,53.495543,14.91327,0.07,8.4231913,3.7789767,26.18,51.193837,15.652624,0.07,8.7014214,3.7789767,26.18,50.26213,16.341725,0.07,9.0366815,3.7789767,25.892196,50.972651
147,price,1.1154377813735037,1.6765061115969186,1.18669213835487,6,optimal,202068.36471723,166123.9358992678,944.2066679229999,121.622930616,31.61,4.75,0.0,9.43,17.05,97.82834892500001,31.5,4.75,0.0,10.606463,17.4755889,92.921204434,29.810000000000002,4.75,0.0,12.606463,20.975588899999998,74.096405902,29.21,4.75,0.0,16.119847,28.6890873,57.059715102,28.67,4.75,0.0,19.993231,36.402587,45.103623,23.689999999999998,4.75,0.0,23.806615999999998,40.556009,39.513195,17.11,4.75,0.0,26.18,44.709432,41.226138,14.030000000000001,4.75,0.0,26.18,45.944411,42.280508250000004,13.67,4.75,0.0,26.18,47.214676999999995,25.004361,12.92,4.75,0.0,26.18,48.49444,26.65112,10.690000000000001,4.75,0.0,26.18,49.781048,21.354990246,5.59,6.8738217,0.0,26.18,51.077166,18.560149487,2.75,8.5290186,0.0,26.18,52.380116,18.695031107000002,2.75,9.2300681,0.0,26.18,53.692587,18.839307642,2.75,9.8473945,0.0,26.18,55.011880000000005,19.539202952,2.75,10.127079,0.0,26.18,56.340705,21.206242365,2.75,10.653199,0.0,24.683383999999997,58.512449000000004,21.174012367,1.84,10.653199,0.0,26.036769,58.442448999999996,18.40903,1.84,10.653199,1.25,26.18,58.362449,17.691409356,1.84,8.1010824,2.5,26.18,58.272448999999995,14.465994171999998,1.84,8.1010824,3.75,26.18,58.436724999999996,13.070911,1.33,8.1010824,4.5290701,26.18,58.834007,12.986691,0.07,8.1010824,4.873246,26.18,59.615976,12.92711,0.07,8.1010824,5.2689429,26.18,59.466053,13.031994,0.07,8.1010824,5.6490863,26.18,58.506129,13.180555,0.07,8.1010824,6.0327041,26.18,57.196206000000004,12.908585,0.07,8.1010824,6.4025078,26.18,58.90317,12.857902,0.07,8.1010824,6.4496447,26.874268,60.199488
148,price,1.0631674970145546,1.2334004700182888,0.9771086078922693,1,optimal,187837.72062451,161564.27597629002,783.9572460149999,121.622930616,31.61,4.75,0.0,9.43,17.05,100.73065372500001,31.5,4.75,0.0,10.328914,20.338314099999998,95.952562134,29.810000000000002,4.75,0.0,12.328914,23.838314099999998,71.25003240000001,29.21,4.75,0.0,15.423131,30.18952,33.0364,28.67,4.75,0.0,18.877348,36.540726,25.50596,23.689999999999998,4.75,0.0,22.271566,40.098631999999995,21.807557,17.11,4.8099176,0.0,24.225783,45.126464,18.3845269,14.030000000000001,5.521372,0.0,26.18,45.126464,15.6255772,13.67,7.1263646,0.0,26.18,46.167488,15.34331225,12.92,7.9051665,0.0,26.18,47.137102,16.6542932,10.690000000000001,7.9051665,0.0,26.18,47.137102,17.969558807000002,5.59,7.9051665,0.0,26.18,47.137102,19.278825946,2.75,7.9051665,0.0,26.18,47.137102,14.887440837,2.75,7.9051665,1.25,26.18,47.137102,12.45717,2.75,7.9051665,2.5,26.18,47.137102,10.12992,2.75,7.9051665,3.75,26.18,47.462726,11.933685,2.75,7.9051665,3.75,24.264217000000002,47.789257,12.020777,1.84,7.9051665,3.75,25.198434,48.117078,12.082635,1.84,7.9051665,3.75,26.18,48.446576,12.738407,1.84,7.3516121,3.75,26.18,48.776978,13.39751,1.84,7.6575986,3.75,26.18,49.109059,13.938617,1.33,7.9378766,3.75,26.18,50.219617,14.576525,0.07,8.2453244,3.75,26.18,50.720943000000005,15.413008,0.07,8.5828294,3.75,26.18,49.942269,16.050979,0.07,8.8924804,3.75,26.18,50.612679,16.602712,0.07,9.1998877,3.75,26.18,51.881879,16.959572,0.07,9.5015932,3.75,26.18,54.237729,17.606098,0.07,9.8052552,3.75,26.134217,54.950628
149,price,0.9552144686850184,1.1666530136713658,1.0279296459850322,7,optimal,170069.19956029,146812.21674652657,722.3534127005004,121.622930616,31.61,4.75,0.0,9.43,17.05,98.98112672500001,31.5,4.75,0.0,9.8207035,18.6735303,94.20303483400001,29.810000000000002,4.75,0.0,11.820704,22.1735303,45.382079000000004,29.21,4.75,0.0,15.016563000000001,28.855073,30.698196,28.67,5.2560169,0.0,18.572422,35.536616,22.6609905,23.689999999999998,5.2560169,0.0,22.068281,39.203587999999996,18.6050948,17.11,5.4894051,0.0,24.124141,42.801341,14.261026399999999,14.030000000000001,6.4920399,0.0,26.18,43.454559,13.64283555,13.67,7.2510059,0.0,26.18,44.171975,13.96708852,12.92,7.4433098,0.0,26.18,44.904883,14.289375419999999,10.690000000000001,7.634448,0.0,26.18,45.633348,14.6099473251,5.59,7.8250871,0.0,26.18,46.359911999999994,14.9294290151,2.75,8.0145617,0.0,26.18,47.082038,15.2480679461,2.75,8.203536,0.0,26.18,47.802256,15.5647444141,2.75,8.391347,0.0,26.18,48.482398,15.8805763271,2.75,8.5786566,0.0,26.18,49.160724,17.692123762,2.75,9.1892859,0.0,24.365859,49.519211,17.408031,1.84,9.1892859,0.0,25.401719,49.449211000000005,17.435409,1.84,9.1892859,0.0,26.18,49.369211,15.938335346,1.84,7.0429333,1.25,26.18,49.279211000000004,12.102296,1.84,7.0429333,2.5,26.18,48.999211,9.5260809,1.33,7.0429333,3.75,26.18,49.199397000000005,9.8516883,0.07,7.0429333,3.75,26.18,49.853185999999994,10.37122,0.07,7.0429333,3.75,26.18,49.226974999999996,11.011107,0.07,6.5369164,3.75,26.18,47.790763999999996,11.696044,0.07,6.7282911,3.75,26.18,46.004553,11.94298,0.07,6.9036005,3.75,26.18,47.003788,12.831554,0.07,7.1008257,3.75,26.18,43.698840000000004
